dataset,texture_type,model,method,param_id,screen_sigma_px,screen_sigma_screen,cone_sigma_deg,cone_radius_sigma_mult,status,error_type,error_message,elapsed_sec,report_path,stdout_log_path,gt_file,gt_match_type,n_vertices,n_faces,n_gt_covered,gt_coverage_pct,gt_smoothed,num_points,num_frames_with_points,projection_fov_mode,input_fov_deg,effective_vertical_fov_deg,nonzero_verts_or_faces,culled_back,hit_rate,successful_hits,total_gaze_points,CC,SIM,KLD,MSE,MAE,Spearman,Cosine,AUC_Judd_gt_top_10pct_proxy,AUC_Judd_gt_top_5pct_proxy,AUC_Judd_gt_top_1pct_proxy,NSS_gt_top_10pct_proxy,NSS_gt_top_5pct_proxy,NSS_gt_top_1pct_proxy,PredictionSum,GroundTruthSum,gt_mass_on_pred_zero,pred_mass_on_pred_zero,pred_count_zero,gt_mass_on_pred_le_1e_8,pred_mass_on_pred_le_1e_8,pred_count_le_1e_8,gt_mass_on_pred_le_1e_6,pred_mass_on_pred_le_1e_6,pred_count_le_1e_6,top100_kld_contrib_sum,top100_kld_gt_mass,top100_kld_pred_mass
meshmamba,non_texture,Flying_saucer_v1_L3,cone,cone_sigma5_radius5,,,5.0,5.0,ok,,,307.495,/home/29d_kon@lab.graphicon.ru/ssd1_link/projects/REPROJECTING/outputs/KLD_diagnostic_20260602_064256/MeshMamba_non_texture/cone/cone_sigma5_radius5/Flying_saucer_v1_L3/sweep_cone_sigma5_radius5_recenter_rotx90p0_horizontaltovertical_blender_rig/Flying_saucer_v1_L3_report.json,/home/29d_kon@lab.graphicon.ru/ssd1_link/projects/REPROJECTING/outputs/KLD_diagnostic_20260602_064256/_logs/MeshMamba_non_texture/cone/cone_sigma5_radius5/Flying_saucer_v1_L3.log,Flying_saucer_v1_L3.csv,,,32868,,,,28082,510,horizontal_to_vertical,60.000001669652114,35.98339890412515,32868,,0.9065593618688128,25458,28082,-0.015219497848333954,0.48303542744726014,0.9589598244739652,0.16370239634311867,0.31134446337181204,0.2833138472240663,0.48088488430571324,0.43476848905646986,0.3490183053711881,0.37307641398477076,-0.3922381212666007,-0.6152007275187621,-0.5893488198572078,102118876.95172736,3754.2624929999997,0.0,0.0,0.0,0.0,0.0,0.0,0.0,0.0,0.0,0.06619351266026956,0.026087074141088833,0.0020641162189583263
meshmamba,non_texture,Flying_saucer_v1_L3,screen_space,screen_sigmascreen0p1,,0.1,,,ok,,,10.230,/home/29d_kon@lab.graphicon.ru/ssd1_link/projects/REPROJECTING/outputs/KLD_diagnostic_20260602_064256/MeshMamba_non_texture/screen_space/screen_sigmascreen0p1/Flying_saucer_v1_L3/sweep_screen_sigmascreen0p1_recenter_rotx90p0_horizontaltovertical_blender_rig/Flying_saucer_v1_L3_report.json,/home/29d_kon@lab.graphicon.ru/ssd1_link/projects/REPROJECTING/outputs/KLD_diagnostic_20260602_064256/_logs/MeshMamba_non_texture/screen_space/screen_sigmascreen0p1/Flying_saucer_v1_L3.log,Flying_saucer_v1_L3.csv,,,32868,,,,28082,510,horizontal_to_vertical,60.000001669652114,35.98339890412515,24960,8611747,,,28082,0.10308134355302806,0.4411934196320495,4.599091089262789,0.1693013329626325,0.32731263900452945,0.08055243140327752,0.48678324709390375,0.5477077388341193,0.5873023289683585,0.5924251197837788,0.19842996341322625,0.3400833740202715,0.35268876019412376,1.8384460877133728,3754.2624929999997,0.22773080507666038,0.0,7908.0,0.22773080507666038,0.0,7908.0,0.2278880724497066,3.6401492003989045e-06,7913.0,0.45992336045931687,0.023839744335106623,0.0
meshmamba,non_texture,MushroomShitake_L3,cone,cone_sigma5_radius7,,,5.0,7.0,ok,,,253.391,/home/29d_kon@lab.graphicon.ru/ssd1_link/projects/REPROJECTING/outputs/KLD_diagnostic_20260602_064256/MeshMamba_non_texture/cone/cone_sigma5_radius7/MushroomShitake_L3/sweep_cone_sigma5_radius7_recenter_rotx90p0_horizontaltovertical_blender_rig/MushroomShitake_L3_report.json,/home/29d_kon@lab.graphicon.ru/ssd1_link/projects/REPROJECTING/outputs/KLD_diagnostic_20260602_064256/_logs/MeshMamba_non_texture/cone/cone_sigma5_radius7/MushroomShitake_L3.log,MushroomShitake_v1-L3.csv,,,32868,,,,24428,510,horizontal_to_vertical,60.000001669652114,35.98339890412515,32868,,0.937366955952186,22898,24428,-0.060384908807298424,0.6483568830880779,0.42906259841475214,0.09193143756755327,0.236249762207366,-0.12897976111812756,0.7188600961860302,0.4464229628316477,0.4427366099008,0.5488996089892035,-0.03708417105036655,-0.045671417928983264,0.2840100767321997,54900775.401027545,5643.052412,0.0,0.0,0.0,0.0,0.0,0.0,0.0,0.0,0.0,0.026635011953023206,0.014487759466161768,0.0023093985438778016
meshmamba,non_texture,MushroomShitake_L3,screen_space,screen_sigmascreen0p1,,0.1,,,ok,,,11.325,/home/29d_kon@lab.graphicon.ru/ssd1_link/projects/REPROJECTING/outputs/KLD_diagnostic_20260602_064256/MeshMamba_non_texture/screen_space/screen_sigmascreen0p1/MushroomShitake_L3/sweep_screen_sigmascreen0p1_recenter_rotx90p0_horizontaltovertical_blender_rig/MushroomShitake_L3_report.json,/home/29d_kon@lab.graphicon.ru/ssd1_link/projects/REPROJECTING/outputs/KLD_diagnostic_20260602_064256/_logs/MeshMamba_non_texture/screen_space/screen_sigmascreen0p1/MushroomShitake_L3.log,MushroomShitake_v1-L3.csv,,,32868,,,,24428,510,horizontal_to_vertical,60.000001669652114,35.98339890412515,24103,10220040,,,24428,-0.09828390891729205,0.5361482992639431,5.000513716780276,0.18096438630796502,0.3438855518642302,-0.08281532663960206,0.56441865967289,0.42093420439926477,0.38988040969794896,0.33780352050767976,-0.24849799617725127,-0.3654384195648055,-0.5678272049246648,1.118057617178391,5643.052412,0.2748828863792591,0.0,8765.0,0.2748828863792591,0.0,8765.0,0.27505937756298127,4.766211752689266e-06,8772.0,0.26049328442577224,0.01389182596165474,0.0
meshmamba,non_texture,Spinning_Top_v1_L3,cone,cone_sigma5_radius7,,,5.0,7.0,ok,,,234.935,/home/29d_kon@lab.graphicon.ru/ssd1_link/projects/REPROJECTING/outputs/KLD_diagnostic_20260602_064256/MeshMamba_non_texture/cone/cone_sigma5_radius7/Spinning_Top_v1_L3/sweep_cone_sigma5_radius7_recenter_rotx90p0_horizontaltovertical_blender_rig/Spinning_Top_v1_L3_report.json,/home/29d_kon@lab.graphicon.ru/ssd1_link/projects/REPROJECTING/outputs/KLD_diagnostic_20260602_064256/_logs/MeshMamba_non_texture/cone/cone_sigma5_radius7/Spinning_Top_v1_L3.log,Spinning_Top_v1_L3.csv,,,32868,,,,22917,510,horizontal_to_vertical,60.000001669652114,35.98339890412515,32868,,0.9158266788846707,20988,22917,-0.38330680295516684,0.4157970468389087,1.107660059755147,0.24677222878593608,0.41810868781861793,-0.3589756558000471,0.4281888193003851,0.2262574613879828,0.4141489807110757,0.4870052593422847,-0.7274495245877504,-0.31681451671512273,-0.16438783890627953,97561218.32272103,7172.3753830000005,0.0,0.0,0.0,0.0,0.0,0.0,0.0,0.0,0.0,0.03514629575486254,0.0130271624128126,0.0008783100370978204
meshmamba,non_texture,Spinning_Top_v1_L3,screen_space,screen_sigmascreen0p2,,0.2,,,ok,,,15.346,/home/29d_kon@lab.graphicon.ru/ssd1_link/projects/REPROJECTING/outputs/KLD_diagnostic_20260602_064256/MeshMamba_non_texture/screen_space/screen_sigmascreen0p2/Spinning_Top_v1_L3/sweep_screen_sigmascreen0p2_recenter_rotx90p0_horizontaltovertical_blender_rig/Spinning_Top_v1_L3_report.json,/home/29d_kon@lab.graphicon.ru/ssd1_link/projects/REPROJECTING/outputs/KLD_diagnostic_20260602_064256/_logs/MeshMamba_non_texture/screen_space/screen_sigmascreen0p2/Spinning_Top_v1_L3.log,Spinning_Top_v1_L3.csv,,,32868,,,,22917,510,horizontal_to_vertical,60.000001669652114,35.98339890412515,26780,8938830,,,22917,-0.2669106050243649,0.42679831995867273,5.128010638742884,0.2116087317990583,0.3940153335933153,-0.193439157373659,0.44181920951446413,0.36564656041240917,0.5642125099664429,0.7142647434254951,-0.465849143372814,0.11280863179841792,0.5219445687213913,0.8756441113245752,7172.3753830000005,0.26134938983296097,0.0,6088.0,0.26134938983296097,0.0,6088.0,0.26134938983296097,0.0,6088.0,0.22595594331715485,0.012138333027904765,0.0
meshmamba,non_texture,Starfruit_L3,cone,cone_sigma5_radius7,,,5.0,7.0,ok,,,213.642,/home/29d_kon@lab.graphicon.ru/ssd1_link/projects/REPROJECTING/outputs/KLD_diagnostic_20260602_064256/MeshMamba_non_texture/cone/cone_sigma5_radius7/Starfruit_L3/sweep_cone_sigma5_radius7_recenter_rotx90p0_horizontaltovertical_blender_rig/Starfruit_L3_report.json,/home/29d_kon@lab.graphicon.ru/ssd1_link/projects/REPROJECTING/outputs/KLD_diagnostic_20260602_064256/_logs/MeshMamba_non_texture/cone/cone_sigma5_radius7/Starfruit_L3.log,Starfruit-L3.csv,,,32868,,,,21592,510,horizontal_to_vertical,60.000001669652114,35.98339890412515,32868,,0.9428492034086698,20358,21592,-0.31358661805577437,0.6845822905343424,0.3159817051133146,0.14649527057093195,0.31454211490059486,-0.3677332766620868,0.7657738730564205,0.44409062617556205,0.4367082950727901,0.3029278123207961,-0.09204833634381997,-0.10669812963834131,-0.6589053108443458,139138909.51859546,10666.68505,0.0,0.0,0.0,0.0,0.0,0.0,0.0,0.0,0.0,0.010947104949966592,0.00824092382853284,0.0021864943477568188
meshmamba,non_texture,Starfruit_L3,screen_space,screen_sigmascreen0p2,,0.2,,,ok,,,15.855,/home/29d_kon@lab.graphicon.ru/ssd1_link/projects/REPROJECTING/outputs/KLD_diagnostic_20260602_064256/MeshMamba_non_texture/screen_space/screen_sigmascreen0p2/Starfruit_L3/sweep_screen_sigmascreen0p2_recenter_rotx90p0_horizontaltovertical_blender_rig/Starfruit_L3_report.json,/home/29d_kon@lab.graphicon.ru/ssd1_link/projects/REPROJECTING/outputs/KLD_diagnostic_20260602_064256/_logs/MeshMamba_non_texture/screen_space/screen_sigmascreen0p2/Starfruit_L3.log,Starfruit-L3.csv,,,32868,,,,21592,510,horizontal_to_vertical,60.000001669652114,35.98339890412515,32363,8949606,,,21592,-0.21762454616995164,0.7082947704460371,0.6330415058205039,0.08400285152162862,0.24081579399501218,-0.274300220201047,0.8016419099705848,0.472874601598986,0.4958320748653634,0.45903008510432786,0.04522389484829596,0.11007284093999582,0.0014207670632204522,0.9155320059149588,10666.68505,0.022329086017215817,0.0,505.0,0.022329086017215817,0.0,505.0,0.02242001567300424,5.922148668294515e-07,507.0,0.09147501920103845,0.005151243684653463,0.0
meshmamba,non_texture,ball_car_v1_L3,cone,cone_sigma5_radius7,,,5.0,7.0,ok,,,234.455,/home/29d_kon@lab.graphicon.ru/ssd1_link/projects/REPROJECTING/outputs/KLD_diagnostic_20260602_064256/MeshMamba_non_texture/cone/cone_sigma5_radius7/ball_car_v1_L3/sweep_cone_sigma5_radius7_recenter_rotx90p0_horizontaltovertical_blender_rig/ball_car_v1_L3_report.json,/home/29d_kon@lab.graphicon.ru/ssd1_link/projects/REPROJECTING/outputs/KLD_diagnostic_20260602_064256/_logs/MeshMamba_non_texture/cone/cone_sigma5_radius7/ball_car_v1_L3.log,ball_car_v1_L3.csv,,,32868,,,,23557,510,horizontal_to_vertical,60.000001669652114,35.98339890412515,32868,,0.8813091650040328,20761,23557,0.03907276270417012,0.6208080865608079,0.7303170074866958,0.18840258272142055,0.3559804651588946,0.07230799523728276,0.6586557408561086,0.5244039901495327,0.4561088256085998,0.23803766553318154,0.0998675306323002,-0.1091512671339996,-0.8230739898341217,35625406.379416585,4009.4820019999997,0.0,0.0,0.0,0.0,0.0,0.0,0.0,0.0,0.0,0.10356580886784006,0.020841526900062638,0.00014657725788530464
meshmamba,non_texture,ball_car_v1_L3,screen_space,screen_sigmascreen0p2,,0.2,,,ok,,,14.464,/home/29d_kon@lab.graphicon.ru/ssd1_link/projects/REPROJECTING/outputs/KLD_diagnostic_20260602_064256/MeshMamba_non_texture/screen_space/screen_sigmascreen0p2/ball_car_v1_L3/sweep_screen_sigmascreen0p2_recenter_rotx90p0_horizontaltovertical_blender_rig/ball_car_v1_L3_report.json,/home/29d_kon@lab.graphicon.ru/ssd1_link/projects/REPROJECTING/outputs/KLD_diagnostic_20260602_064256/_logs/MeshMamba_non_texture/screen_space/screen_sigmascreen0p2/ball_car_v1_L3.log,ball_car_v1_L3.csv,,,32868,,,,23557,510,horizontal_to_vertical,60.000001669652114,35.98339890412515,28134,10341402,,,23557,0.050636914367184344,0.6258562609643313,3.346940528555378,0.14063283879476648,0.32078012578594456,0.08948778159335391,0.6647639915840611,0.5600190900705501,0.5063860528553431,0.3541914304191061,0.15806807508307016,-0.00021494832346319743,-0.7839813446226076,0.6110203703843802,4009.4820019999997,0.17971206371311205,0.0,4734.0,0.17971206371311205,0.0,4734.0,0.17971206371311205,0.0,4734.0,0.3996636385072229,0.020855597296181604,0.0
meshmamba,non_texture,football_v2_L3,cone,cone_sigma5_radius7,,,5.0,7.0,ok,,,255.643,/home/29d_kon@lab.graphicon.ru/ssd1_link/projects/REPROJECTING/outputs/KLD_diagnostic_20260602_064256/MeshMamba_non_texture/cone/cone_sigma5_radius7/football_v2_L3/sweep_cone_sigma5_radius7_recenter_rotx90p0_horizontaltovertical_blender_rig/football_v2_L3_report.json,/home/29d_kon@lab.graphicon.ru/ssd1_link/projects/REPROJECTING/outputs/KLD_diagnostic_20260602_064256/_logs/MeshMamba_non_texture/cone/cone_sigma5_radius7/football_v2_L3.log,football_v2_L3.csv,,,32868,,,,24932,510,horizontal_to_vertical,60.000001669652114,35.98339890412515,32868,,0.8886170383442965,22155,24932,0.017880893531021062,0.6216664898026887,0.5632005725386472,0.1571730276963555,0.32359310887115417,0.004609871196785167,0.6809838040423793,0.5345277759148366,0.5300952192710954,0.3772040771088722,0.12838074121734794,0.11747360525102546,-0.41456562950737536,61611462.68691349,5217.903039,0.0,0.0,0.0,0.0,0.0,0.0,0.0,0.0,0.0,0.04015630648863204,0.01492642895390529,0.001125265244857672
meshmamba,non_texture,football_v2_L3,screen_space,screen_sigmascreen0p2,,0.2,,,ok,,,14.186,/home/29d_kon@lab.graphicon.ru/ssd1_link/projects/REPROJECTING/outputs/KLD_diagnostic_20260602_064256/MeshMamba_non_texture/screen_space/screen_sigmascreen0p2/football_v2_L3/sweep_screen_sigmascreen0p2_recenter_rotx90p0_horizontaltovertical_blender_rig/football_v2_L3_report.json,/home/29d_kon@lab.graphicon.ru/ssd1_link/projects/REPROJECTING/outputs/KLD_diagnostic_20260602_064256/_logs/MeshMamba_non_texture/screen_space/screen_sigmascreen0p2/football_v2_L3.log,football_v2_L3.csv,,,32868,,,,24932,510,horizontal_to_vertical,60.000001669652114,35.98339890412515,29105,9868221,,,24932,-0.06778659705739254,0.6041608006564225,2.3085469442988273,0.1420797650611795,0.316091804693024,-0.052863349177303724,0.6541475101478313,0.4515266497613196,0.43810660688671077,0.3111778141189656,-0.1549626803255473,-0.16255665510634695,-0.42549941041679806,0.7303793508887273,5217.903039,0.11512283430914863,0.0,3763.0,0.11512283430914863,0.0,3763.0,0.11539591527469165,6.398277290980199e-06,3774.0,0.17284317374812003,0.009410899672334829,0.0
meshmamba,rgb_texture,Flying_saucer_v1_L3,cone,cone_sigma5_radius7,,,5.0,7.0,ok,,,289.988,/home/29d_kon@lab.graphicon.ru/ssd1_link/projects/REPROJECTING/outputs/KLD_diagnostic_20260602_064256/MeshMamba_rgb_texture/cone/cone_sigma5_radius7/Flying_saucer_v1_L3/sweep_cone_sigma5_radius7_recenter_rotx90p0_horizontaltovertical_blender_rig/Flying_saucer_v1_L3_report.json,/home/29d_kon@lab.graphicon.ru/ssd1_link/projects/REPROJECTING/outputs/KLD_diagnostic_20260602_064256/_logs/MeshMamba_rgb_texture/cone/cone_sigma5_radius7/Flying_saucer_v1_L3.log,Flying_saucer_v1_L3.csv,,,32868,,,,24555,510,horizontal_to_vertical,60.000001669652114,35.98339890412515,32868,,0.9285277947464875,22800,24555,-0.3221502462711453,0.2933579497204306,1.6998302645849908,0.22302446552953947,0.37687244968576444,-0.44445486283008545,0.25949808633745985,0.21954813741917628,0.19613557409204846,0.19944806003663035,-0.8443582374196056,-0.9060439497544608,-0.9206890811749278,71601016.56951758,2581.479386,0.0,0.0,0.0,0.0,0.0,0.0,0.0,0.0,0.0,0.11672751872796532,0.03747429808064328,0.0016658561967557767
meshmamba,rgb_texture,Flying_saucer_v1_L3,screen_space,screen_sigmascreen0p075,,0.075,,,ok,,,9.289,/home/29d_kon@lab.graphicon.ru/ssd1_link/projects/REPROJECTING/outputs/KLD_diagnostic_20260602_064256/MeshMamba_rgb_texture/screen_space/screen_sigmascreen0p075/Flying_saucer_v1_L3/sweep_screen_sigmascreen0p075_recenter_rotx90p0_horizontaltovertical_blender_rig/Flying_saucer_v1_L3_report.json,/home/29d_kon@lab.graphicon.ru/ssd1_link/projects/REPROJECTING/outputs/KLD_diagnostic_20260602_064256/_logs/MeshMamba_rgb_texture/screen_space/screen_sigmascreen0p075/Flying_saucer_v1_L3.log,Flying_saucer_v1_L3.csv,,,32868,,,,24555,510,horizontal_to_vertical,60.000001669652114,35.98339890412515,24960,8611747,,,24555,0.08602724045923556,0.37651458373399577,5.541955412742347,0.18438517100824972,0.3443811428917721,0.10862531892193585,0.3750338883083492,0.5805625649967495,0.5509099580583405,0.5814596951743015,0.30762080281179294,0.21307772016812956,0.21677674868812444,2.0512541300283558,2581.479386,0.2624771182271219,0.0,7908.0,0.2624771182271219,0.0,7908.0,0.26257548275460063,5.3385056247402525e-06,7918.0,0.7316046370728176,0.03707852114531664,0.0
meshmamba,rgb_texture,MushroomShitake_L3,cone,cone_sigma5_radius7,,,5.0,7.0,ok,,,269.148,/home/29d_kon@lab.graphicon.ru/ssd1_link/projects/REPROJECTING/outputs/KLD_diagnostic_20260602_064256/MeshMamba_rgb_texture/cone/cone_sigma5_radius7/MushroomShitake_L3/sweep_cone_sigma5_radius7_recenter_rotx90p0_horizontaltovertical_blender_rig/MushroomShitake_L3_report.json,/home/29d_kon@lab.graphicon.ru/ssd1_link/projects/REPROJECTING/outputs/KLD_diagnostic_20260602_064256/_logs/MeshMamba_rgb_texture/cone/cone_sigma5_radius7/MushroomShitake_L3.log,MushroomShitake_v1-L3.csv,,,32868,,,,26803,510,horizontal_to_vertical,60.000001669652114,35.98339890412515,32868,,0.9700779763459314,26001,26803,-0.49304020040959096,0.5577073345863846,0.6176349639178914,0.16385954343257358,0.3175813789848724,-0.5551220432287023,0.5991988417725577,0.27129586804741823,0.28569496341637507,0.2620298709119783,-0.690013916729046,-0.700291235281197,-0.8013670314226145,62448274.11339811,6076.509468,0.0,0.0,0.0,0.0,0.0,0.0,0.0,0.0,0.0,0.028831068672945312,0.014974320616001383,0.0021880482032651393
meshmamba,rgb_texture,MushroomShitake_L3,screen_space,screen_sigmascreen0p2,,0.2,,,ok,,,14.367,/home/29d_kon@lab.graphicon.ru/ssd1_link/projects/REPROJECTING/outputs/KLD_diagnostic_20260602_064256/MeshMamba_rgb_texture/screen_space/screen_sigmascreen0p2/MushroomShitake_L3/sweep_screen_sigmascreen0p2_recenter_rotx90p0_horizontaltovertical_blender_rig/MushroomShitake_L3_report.json,/home/29d_kon@lab.graphicon.ru/ssd1_link/projects/REPROJECTING/outputs/KLD_diagnostic_20260602_064256/_logs/MeshMamba_rgb_texture/screen_space/screen_sigmascreen0p2/MushroomShitake_L3.log,MushroomShitake_v1-L3.csv,,,32868,,,,26803,510,horizontal_to_vertical,60.000001669652114,35.98339890412515,24103,10220040,,,26803,-0.15982633750462255,0.49035761090629076,5.315527930811649,0.1595304512388409,0.3162361884423293,-0.1956937639138074,0.5173780956734932,0.4518667923678018,0.4796055135390893,0.5483412423212323,-0.16882531242281773,-0.09304277905313472,0.06728480821654624,0.7002510922859593,6076.509468,0.28901608633188425,0.0,8765.0,0.28901608633188425,0.0,8765.0,0.289284064685012,5.0189189023601284e-06,8773.0,0.2436279735689283,0.013034612785038452,0.0
meshmamba,rgb_texture,Spinning_Top_v1_L3,cone,cone_sigma5_radius7,,,5.0,7.0,ok,,,219.814,/home/29d_kon@lab.graphicon.ru/ssd1_link/projects/REPROJECTING/outputs/KLD_diagnostic_20260602_064256/MeshMamba_rgb_texture/cone/cone_sigma5_radius7/Spinning_Top_v1_L3/sweep_cone_sigma5_radius7_recenter_rotx90p0_horizontaltovertical_blender_rig/Spinning_Top_v1_L3_report.json,/home/29d_kon@lab.graphicon.ru/ssd1_link/projects/REPROJECTING/outputs/KLD_diagnostic_20260602_064256/_logs/MeshMamba_rgb_texture/cone/cone_sigma5_radius7/Spinning_Top_v1_L3.log,Spinning_Top_v1_L3.csv,,,32868,,,,18350,510,horizontal_to_vertical,60.000001669652114,35.98339890412515,32868,,0.9652316076294278,17712,18350,-0.4079616019241774,0.41033849751865425,1.1222146393646617,0.238502574022543,0.41406722053483136,-0.3493021069923596,0.43181937091865746,0.12262430989427872,0.09104063145013537,0.07735982194291796,-0.9847049470805681,-1.0732741833968777,-1.1180967682782874,85527074.33865422,6838.935173,0.0,0.0,0.0,0.0,0.0,0.0,0.0,0.0,0.0,0.033640371372503114,0.013520998760898767,0.0011239415735783108
meshmamba,rgb_texture,Spinning_Top_v1_L3,screen_space,screen_sigmascreen0p025,,0.025,,,ok,,,6.538,/home/29d_kon@lab.graphicon.ru/ssd1_link/projects/REPROJECTING/outputs/KLD_diagnostic_20260602_064256/MeshMamba_rgb_texture/screen_space/screen_sigmascreen0p025/Spinning_Top_v1_L3/sweep_screen_sigmascreen0p025_recenter_rotx90p0_horizontaltovertical_blender_rig/Spinning_Top_v1_L3_report.json,/home/29d_kon@lab.graphicon.ru/ssd1_link/projects/REPROJECTING/outputs/KLD_diagnostic_20260602_064256/_logs/MeshMamba_rgb_texture/screen_space/screen_sigmascreen0p025/Spinning_Top_v1_L3.log,Spinning_Top_v1_L3.csv,,,32868,,,,18350,510,horizontal_to_vertical,60.000001669652114,35.98339890412515,26780,8938830,,,18350,-0.26458166429373764,0.40681126496498804,5.640801300483933,0.14696493259242047,0.3176145196603579,-0.18697931740506277,0.42787373859839034,0.3023391800295429,0.2889915455888009,0.36150834570178164,-0.6129008981984533,-0.7003736073195881,-0.4811510063248304,3.1476087711919316,6838.935173,0.29087828655749126,0.0,6088.0,0.29087828655749126,0.0,6088.0,0.29087828655749126,4.221106725811418e-06,6094.0,0.24870862685501796,0.01329549114005032,0.0
meshmamba,rgb_texture,Starfruit_L3,cone,cone_sigma5_radius7,,,5.0,7.0,ok,,,219.831,/home/29d_kon@lab.graphicon.ru/ssd1_link/projects/REPROJECTING/outputs/KLD_diagnostic_20260602_064256/MeshMamba_rgb_texture/cone/cone_sigma5_radius7/Starfruit_L3/sweep_cone_sigma5_radius7_recenter_rotx90p0_horizontaltovertical_blender_rig/Starfruit_L3_report.json,/home/29d_kon@lab.graphicon.ru/ssd1_link/projects/REPROJECTING/outputs/KLD_diagnostic_20260602_064256/_logs/MeshMamba_rgb_texture/cone/cone_sigma5_radius7/Starfruit_L3.log,Starfruit-L3.csv,,,32868,,,,21946,510,horizontal_to_vertical,60.000001669652114,35.98339890412515,32868,,0.960949603572405,21089,21946,-0.012372959148177936,0.7374909392337765,0.22421952586205746,0.12590731979704944,0.28395202099884886,-0.12476522861814843,0.8253487981020887,0.6759864091878429,0.7768292611179997,0.7853726335038124,0.5248679803460131,0.8410037653983843,0.9065674687800933,148457254.15449145,8732.193847999999,0.0,0.0,0.0,0.0,0.0,0.0,0.0,0.0,0.0,0.01369291208061568,0.009620114768666095,0.0023226935703639954
meshmamba,rgb_texture,Starfruit_L3,screen_space,screen_sigmascreen0p2,,0.2,,,ok,,,14.880,/home/29d_kon@lab.graphicon.ru/ssd1_link/projects/REPROJECTING/outputs/KLD_diagnostic_20260602_064256/MeshMamba_rgb_texture/screen_space/screen_sigmascreen0p2/Starfruit_L3/sweep_screen_sigmascreen0p2_recenter_rotx90p0_horizontaltovertical_blender_rig/Starfruit_L3_report.json,/home/29d_kon@lab.graphicon.ru/ssd1_link/projects/REPROJECTING/outputs/KLD_diagnostic_20260602_064256/_logs/MeshMamba_rgb_texture/screen_space/screen_sigmascreen0p2/Starfruit_L3.log,Starfruit-L3.csv,,,32868,,,,21946,510,horizontal_to_vertical,60.000001669652114,35.98339890412515,32363,8949606,,,21946,0.09907205135102465,0.7531131876239918,0.41964001656259353,0.08977610639117488,0.257331059638132,-0.02587345806382207,0.8421550953507168,0.6645497735449148,0.7086162548554266,0.6717309815081849,0.619747906933006,0.8051670591822041,0.9691476712601954,0.9313448116447229,8732.193847999999,0.013681511780383007,0.0,505.0,0.013681511780383007,0.0,505.0,0.013765479110101408,7.692790780217167e-07,507.0,0.07225098978224269,0.0041177700158632575,0.0
meshmamba,rgb_texture,ball_car_v1_L3,cone,cone_sigma5_radius7,,,5.0,7.0,ok,,,211.335,/home/29d_kon@lab.graphicon.ru/ssd1_link/projects/REPROJECTING/outputs/KLD_diagnostic_20260602_064256/MeshMamba_rgb_texture/cone/cone_sigma5_radius7/ball_car_v1_L3/sweep_cone_sigma5_radius7_recenter_rotx90p0_horizontaltovertical_blender_rig/ball_car_v1_L3_report.json,/home/29d_kon@lab.graphicon.ru/ssd1_link/projects/REPROJECTING/outputs/KLD_diagnostic_20260602_064256/_logs/MeshMamba_rgb_texture/cone/cone_sigma5_radius7/ball_car_v1_L3.log,ball_car_v1_L3.csv,,,32868,,,,21757,510,horizontal_to_vertical,60.000001669652114,35.98339890412515,32868,,0.964057544698258,20975,21757,0.03678380827050892,0.5255305039322151,1.0777807379858602,0.0883440305277686,0.23476234276653102,-0.03640078671318974,0.5813938504424241,0.49438630485262336,0.5430649297782665,0.6442765291423497,0.06897629470856831,0.20800179719460085,0.5136941882846907,32439860.715168286,4155.974491,0.0,0.0,0.0,0.0,0.0,0.0,0.04003205682813706,0.0005140254074417312,650.0,0.06003170395315721,0.012732194847343205,0.00012251198033546508
meshmamba,rgb_texture,ball_car_v1_L3,screen_space,screen_sigmascreen0p2,,0.2,,,ok,,,14.061,/home/29d_kon@lab.graphicon.ru/ssd1_link/projects/REPROJECTING/outputs/KLD_diagnostic_20260602_064256/MeshMamba_rgb_texture/screen_space/screen_sigmascreen0p2/ball_car_v1_L3/sweep_screen_sigmascreen0p2_recenter_rotx90p0_horizontaltovertical_blender_rig/ball_car_v1_L3_report.json,/home/29d_kon@lab.graphicon.ru/ssd1_link/projects/REPROJECTING/outputs/KLD_diagnostic_20260602_064256/_logs/MeshMamba_rgb_texture/screen_space/screen_sigmascreen0p2/ball_car_v1_L3.log,ball_car_v1_L3.csv,,,32868,,,,21757,510,horizontal_to_vertical,60.000001669652114,35.98339890412515,28134,10341402,,,21757,-0.020370107670176302,0.5564260259665232,4.164066634176525,0.1518301364654836,0.3438565903474912,-0.01737111941641267,0.6216432947099038,0.5213434317555586,0.5891869237151782,0.7117790659625565,0.056191543169373886,0.333538599859003,0.7251497489216677,0.6436047272010526,4155.974491,0.22218340006649479,0.0,4734.0,0.22218340006649479,0.0,4734.0,0.22218340006649479,0.0,4734.0,0.24116865095070775,0.012909279428009847,0.0
meshmamba,rgb_texture,football_v2_L3,cone,cone_sigma5_radius7,,,5.0,7.0,ok,,,207.759,/home/29d_kon@lab.graphicon.ru/ssd1_link/projects/REPROJECTING/outputs/KLD_diagnostic_20260602_064256/MeshMamba_rgb_texture/cone/cone_sigma5_radius7/football_v2_L3/sweep_cone_sigma5_radius7_recenter_rotx90p0_horizontaltovertical_blender_rig/football_v2_L3_report.json,/home/29d_kon@lab.graphicon.ru/ssd1_link/projects/REPROJECTING/outputs/KLD_diagnostic_20260602_064256/_logs/MeshMamba_rgb_texture/cone/cone_sigma5_radius7/football_v2_L3.log,football_v2_L3.csv,,,32868,,,,23576,510,horizontal_to_vertical,60.000001669652114,35.98339890412515,32868,,0.9783678316932474,23066,23576,0.06341554899468027,0.5565811199249471,0.8117950949956976,0.10236662132473588,0.24239991517335824,0.12141058832129988,0.6105714645687967,0.5051107370236079,0.5150610563463254,0.4235241768797247,-0.010364506662426002,0.0386470148327122,-0.24179483820213435,60986551.954698525,5599.625503,0.0,0.0,0.0,0.0,0.0,0.0,0.035999349580074946,0.0009884403569546066,1348.0,0.061448971641525185,0.013234106630934099,0.0001295941105007134
meshmamba,rgb_texture,football_v2_L3,screen_space,screen_sigmascreen0p2,,0.2,,,ok,,,14.546,/home/29d_kon@lab.graphicon.ru/ssd1_link/projects/REPROJECTING/outputs/KLD_diagnostic_20260602_064256/MeshMamba_rgb_texture/screen_space/screen_sigmascreen0p2/football_v2_L3/sweep_screen_sigmascreen0p2_recenter_rotx90p0_horizontaltovertical_blender_rig/football_v2_L3_report.json,/home/29d_kon@lab.graphicon.ru/ssd1_link/projects/REPROJECTING/outputs/KLD_diagnostic_20260602_064256/_logs/MeshMamba_rgb_texture/screen_space/screen_sigmascreen0p2/football_v2_L3.log,football_v2_L3.csv,,,32868,,,,23576,510,horizontal_to_vertical,60.000001669652114,35.98339890412515,29105,9868221,,,23576,0.058941172265463464,0.6095710482801462,2.133163912758506,0.11734173688233479,0.2756849666623461,0.09795539506666812,0.6605611346876166,0.49758543281719686,0.5137307037508735,0.44563045271556756,-0.022734940257745924,0.001177470201665125,-0.3209037560984951,0.7661037253255014,5599.625503,0.10415814034126489,0.0,3763.0,0.10415814034126489,0.0,3763.0,0.10448740396773637,1.0195832553248706e-05,3779.0,0.24943439346621898,0.013331730480905338,0.0
sal3d,,A380,cone,cone_sigma1_radius7,,,1.0,7.0,ok,,,645.007,/home/29d_kon@lab.graphicon.ru/ssd1_link/projects/REPROJECTING/outputs/KLD_diagnostic_20260602_064256/SAL3D/cone/cone_sigma1_radius7/A380/sweep_cone_sigma1_radius7_recenter_rotx90p0_horizontaltovertical_blender_rig/A380_report.json,/home/29d_kon@lab.graphicon.ru/ssd1_link/projects/REPROJECTING/outputs/KLD_diagnostic_20260602_064256/_logs/SAL3D/cone/cone_sigma1_radius7/A380.log,A380.txt,subset,47756,,19945,41.76,True,33869,720,horizontal_to_vertical,60.0,35.98339356333545,47756,,0.7816882695089905,26475,33869,0.43680034839266524,0.6116766992058349,0.5131376685285507,0.042092727838814195,0.17249136092828582,0.19626908785256542,0.6275546006797735,0.6673027973834307,0.8721675948085541,0.9634473284375791,0.8596507679130927,1.8276531023575833,3.0189329124941655,5697041.811975392,53487.31624838333,0.0,0.0,0.0,0.0,0.0,0.0,0.0,0.0,0.0,0.13467224144449208,0.06980463591114525,0.010247727145143852
sal3d,,A380,screen_space,screen_sigmapx13p15,13.15,,,,ok,,,171.957,/home/29d_kon@lab.graphicon.ru/ssd1_link/projects/REPROJECTING/outputs/KLD_diagnostic_20260602_064256/SAL3D/screen_space/screen_sigmapx13p15/A380/sweep_screen_sigmapx13p15_recenter_rotx90p0_horizontaltovertical_blender_rig/A380_report.json,/home/29d_kon@lab.graphicon.ru/ssd1_link/projects/REPROJECTING/outputs/KLD_diagnostic_20260602_064256/_logs/SAL3D/screen_space/screen_sigmapx13p15/A380.log,A380.txt,subset,47756,,19945,41.76,True,33869,720,horizontal_to_vertical,60.0,35.98339356333545,38122,17558493,,,33869,0.1978404581126102,0.5280257434925429,2.9162879829838064,0.04572293452297282,0.16812277698128092,0.12518982098987452,0.5072232859644239,0.640973827325975,0.7040164141022849,0.7572755127880476,0.5068023663267707,0.7822033001913262,1.0905871047579074,0.0749595116554228,53487.31624838333,0.13720476634349138,0.0,3986.0,0.1372978195722051,1.6348169402924439e-09,3989.0,0.13807775055089774,9.115957428757105e-06,4008.0,0.524172051952125,0.03271371227383132,0.0003604948268161303
sal3d,,bunny,cone,cone_sigma2_radius7,,,2.0,7.0,ok,,,244.555,/home/29d_kon@lab.graphicon.ru/ssd1_link/projects/REPROJECTING/outputs/KLD_diagnostic_20260602_064256/SAL3D/cone/cone_sigma2_radius7/bunny/sweep_cone_sigma2_radius7_recenter_rotx90p0_horizontaltovertical_blender_rig/bunny_report.json,/home/29d_kon@lab.graphicon.ru/ssd1_link/projects/REPROJECTING/outputs/KLD_diagnostic_20260602_064256/_logs/SAL3D/cone/cone_sigma2_radius7/bunny.log,bunny.txt,direct,20000,,20000,100.0,True,34676,720,horizontal_to_vertical,60.0,35.98339356333545,20000,,0.9612700426808167,33333,34676,0.8218933718463619,0.775412930556694,0.1853210278058044,0.00893062916347642,0.06558732660163401,0.755939796994569,0.9047166393874925,0.8653017083333333,0.965329447368421,0.9974022727272727,1.8600832448279643,3.07268103991097,5.0766927210775865,8963059.436651148,132109.76442794205,0.0,0.0,0.0,0.0,0.0,0.0,1.2407833229800282e-06,0.00019221613784270496,382.0,0.024684398238605743,0.015719510641645854,0.0032823231714507054
sal3d,,bunny,screen_space,screen_sigmapx52p6,52.6,,,,ok,,,695.325,/home/29d_kon@lab.graphicon.ru/ssd1_link/projects/REPROJECTING/outputs/KLD_diagnostic_20260602_064256/SAL3D/screen_space/screen_sigmapx52p6/bunny/sweep_screen_sigmapx52p6_recenter_rotx90p0_horizontaltovertical_blender_rig/bunny_report.json,/home/29d_kon@lab.graphicon.ru/ssd1_link/projects/REPROJECTING/outputs/KLD_diagnostic_20260602_064256/_logs/SAL3D/screen_space/screen_sigmapx52p6/bunny.log,bunny.txt,direct,20000,,20000,100.0,True,34676,720,horizontal_to_vertical,60.0,35.98339356333545,17822,8095771,,,34676,0.7079495051939615,0.7237745766415662,0.3746548944645646,0.014807145549206228,0.08452723442650895,0.6331651246767624,0.849057474732774,0.8619222777777777,0.9586727631578948,0.9938736111111112,1.6028611910781314,2.5380382088639277,4.025873989850143,0.02168834903554197,132109.76442794205,0.007927142642423512,0.0,2178.0,0.00792725871161092,8.303907003426714e-10,2179.0,0.007998633401464285,1.5028801994195464e-05,2203.0,0.0820475058691626,0.012642325965098122,0.001779153354149801
sal3d,,dog,cone,cone_sigma5_radius5,,,5.0,5.0,ok,,,592.536,/home/29d_kon@lab.graphicon.ru/ssd1_link/projects/REPROJECTING/outputs/KLD_diagnostic_20260602_064256/SAL3D/cone/cone_sigma5_radius5/dog/sweep_cone_sigma5_radius5_recenter_rotx90p0_horizontaltovertical_blender_rig/dog_report.json,/home/29d_kon@lab.graphicon.ru/ssd1_link/projects/REPROJECTING/outputs/KLD_diagnostic_20260602_064256/_logs/SAL3D/cone/cone_sigma5_radius5/dog.log,dog.txt,subset,44523,,20000,44.92,False,28792,720,horizontal_to_vertical,60.0,35.98339356333545,44523,,0.8508613503751042,24498,28792,0.10371298585105722,0.19447255916314396,2.077269011388777,0.23630092075161346,0.40417142445415527,0.10894136771158515,0.27840653145915595,0.5846235277777778,0.6096214736842105,0.6883444444444445,0.2526653868467053,0.3674536302200347,0.6901029636430113,96402754.69435427,247.46447017825577,0.0,0.0,0.0,0.0,0.0,0.0,0.0,0.0,0.0,0.6055373393590384,0.1771446293106572,0.006486560097496069
sal3d,,dog,screen_space,screen_sigmapx78p9,78.9,,,,ok,,,1061.204,/home/29d_kon@lab.graphicon.ru/ssd1_link/projects/REPROJECTING/outputs/KLD_diagnostic_20260602_064256/SAL3D/screen_space/screen_sigmapx78p9/dog/sweep_screen_sigmapx78p9_recenter_rotx90p0_horizontaltovertical_blender_rig/dog_report.json,/home/29d_kon@lab.graphicon.ru/ssd1_link/projects/REPROJECTING/outputs/KLD_diagnostic_20260602_064256/_logs/SAL3D/screen_space/screen_sigmapx78p9/dog.log,dog.txt,subset,44523,,20000,44.92,False,28792,720,horizontal_to_vertical,60.0,35.98339356333545,42557,16792628,,,28792,0.10143403093356475,0.18908363898068162,2.1734552381950785,0.06505830216149007,0.2094490564802093,0.06468269035838885,0.27126359524118543,0.5585399305555555,0.583656605263158,0.6849349747474748,0.19203744880424375,0.3321805521154706,0.7774681393400493,0.036385745212944236,247.46447017825577,0.004690394540937183,0.0,868.0,0.004690394540937183,0.0,868.0,0.004690394540937182,4.609414110272876e-06,877.0,0.5950567821433341,0.17021176497354976,0.006910702310176147
sal3d,,dragon,cone,cone_sigma3_radius5,,,3.0,5.0,ok,,,264.773,/home/29d_kon@lab.graphicon.ru/ssd1_link/projects/REPROJECTING/outputs/KLD_diagnostic_20260602_064256/SAL3D/cone/cone_sigma3_radius5/dragon/sweep_cone_sigma3_radius5_recenter_rotx90p0_horizontaltovertical_blender_rig/dragon_report.json,/home/29d_kon@lab.graphicon.ru/ssd1_link/projects/REPROJECTING/outputs/KLD_diagnostic_20260602_064256/_logs/SAL3D/cone/cone_sigma3_radius5/dragon.log,dragon.txt,direct,20000,,20000,100.0,True,31617,720,horizontal_to_vertical,60.0,35.98339356333545,20000,,0.9293101812316159,29382,31617,0.45570864039060854,0.6666073652009635,0.36403354513109365,0.05923389210037679,0.16294528386644033,0.5922887902972005,0.6957976591793902,0.8547389861111111,0.901660052631579,0.8900532828282828,1.284733616497047,1.5840376715474007,1.5025868235836055,30964971.427564256,128201.06101652826,0.0,0.0,0.0,0.0,0.0,0.0,0.0,0.0,0.0,0.0946838560858904,0.05393947757075363,0.009389776430700285
sal3d,,dragon,screen_space,screen_sigmapx78p9,78.9,,,,ok,,,1054.019,/home/29d_kon@lab.graphicon.ru/ssd1_link/projects/REPROJECTING/outputs/KLD_diagnostic_20260602_064256/SAL3D/screen_space/screen_sigmapx78p9/dragon/sweep_screen_sigmapx78p9_recenter_rotx90p0_horizontaltovertical_blender_rig/dragon_report.json,/home/29d_kon@lab.graphicon.ru/ssd1_link/projects/REPROJECTING/outputs/KLD_diagnostic_20260602_064256/_logs/SAL3D/screen_space/screen_sigmapx78p9/dragon.log,dragon.txt,direct,20000,,20000,100.0,True,31617,720,horizontal_to_vertical,60.0,35.98339356333545,18916,7574170,,,31617,0.2653613564413869,0.6177078077377424,0.9419536006211895,0.03869414917023682,0.15060819133016315,0.3177455747463558,0.6141906180923965,0.7167330972222222,0.7966725000000001,0.7773815656565658,0.7091429408163565,0.971011002067108,0.7385094142631882,0.03198286297142432,128201.06101652826,0.02650722894531618,0.0,1084.0,0.02650722894531618,0.0,1084.0,0.026554022230026387,1.905120082269525e-06,1089.0,0.30579088529245146,0.020789965107364163,0.00035691276638342235
sal3d,,flowerpot,cone,cone_sigma1_radius3,,,1.0,3.0,ok,,,218.390,/home/29d_kon@lab.graphicon.ru/ssd1_link/projects/REPROJECTING/outputs/KLD_diagnostic_20260602_064256/SAL3D/cone/cone_sigma1_radius3/flowerpot/sweep_cone_sigma1_radius3_recenter_rotx90p0_horizontaltovertical_blender_rig/flowerpot_report.json,/home/29d_kon@lab.graphicon.ru/ssd1_link/projects/REPROJECTING/outputs/KLD_diagnostic_20260602_064256/_logs/SAL3D/cone/cone_sigma1_radius3/flowerpot.log,flowerpot.txt,direct,20000,,20000,100.0,False,34570,720,horizontal_to_vertical,60.0,35.98339356333545,19731,,0.9462250506219265,32711,34570,0.21847470062668234,0.28172487578224287,1.651455514539267,0.07068016212998848,0.20834082523432443,0.16092470939411577,0.3732093664213399,0.6577182500000001,0.7076012105263159,0.8286077020202021,0.533279784790968,0.783215140260103,1.4929277223820252,3651549.1501595587,620.7381954043801,0.0,0.0,269.0,0.0,1.2012501951669533e-07,290.0,0.0,9.880765654231355e-05,581.0,0.39395981705415023,0.14005364617024885,0.009504871270438971
sal3d,,flowerpot,screen_space,screen_sigmapx26p3,26.3,,,,ok,,,345.658,/home/29d_kon@lab.graphicon.ru/ssd1_link/projects/REPROJECTING/outputs/KLD_diagnostic_20260602_064256/SAL3D/screen_space/screen_sigmapx26p3/flowerpot/sweep_screen_sigmapx26p3_recenter_rotx90p0_horizontaltovertical_blender_rig/flowerpot_report.json,/home/29d_kon@lab.graphicon.ru/ssd1_link/projects/REPROJECTING/outputs/KLD_diagnostic_20260602_064256/_logs/SAL3D/screen_space/screen_sigmapx26p3/flowerpot.log,flowerpot.txt,direct,20000,,20000,100.0,False,34570,720,horizontal_to_vertical,60.0,35.98339356333545,19103,7477249,,,34570,0.056810840789427136,0.22608283478925964,1.897731363732254,0.09846617883725188,0.25390944181431907,-0.06329633915572537,0.28667999750667533,0.53911575,0.5936504736842105,0.7297458333333333,0.06884054056942963,0.25289278303717655,0.7912244370235878,0.04534581000594069,620.7381954043801,0.0005795857298029253,0.0,897.0,0.0006470827846163565,2.0969723653243286e-09,899.0,0.0006834910484662679,3.470212537505762e-06,906.0,0.4353249807032811,0.1411328534833474,0.007303693069449037
