model,method,status,error_type,error_message,report_path,stdout_log_path,n_vertices,n_combined_nonzero,n_gt_positive_vertices,combined_positive_pct,n_covered_vertices,covered_support_pct,combined_coverage_pct,num_participants,num_points,num_frames_with_points,CC,SIM,KLD,MSE,MAE,Spearman,Cosine,AUC_Judd_gt_top_10pct_proxy,AUC_Judd_gt_top_5pct_proxy,AUC_Judd_gt_top_1pct_proxy,NSS_gt_top_10pct_proxy,NSS_gt_top_5pct_proxy,NSS_gt_top_1pct_proxy,PredictionSum,GroundTruthSum,hit_rate,successful_hits,total_gaze_points,nonzero_vertices
A380,cone,ok,,,/mnt/ssd1/29d_kon/acm_2026/outputs/coordinator/rc2_full_metrics_20260610_143622/3DVA/baseline_cone/A380/recenter_fovh2v_combined/A380_report.json,/mnt/ssd1/29d_kon/acm_2026/outputs/coordinator/rc2_full_metrics_20260610_143622/3DVA/_logs/cone/A380.log,47756,20852,20852,43.66,21983,46.03,46.03,,52465,450,0.24229730919430123,0.6343745594420563,0.5396839874055002,0.06007888587758461,0.17785948245142083,0.2997042806433352,0.6953552727475582,0.5958838861247632,0.5906153548123092,0.6729527388018864,0.31003121132865014,0.34672740678861724,0.6070293740044479,36721.79379938012,1.9298351174000001,0.5337844277137139,28005,52465,
A380,screen_space,ok,,,/mnt/ssd1/29d_kon/acm_2026/outputs/coordinator/rc2_full_metrics_20260610_143622/3DVA/baseline_screen_space/A380/sigpx49p0_recenter_fovh2v_combined/A380_report.json,/mnt/ssd1/29d_kon/acm_2026/outputs/coordinator/rc2_full_metrics_20260610_143622/3DVA/_logs/screen_space/A380.log,47756,20852,20852,43.66,21983,46.03,46.03,,52465,450,0.33613009862906945,0.6880971116968218,0.4401078546749933,0.053143858010730786,0.16366309091929837,0.4151004355779845,0.7549040720605499,0.6348649889015097,0.6418893358233969,0.7544536598814501,0.4149477260697121,0.44674442724079705,0.743852731647165,0.07592457066266013,1.9298351174000001,,,,38187
Harley,cone,ok,,,/mnt/ssd1/29d_kon/acm_2026/outputs/coordinator/rc2_full_metrics_20260610_143622/3DVA/baseline_cone/Harley/recenter_fovh2v_combined/Harley_report.json,/mnt/ssd1/29d_kon/acm_2026/outputs/coordinator/rc2_full_metrics_20260610_143622/3DVA/_logs/cone/Harley.log,54853,28631,28631,52.2,32817,59.83,59.83,,53964,450,0.5404134121287009,0.670194799278516,0.5000490945578805,0.041349480485270866,0.14409147351022505,0.4850118849696999,0.7788712319009785,0.8220123007572071,0.8578007200025896,0.9777934373149889,1.3216303725052405,1.6855609315507436,2.6218915552834625,53105.34842696847,2.2547626186,0.5603921132606923,30241,53964,
Harley,screen_space,ok,,,/mnt/ssd1/29d_kon/acm_2026/outputs/coordinator/rc2_full_metrics_20260610_143622/3DVA/baseline_screen_space/Harley/sigpx49p0_recenter_fovh2v_combined/Harley_report.json,/mnt/ssd1/29d_kon/acm_2026/outputs/coordinator/rc2_full_metrics_20260610_143622/3DVA/_logs/screen_space/Harley.log,54853,28631,28631,52.2,32817,59.83,59.83,,53964,450,0.43533035771888284,0.653568844845781,0.6640409702625467,0.04390704651934567,0.15535771576258717,0.4286787665193085,0.7527184667340473,0.7576197721188682,0.7593954403588943,0.8326646116330818,0.9485647203370334,1.044457631165543,1.3807431211143992,0.10186556387725842,2.2547626186,,,,51964
Max-Planck,cone,ok,,,/mnt/ssd1/29d_kon/acm_2026/outputs/coordinator/rc2_full_metrics_20260610_143622/3DVA/baseline_cone/Max-Planck/recenter_fovh2v_combined/Max-Planck_report.json,/mnt/ssd1/29d_kon/acm_2026/outputs/coordinator/rc2_full_metrics_20260610_143622/3DVA/_logs/cone/Max-Planck.log,19999,15447,15447,77.24,16345,81.73,81.73,,52465,450,0.2692014809404777,0.5072070276374778,0.9458056955372861,0.03177708970613675,0.10340915080538211,0.49505435224817035,0.5186528382328841,0.6650968260997012,0.6347037961950655,0.5459521555693896,0.4539068781577075,0.21243212740314354,-0.15624820878087184,10724.428537184336,1.8676155884999999,0.9350424092251978,49057,52465,
Max-Planck,screen_space,ok,,,/mnt/ssd1/29d_kon/acm_2026/outputs/coordinator/rc2_full_metrics_20260610_143622/3DVA/baseline_screen_space/Max-Planck/sigpx49p0_recenter_fovh2v_combined/Max-Planck_report.json,/mnt/ssd1/29d_kon/acm_2026/outputs/coordinator/rc2_full_metrics_20260610_143622/3DVA/_logs/screen_space/Max-Planck.log,19999,15447,15447,77.24,16345,81.73,81.73,,52465,450,0.41699602681467907,0.5874332263888458,0.6543807809880158,0.03066242286899034,0.1100428292980807,0.5761408357598363,0.6451273176131492,0.7601180831446706,0.7344903813736874,0.6347524799486298,0.8434005956852877,0.7490486068194895,0.49864609448348285,0.025099092861611595,1.8676155884999999,,,,19371
bimba,cone,ok,,,/mnt/ssd1/29d_kon/acm_2026/outputs/coordinator/rc2_full_metrics_20260610_143622/3DVA/baseline_cone/bimba/recenter_fovh2v_combined/bimba_report.json,/mnt/ssd1/29d_kon/acm_2026/outputs/coordinator/rc2_full_metrics_20260610_143622/3DVA/_logs/cone/bimba.log,20000,12519,12519,62.59,13621,68.11,68.11,,52465,450,0.1794899545775149,0.5308837597916275,0.9407364472141273,0.034453693032236686,0.10563703056733137,0.42301391453021653,0.4921681654841815,0.6107809929508954,0.5103838244829846,0.42234348576414976,0.20666661105788744,-0.0591020002034472,-0.38448420267317623,9018.95859067017,1.9230511684,0.8533307919565425,44770,52465,
bimba,screen_space,ok,,,/mnt/ssd1/29d_kon/acm_2026/outputs/coordinator/rc2_full_metrics_20260610_143622/3DVA/baseline_screen_space/bimba/sigpx49p0_recenter_fovh2v_combined/bimba_report.json,/mnt/ssd1/29d_kon/acm_2026/outputs/coordinator/rc2_full_metrics_20260610_143622/3DVA/_logs/screen_space/bimba.log,20000,12519,12519,62.59,13621,68.11,68.11,,52465,450,0.31667153425987304,0.5808202909345351,0.7721473917981291,0.038153806280678895,0.11971958020879021,0.5386060079790621,0.6001008713973182,0.7075770781463393,0.6616187869132829,0.711150495748408,0.5110166088063072,0.36962902070516507,0.39452470694286196,0.01852094404694227,1.9230511684,,,,17744
blade-200k,cone,ok,,,/mnt/ssd1/29d_kon/acm_2026/outputs/coordinator/rc2_full_metrics_20260610_143622/3DVA/baseline_cone/blade-200k/recenter_fovh2v_combined/blade-200k_report.json,/mnt/ssd1/29d_kon/acm_2026/outputs/coordinator/rc2_full_metrics_20260610_143622/3DVA/_logs/cone/blade-200k.log,20000,16015,16015,80.08,16874,84.37,84.37,,52465,450,0.31428654848102355,0.604775757559433,0.4532985272080278,0.06400472209432592,0.19430128507649996,0.3599014006820571,0.7051585942115073,0.7642083933318479,0.78807685826043,0.8339846164472601,0.7090660499324543,0.820551745584485,1.06584398153338,35600.00760883419,1.9678674623,0.7947012293910226,41694,52465,
blade-200k,screen_space,ok,,,/mnt/ssd1/29d_kon/acm_2026/outputs/coordinator/rc2_full_metrics_20260610_143622/3DVA/baseline_screen_space/blade-200k/sigpx49p0_recenter_fovh2v_combined/blade-200k_report.json,/mnt/ssd1/29d_kon/acm_2026/outputs/coordinator/rc2_full_metrics_20260610_143622/3DVA/_logs/screen_space/blade-200k.log,20000,16015,16015,80.08,16874,84.37,84.37,,52465,450,0.447474094857518,0.6474883799576949,1.071129752175229,0.03991438594943697,0.16402889722190972,0.4635052221221293,0.7593505245039299,0.80165439076775,0.7970452321328789,0.8474442510037564,1.0757646967337235,1.1268241689900989,1.3625823696626194,0.03902818429827041,1.9678674623,,,,18671
bunny,cone,ok,,,/mnt/ssd1/29d_kon/acm_2026/outputs/coordinator/rc2_full_metrics_20260610_143622/3DVA/baseline_cone/bunny/recenter_fovh2v_combined/bunny_report.json,/mnt/ssd1/29d_kon/acm_2026/outputs/coordinator/rc2_full_metrics_20260610_143622/3DVA/_logs/cone/bunny.log,20000,15932,15932,79.66,16707,83.53,83.53,,53964,450,0.21454102295511673,0.5672006614636513,0.7277604843296865,0.03288056104512297,0.12684097647819548,0.11168045829397279,0.620077728341105,0.6332738988764886,0.6140364192281127,0.6785462355932155,0.6089444493216127,0.45210116412987017,0.5427820491362427,14288.8972362034,2.2421995595,0.7652509080127492,41296,53964,
bunny,screen_space,ok,,,/mnt/ssd1/29d_kon/acm_2026/outputs/coordinator/rc2_full_metrics_20260610_143622/3DVA/baseline_screen_space/bunny/sigpx49p0_recenter_fovh2v_combined/bunny_report.json,/mnt/ssd1/29d_kon/acm_2026/outputs/coordinator/rc2_full_metrics_20260610_143622/3DVA/_logs/screen_space/bunny.log,20000,15932,15932,79.66,16707,83.53,83.53,,53964,450,0.21760771412994823,0.5949255428450628,0.7098171650242867,0.049253724115079715,0.16455791167831826,0.17603607739596627,0.6536983361807438,0.6505230057079049,0.6310722077732581,0.6462445187277401,0.5341889865943775,0.37184855613211404,0.24070979074809318,0.01837947444416313,2.2421995595,,,,17841
camel,cone,ok,,,/mnt/ssd1/29d_kon/acm_2026/outputs/coordinator/rc2_full_metrics_20260610_143622/3DVA/baseline_cone/camel/recenter_fovh2v_combined/camel_report.json,/mnt/ssd1/29d_kon/acm_2026/outputs/coordinator/rc2_full_metrics_20260610_143622/3DVA/_logs/cone/camel.log,20000,15561,15561,77.81,16170,80.85,80.85,,52465,450,0.32731072461800365,0.6394836308436501,0.511670284045048,0.03639726327310996,0.1308410704937382,0.40002198702859615,0.6972632072072292,0.7406565582199471,0.7340124755281804,0.8053687276732004,0.7148186610404625,0.8085191961067141,0.9747784166432739,22218.35194588655,2.0847574561,0.507462117602211,26624,52465,
camel,screen_space,ok,,,/mnt/ssd1/29d_kon/acm_2026/outputs/coordinator/rc2_full_metrics_20260610_143622/3DVA/baseline_screen_space/camel/sigpx49p0_recenter_fovh2v_combined/camel_report.json,/mnt/ssd1/29d_kon/acm_2026/outputs/coordinator/rc2_full_metrics_20260610_143622/3DVA/_logs/screen_space/camel.log,20000,15561,15561,77.81,16170,80.85,80.85,,52465,450,0.19877909487214415,0.6429610841842238,0.44461322123283187,0.04469235153974937,0.15103223053927264,0.34625967087195214,0.6772613124445709,0.6613280457701344,0.6257241361163056,0.7372962824143484,0.3143536110160066,0.20668827870417233,0.5329447620495891,0.019343041942450907,2.0847574561,,,,19206
car-vasa,cone,ok,,,/mnt/ssd1/29d_kon/acm_2026/outputs/coordinator/rc2_full_metrics_20260610_143622/3DVA/baseline_cone/car-vasa/recenter_fovh2v_combined/car-vasa_report.json,/mnt/ssd1/29d_kon/acm_2026/outputs/coordinator/rc2_full_metrics_20260610_143622/3DVA/_logs/cone/car-vasa.log,20890,10691,10691,51.18,11496,55.03,55.03,,52465,450,0.21972388605261975,0.5724995300954345,0.8645829933291131,0.05526208629479558,0.17434807895213494,0.31102487160460185,0.6165556692433469,0.5946164028946285,0.5740745989975437,0.6063209850131608,0.2765604108189978,0.19123508870195535,0.23810859953630983,18612.652410828567,2.1997571283,0.7191842180501287,37732,52465,
car-vasa,screen_space,ok,,,/mnt/ssd1/29d_kon/acm_2026/outputs/coordinator/rc2_full_metrics_20260610_143622/3DVA/baseline_screen_space/car-vasa/sigpx49p0_recenter_fovh2v_combined/car-vasa_report.json,/mnt/ssd1/29d_kon/acm_2026/outputs/coordinator/rc2_full_metrics_20260610_143622/3DVA/_logs/screen_space/car-vasa.log,20890,10691,10691,51.18,11496,55.03,55.03,,52465,450,0.09461944444543471,0.5672235251144782,0.6887442068943253,0.07215159113475733,0.21271785553607162,0.1844283194407721,0.6031707187102203,0.5271104564671077,0.5066720279636759,0.5490428364589341,0.05878698358195651,-0.0028593880205236297,0.13421721345308094,0.022092308123513527,2.1997571283,,,,16564
carter,cone,ok,,,/mnt/ssd1/29d_kon/acm_2026/outputs/coordinator/rc2_full_metrics_20260610_143622/3DVA/baseline_cone/carter/recenter_fovh2v_combined/carter_report.json,/mnt/ssd1/29d_kon/acm_2026/outputs/coordinator/rc2_full_metrics_20260610_143622/3DVA/_logs/cone/carter.log,20000,14246,14246,71.23,14870,74.35,74.35,,53964,450,-0.38878497993579536,0.43118930780105413,2.019412726294672,0.11758849814316404,0.2776621871372797,-0.3989159045904883,0.36237894400582615,0.20471602225891472,0.13097098273754337,0.1411778088098589,-0.8764421170650328,-1.1479417322324956,-1.2063842118277595,26405.929352798677,2.2814449958000003,0.9694611222296345,52316,53964,
carter,screen_space,ok,,,/mnt/ssd1/29d_kon/acm_2026/outputs/coordinator/rc2_full_metrics_20260610_143622/3DVA/baseline_screen_space/carter/sigpx49p0_recenter_fovh2v_combined/carter_report.json,/mnt/ssd1/29d_kon/acm_2026/outputs/coordinator/rc2_full_metrics_20260610_143622/3DVA/_logs/screen_space/carter.log,20000,14246,14246,71.23,14870,74.35,74.35,,53964,450,0.11677289508687969,0.5451882716375729,2.245491729100178,0.08745427269501525,0.2365301097244771,0.11495141465890514,0.5920584884552949,0.5966180734665187,0.6077994858866209,0.6268379327527812,0.3246481142453624,0.4038639846430174,0.325270911439737,0.023006212871879497,2.2814449958000003,,,,17993
casting,cone,ok,,,/mnt/ssd1/29d_kon/acm_2026/outputs/coordinator/rc2_full_metrics_20260610_143622/3DVA/baseline_cone/casting/recenter_fovh2v_combined/casting_report.json,/mnt/ssd1/29d_kon/acm_2026/outputs/coordinator/rc2_full_metrics_20260610_143622/3DVA/_logs/cone/casting.log,20000,9312,9312,46.56,9565,47.83,47.83,,52465,450,0.09941490163092456,0.5838259215566102,1.3589538756401247,0.05507248661506164,0.17968828339460968,-0.028880885757075092,0.6429550446384897,0.5605125289881251,0.5823605289653908,0.7670820572394128,0.3189461890632044,0.3987122687478587,0.9578046024994755,15615.069308401482,1.8902004069,0.9444963308872582,49553,52465,
casting,screen_space,ok,,,/mnt/ssd1/29d_kon/acm_2026/outputs/coordinator/rc2_full_metrics_20260610_143622/3DVA/baseline_screen_space/casting/sigpx49p0_recenter_fovh2v_combined/casting_report.json,/mnt/ssd1/29d_kon/acm_2026/outputs/coordinator/rc2_full_metrics_20260610_143622/3DVA/_logs/screen_space/casting.log,20000,9312,9312,46.56,9565,47.83,47.83,,52465,450,0.20527442401553175,0.5067061523455328,5.779275825776606,0.04618646800796323,0.1638785520639293,0.20208419531785046,0.5936184422123191,0.6766106375251038,0.7654926457781983,0.7675644427429859,0.41518225101856043,0.7046434571652008,0.6390601789998827,0.008773122251821846,1.8902004069,,,,16390
chair107,cone,ok,,,/mnt/ssd1/29d_kon/acm_2026/outputs/coordinator/rc2_full_metrics_20260610_143622/3DVA/baseline_cone/chair107/recenter_fovh2v_combined/chair107_report.json,/mnt/ssd1/29d_kon/acm_2026/outputs/coordinator/rc2_full_metrics_20260610_143622/3DVA/_logs/cone/chair107.log,20000,12531,12531,62.66,13066,65.33,65.33,,52465,450,0.46847877805261556,0.6669948281966234,0.3831265154006789,0.03910780521414776,0.144789077028799,0.5014989697177867,0.767963935776239,0.7770611229231182,0.8146608392194198,0.7129579193678315,0.9326914436782264,1.143774135469765,0.5209116488342097,19593.122653484803,1.6102928301000001,0.6523205946821691,34224,52465,
chair107,screen_space,ok,,,/mnt/ssd1/29d_kon/acm_2026/outputs/coordinator/rc2_full_metrics_20260610_143622/3DVA/baseline_screen_space/chair107/sigpx49p0_recenter_fovh2v_combined/chair107_report.json,/mnt/ssd1/29d_kon/acm_2026/outputs/coordinator/rc2_full_metrics_20260610_143622/3DVA/_logs/screen_space/chair107.log,20000,12531,12531,62.66,13066,65.33,65.33,,52465,450,0.3936348593163546,0.6433666030192049,0.4243736186888874,0.049956069213155166,0.1557883507439613,0.5047229592542832,0.7190808182420958,0.7431854602504401,0.75481610722976,0.6453178989486481,0.6489465439085279,0.7106291727293412,-0.025789890665135134,0.03226666691078481,1.6102928301000001,,,,17550
cow,cone,ok,,,/mnt/ssd1/29d_kon/acm_2026/outputs/coordinator/rc2_full_metrics_20260610_143622/3DVA/baseline_cone/cow/recenter_fovh2v_combined/cow_report.json,/mnt/ssd1/29d_kon/acm_2026/outputs/coordinator/rc2_full_metrics_20260610_143622/3DVA/_logs/cone/cow.log,20000,15670,15670,78.35,16304,81.52,81.52,,52465,450,-0.09808381777512098,0.48764114767420474,1.0426977560127337,0.053003721719973786,0.15802358968199975,-0.023410886044644103,0.4505235254960098,0.3962894680574434,0.38658004362643816,0.43263252939220853,-0.2840856736500545,-0.31935164982340397,-0.2639941806924317,20378.777286832683,2.1401303336,0.5490326884589727,28805,52465,
cow,screen_space,ok,,,/mnt/ssd1/29d_kon/acm_2026/outputs/coordinator/rc2_full_metrics_20260610_143622/3DVA/baseline_screen_space/cow/sigpx49p0_recenter_fovh2v_combined/cow_report.json,/mnt/ssd1/29d_kon/acm_2026/outputs/coordinator/rc2_full_metrics_20260610_143622/3DVA/_logs/screen_space/cow.log,20000,15670,15670,78.35,16304,81.52,81.52,,52465,450,-0.12258100716508145,0.5338533934870198,0.8441917333231623,0.09571230927508827,0.2417222156979243,-0.054350676436042494,0.5387891079901262,0.3947363582714666,0.4061082077459083,0.36481510865294525,-0.3643720744262186,-0.3515141412574935,-0.48009572533362377,0.02141561471945901,2.1401303336,,,,18818
dinosaur-40K,cone,ok,,,/mnt/ssd1/29d_kon/acm_2026/outputs/coordinator/rc2_full_metrics_20260610_143622/3DVA/baseline_cone/dinosaur-40K/recenter_fovh2v_combined/dinosaur-40K_report.json,/mnt/ssd1/29d_kon/acm_2026/outputs/coordinator/rc2_full_metrics_20260610_143622/3DVA/_logs/cone/dinosaur-40K.log,20000,17736,17736,88.68,18274,91.37,91.37,,53964,450,0.1651231342698581,0.5924710137777451,0.5934996753307914,0.055521838775131685,0.17332226755311234,0.20004739719088738,0.645831516399548,0.6421541283175679,0.5486150851072412,0.5129134645038306,0.4615582076863352,-0.029574901108828346,-0.22030369836628744,26692.61739005444,2.2274441772,0.4983507523534208,26893,53964,
dinosaur-40K,screen_space,ok,,,/mnt/ssd1/29d_kon/acm_2026/outputs/coordinator/rc2_full_metrics_20260610_143622/3DVA/baseline_screen_space/dinosaur-40K/sigpx49p0_recenter_fovh2v_combined/dinosaur-40K_report.json,/mnt/ssd1/29d_kon/acm_2026/outputs/coordinator/rc2_full_metrics_20260610_143622/3DVA/_logs/screen_space/dinosaur-40K.log,20000,17736,17736,88.68,18274,91.37,91.37,,53964,450,0.19573009488175197,0.6402958001072678,0.5099378320507194,0.041278977039773505,0.1484947422696995,0.21353346802593495,0.7017288206433101,0.6036340070320985,0.5036574559590196,0.5469079664948274,0.3779984751424141,-0.07917528910103268,-0.026090628952793096,0.030662774088181008,2.2274441772,,,,19306
dragon,cone,ok,,,/mnt/ssd1/29d_kon/acm_2026/outputs/coordinator/rc2_full_metrics_20260610_143622/3DVA/baseline_cone/dragon/recenter_fovh2v_combined/dragon_report.json,/mnt/ssd1/29d_kon/acm_2026/outputs/coordinator/rc2_full_metrics_20260610_143622/3DVA/_logs/cone/dragon.log,20000,12119,12119,60.59,13039,65.19,65.19,,53964,450,0.01623200605948457,0.5009068964415547,0.9310377382979623,0.036743941761066504,0.13210809477443125,0.15285847134877914,0.48571540301043825,0.4142044994131655,0.39394426226585266,0.2889198839940672,-0.2589712796380822,-0.29984942269465753,-0.5859318576200205,12735.973883062314,2.2390677379,0.6681306055889111,36055,53964,
dragon,screen_space,ok,,,/mnt/ssd1/29d_kon/acm_2026/outputs/coordinator/rc2_full_metrics_20260610_143622/3DVA/baseline_screen_space/dragon/sigpx49p0_recenter_fovh2v_combined/dragon_report.json,/mnt/ssd1/29d_kon/acm_2026/outputs/coordinator/rc2_full_metrics_20260610_143622/3DVA/_logs/screen_space/dragon.log,20000,12119,12119,60.59,13039,65.19,65.19,,53964,450,0.2228448071541456,0.6056522888471967,0.6000087922916021,0.036314941186752915,0.14400845652000668,0.3482409107560656,0.6480636862665385,0.5710153740187839,0.5702726265068117,0.6703257580954589,0.21570898702048263,0.24279290103763393,0.44175970264895886,0.01691388125029232,2.2390677379,,,,18918
fandisk,cone,ok,,,/mnt/ssd1/29d_kon/acm_2026/outputs/coordinator/rc2_full_metrics_20260610_143622/3DVA/baseline_cone/fandisk/recenter_fovh2v_combined/fandisk_report.json,/mnt/ssd1/29d_kon/acm_2026/outputs/coordinator/rc2_full_metrics_20260610_143622/3DVA/_logs/cone/fandisk.log,20000,11368,11368,56.84,11643,58.22,58.22,,53964,450,0.15398572693770762,0.4824569832821043,1.7620999304585658,0.07052814686472661,0.19016522284328116,0.0804711298361569,0.5366550934705144,0.652713021437928,0.6378751950223169,0.631229876414676,0.4467771315251128,0.3275363282011927,0.06062360420076519,8615.558075749883,1.3257289124,0.9073641687050626,48965,53964,
fandisk,screen_space,ok,,,/mnt/ssd1/29d_kon/acm_2026/outputs/coordinator/rc2_full_metrics_20260610_143622/3DVA/baseline_screen_space/fandisk/sigpx49p0_recenter_fovh2v_combined/fandisk_report.json,/mnt/ssd1/29d_kon/acm_2026/outputs/coordinator/rc2_full_metrics_20260610_143622/3DVA/_logs/screen_space/fandisk.log,20000,11368,11368,56.84,11643,58.22,58.22,,53964,450,0.47430626337428655,0.6172765562025637,3.4624071971732446,0.05361735856946821,0.18089472094719733,0.3166042045592999,0.749949605153244,0.8547140257903951,0.8997889261443118,0.9301675439103861,1.2557531080465114,1.5816442365477723,1.8993399882116133,0.011065846821622732,1.3257289124,,,,17122
flowerpot,cone,ok,,,/mnt/ssd1/29d_kon/acm_2026/outputs/coordinator/rc2_full_metrics_20260610_143622/3DVA/baseline_cone/flowerpot/recenter_fovh2v_combined/flowerpot_report.json,/mnt/ssd1/29d_kon/acm_2026/outputs/coordinator/rc2_full_metrics_20260610_143622/3DVA/_logs/cone/flowerpot.log,20000,10018,10018,50.09,10386,51.93,51.93,,53964,450,0.2517320390669504,0.6242530384344309,0.5602137748010811,0.08668659908928908,0.2243351186326756,0.2984699967680933,0.6610287918100624,0.5923728519482969,0.5868151499321679,0.6397064324510346,0.35628116556258954,0.4017854560658915,0.7629387549509015,17484.56141348376,2.2168826677,0.8064820991772292,43521,53964,
flowerpot,screen_space,ok,,,/mnt/ssd1/29d_kon/acm_2026/outputs/coordinator/rc2_full_metrics_20260610_143622/3DVA/baseline_screen_space/flowerpot/sigpx49p0_recenter_fovh2v_combined/flowerpot_report.json,/mnt/ssd1/29d_kon/acm_2026/outputs/coordinator/rc2_full_metrics_20260610_143622/3DVA/_logs/screen_space/flowerpot.log,20000,10018,10018,50.09,10386,51.93,51.93,,53964,450,0.3034302037560043,0.6577660422520385,0.46399983489736396,0.07123919058724978,0.216359610690197,0.32694554392499886,0.7027879855491154,0.6247723711591157,0.6210269534843831,0.5768875405862374,0.6203245144763496,0.604675395138775,0.5334193094606307,0.015936681997116002,2.2168826677,,,,19110
gorgoile,cone,ok,,,/mnt/ssd1/29d_kon/acm_2026/outputs/coordinator/rc2_full_metrics_20260610_143622/3DVA/baseline_cone/gorgoile/recenter_fovh2v_combined/gorgoile_report.json,/mnt/ssd1/29d_kon/acm_2026/outputs/coordinator/rc2_full_metrics_20260610_143622/3DVA/_logs/cone/gorgoile.log,20000,13990,13990,69.95,14617,73.08,73.08,,53964,450,0.30147275857708855,0.6324165590172623,0.5060018377657246,0.026132128619523517,0.09762324627941636,0.49320986778900544,0.6408695446950073,0.6726175750457166,0.5258843114333582,0.43763921601812805,0.8029288561632961,0.018137886656941365,-0.2718063045720129,13215.887591176885,2.1782286397,0.8252909346972055,44536,53964,
gorgoile,screen_space,ok,,,/mnt/ssd1/29d_kon/acm_2026/outputs/coordinator/rc2_full_metrics_20260610_143622/3DVA/baseline_screen_space/gorgoile/sigpx49p0_recenter_fovh2v_combined/gorgoile_report.json,/mnt/ssd1/29d_kon/acm_2026/outputs/coordinator/rc2_full_metrics_20260610_143622/3DVA/_logs/screen_space/gorgoile.log,20000,13990,13990,69.95,14617,73.08,73.08,,53964,450,0.386523280076771,0.667805450455711,0.4168045243024164,0.03391682864857855,0.12677024966054887,0.5206611051671931,0.7177372716224546,0.7540303942106661,0.6837940485875509,0.658876211161728,0.90095497625146,0.46143738810623985,0.32292007948753054,0.019768804614628252,2.1782286397,,,,18917
hand-35K,cone,ok,,,/mnt/ssd1/29d_kon/acm_2026/outputs/coordinator/rc2_full_metrics_20260610_143622/3DVA/baseline_cone/hand-35K/recenter_fovh2v_combined/hand-35K_report.json,/mnt/ssd1/29d_kon/acm_2026/outputs/coordinator/rc2_full_metrics_20260610_143622/3DVA/_logs/cone/hand-35K.log,20000,17091,17091,85.45,17403,87.02,87.02,,52465,450,0.5309912581623809,0.715795845515358,0.3092559135507186,0.04741883430681404,0.1623025167820442,0.5929738653844088,0.8021435141067204,0.7538106111654654,0.7137940112943815,0.6225574645925238,0.930871646621781,0.8957888025210052,0.13305269947414042,36344.47928374127,2.1418045351,0.8430382159534928,44230,52465,
hand-35K,screen_space,ok,,,/mnt/ssd1/29d_kon/acm_2026/outputs/coordinator/rc2_full_metrics_20260610_143622/3DVA/baseline_screen_space/hand-35K/sigpx49p0_recenter_fovh2v_combined/hand-35K_report.json,/mnt/ssd1/29d_kon/acm_2026/outputs/coordinator/rc2_full_metrics_20260610_143622/3DVA/_logs/screen_space/hand-35K.log,20000,17091,17091,85.45,17403,87.02,87.02,,52465,450,0.6458339869661902,0.7522664764264053,0.22637182172242995,0.03366599269096701,0.13665053786891118,0.7019199296814674,0.8492487653817989,0.8271518936323634,0.764484763641081,0.5594225347441043,1.207526766441883,1.0495775564909804,0.042000670372130594,0.04116859795920851,2.1418045351,,,,20000
horse-110k,cone,ok,,,/mnt/ssd1/29d_kon/acm_2026/outputs/coordinator/rc2_full_metrics_20260610_143622/3DVA/baseline_cone/horse-110k/recenter_fovh2v_combined/horse-110k_report.json,/mnt/ssd1/29d_kon/acm_2026/outputs/coordinator/rc2_full_metrics_20260610_143622/3DVA/_logs/cone/horse-110k.log,20000,16313,16313,81.56,16938,84.69,84.69,,52465,450,0.05480247007278484,0.5755333382549168,0.6993160922083663,0.05743829820345478,0.17210384867803755,0.09897240140935222,0.598606498022539,0.531108916369287,0.546238310928906,0.6804683991917378,0.08337752923677215,0.150373125433951,0.37514555755705536,24260.575712822058,2.2123475721,0.5489564471552464,28801,52465,
horse-110k,screen_space,ok,,,/mnt/ssd1/29d_kon/acm_2026/outputs/coordinator/rc2_full_metrics_20260610_143622/3DVA/baseline_screen_space/horse-110k/sigpx49p0_recenter_fovh2v_combined/horse-110k_report.json,/mnt/ssd1/29d_kon/acm_2026/outputs/coordinator/rc2_full_metrics_20260610_143622/3DVA/_logs/screen_space/horse-110k.log,20000,16313,16313,81.56,16938,84.69,84.69,,52465,450,0.1012100940135206,0.6302781447451831,0.6384332358270289,0.07803921845705326,0.20782217504833658,0.16054874886017312,0.6771725574126167,0.5753561042616648,0.6052895218069425,0.6568237469128873,0.14829437976879356,0.23927614125840638,0.34999388668746423,0.020148893427550524,2.2123475721,,,,19082
house,cone,ok,,,/mnt/ssd1/29d_kon/acm_2026/outputs/coordinator/rc2_full_metrics_20260610_143622/3DVA/baseline_cone/house/recenter_fovh2v_combined/house_report.json,/mnt/ssd1/29d_kon/acm_2026/outputs/coordinator/rc2_full_metrics_20260610_143622/3DVA/_logs/cone/house.log,55560,19766,19766,35.58,20465,36.83,36.83,,53964,450,0.28520379997381257,0.6370026179188397,0.48896575481261245,0.03633722299959212,0.13794784837923452,0.3497174458127648,0.7027305466746657,0.6178393378368678,0.651319693037588,0.6351953868008572,0.4177212933644657,0.5134578081826805,0.46675194197235786,28045.790084436372,2.101263205,0.8172670669335113,44103,53964,
house,screen_space,ok,,,/mnt/ssd1/29d_kon/acm_2026/outputs/coordinator/rc2_full_metrics_20260610_143622/3DVA/baseline_screen_space/house/sigpx49p0_recenter_fovh2v_combined/house_report.json,/mnt/ssd1/29d_kon/acm_2026/outputs/coordinator/rc2_full_metrics_20260610_143622/3DVA/_logs/screen_space/house.log,55560,19766,19766,35.58,20465,36.83,36.83,,53964,450,0.22517643967240178,0.6374319041537855,0.4971301841574645,0.058092194943490924,0.17867090028652383,0.3519635388356183,0.698296925018804,0.6170069205997001,0.631035664598979,0.5961203139672068,0.27556681081288925,0.3201678458696563,0.1917633431675445,0.022854007204571092,2.101263205,,,,47123
igea-100K,cone,ok,,,/mnt/ssd1/29d_kon/acm_2026/outputs/coordinator/rc2_full_metrics_20260610_143622/3DVA/baseline_cone/igea-100K/recenter_fovh2v_combined/igea-100K_report.json,/mnt/ssd1/29d_kon/acm_2026/outputs/coordinator/rc2_full_metrics_20260610_143622/3DVA/_logs/cone/igea-100K.log,20000,15046,15046,75.23,16942,84.71,84.71,,53964,450,0.2424727604163204,0.5395736161376385,0.9459721029495476,0.03527337150094169,0.13371626116879148,0.3362152431887377,0.5930110891616631,0.5619634637734238,0.557918902450462,0.5730801335559265,0.2613295306682547,0.26201292282571137,0.03411367611147799,18289.919811531992,2.0367888265999996,0.8343340004447409,45024,53964,
igea-100K,screen_space,ok,,,/mnt/ssd1/29d_kon/acm_2026/outputs/coordinator/rc2_full_metrics_20260610_143622/3DVA/baseline_screen_space/igea-100K/sigpx49p0_recenter_fovh2v_combined/igea-100K_report.json,/mnt/ssd1/29d_kon/acm_2026/outputs/coordinator/rc2_full_metrics_20260610_143622/3DVA/_logs/screen_space/igea-100K.log,20000,15046,15046,75.23,16942,84.71,84.71,,53964,450,0.3203211868919728,0.5751040523486652,0.7125484448424813,0.044544171833749764,0.15183317107018152,0.4427210256186083,0.6428454973796749,0.6636658732420498,0.6609795473409755,0.6309407485865799,0.5055700281486454,0.5389458371730005,0.27646808140413365,0.016829632513539788,2.0367888265999996,,,,18938
james,cone,ok,,,/mnt/ssd1/29d_kon/acm_2026/outputs/coordinator/rc2_full_metrics_20260610_143622/3DVA/baseline_cone/james/recenter_fovh2v_combined/james_report.json,/mnt/ssd1/29d_kon/acm_2026/outputs/coordinator/rc2_full_metrics_20260610_143622/3DVA/_logs/cone/james.log,20000,7523,7523,37.62,7808,39.04,39.04,,52465,450,0.6006155038232927,0.6471175552976516,0.4152141353719678,0.045672831245981815,0.15892213157967416,0.546612378691127,0.763144534231028,0.8644647943809928,0.9012964272647995,0.9504332687510954,1.5019219202521978,2.100603939130094,2.7519961600759406,6984.786959699342,1.9205746058,0.8321357095206328,43658,52465,
james,screen_space,ok,,,/mnt/ssd1/29d_kon/acm_2026/outputs/coordinator/rc2_full_metrics_20260610_143622/3DVA/baseline_screen_space/james/sigpx49p0_recenter_fovh2v_combined/james_report.json,/mnt/ssd1/29d_kon/acm_2026/outputs/coordinator/rc2_full_metrics_20260610_143622/3DVA/_logs/screen_space/james.log,20000,7523,7523,37.62,7808,39.04,39.04,,52465,450,0.6647857940199564,0.7567725405153729,0.27695113290327167,0.03239780043356934,0.12914872802885444,0.5999496954257437,0.8576628685449136,0.8741527785547132,0.9011550502457375,0.9395020562045625,1.4513195775090404,1.8825741692306603,2.1829174747488143,0.026325941112363534,1.9205746058,,,,19275
meca-15k,cone,ok,,,/mnt/ssd1/29d_kon/acm_2026/outputs/coordinator/rc2_full_metrics_20260610_143622/3DVA/baseline_cone/meca-15k/recenter_fovh2v_combined/meca-15k_report.json,/mnt/ssd1/29d_kon/acm_2026/outputs/coordinator/rc2_full_metrics_20260610_143622/3DVA/_logs/cone/meca-15k.log,15000,13447,13447,89.65,13818,92.12,92.12,,52465,450,0.20499074574968723,0.6292035641864064,0.7346918445273516,0.06502516244693073,0.18286127193124072,0.3061640162849308,0.6807079011132462,0.4960153729497342,0.3880757140776674,0.237491328671108,0.0017676024177880288,-0.2982808057951226,-0.7533394372692549,23138.52067616579,2.0629830722,0.9198513294577337,48260,52465,
meca-15k,screen_space,ok,,,/mnt/ssd1/29d_kon/acm_2026/outputs/coordinator/rc2_full_metrics_20260610_143622/3DVA/baseline_screen_space/meca-15k/sigpx49p0_recenter_fovh2v_combined/meca-15k_report.json,/mnt/ssd1/29d_kon/acm_2026/outputs/coordinator/rc2_full_metrics_20260610_143622/3DVA/_logs/screen_space/meca-15k.log,15000,13447,13447,89.65,13818,92.12,92.12,,52465,450,0.11426780898580767,0.5462164622815238,4.644615807375591,0.11132366246667048,0.26002015674468315,0.1809473794153722,0.6225357320375708,0.4566792105827859,0.37870736698160906,0.28604340739704454,-0.16794300204283966,-0.42320506280405434,-0.7611118740757671,0.025167812901388607,2.0629830722,,,,11198
michael3,cone,ok,,,/mnt/ssd1/29d_kon/acm_2026/outputs/coordinator/rc2_full_metrics_20260610_143622/3DVA/baseline_cone/michael3/recenter_fovh2v_combined/michael3_report.json,/mnt/ssd1/29d_kon/acm_2026/outputs/coordinator/rc2_full_metrics_20260610_143622/3DVA/_logs/cone/michael3.log,20000,13630,13630,68.15,14196,70.98,70.98,,52465,450,0.6872469434125609,0.7521899661795795,0.2771949626102273,0.030880303457364054,0.1314138489868559,0.6518627941525165,0.8626069335774766,0.9048693302583188,0.8843983745271571,0.8568121050194722,1.4825558121015767,1.454138959128137,1.345232796358445,23168.326150877932,1.9340201984999998,0.6994758410368818,36698,52465,
michael3,screen_space,ok,,,/mnt/ssd1/29d_kon/acm_2026/outputs/coordinator/rc2_full_metrics_20260610_143622/3DVA/baseline_screen_space/michael3/sigpx49p0_recenter_fovh2v_combined/michael3_report.json,/mnt/ssd1/29d_kon/acm_2026/outputs/coordinator/rc2_full_metrics_20260610_143622/3DVA/_logs/screen_space/michael3.log,20000,13630,13630,68.15,14196,70.98,70.98,,52465,450,0.6521249888190769,0.7774088790112688,0.20904533413655924,0.027646998709163085,0.12507524362554479,0.6635950624599845,0.8820929247539397,0.8638780239357244,0.850381877502595,0.8428461046626994,1.1709850657163443,1.177462537999411,1.1720886605431298,0.040438453514706096,1.9340201984999998,,,,19569
michael8,cone,ok,,,/mnt/ssd1/29d_kon/acm_2026/outputs/coordinator/rc2_full_metrics_20260610_143622/3DVA/baseline_cone/michael8/recenter_fovh2v_combined/michael8_report.json,/mnt/ssd1/29d_kon/acm_2026/outputs/coordinator/rc2_full_metrics_20260610_143622/3DVA/_logs/cone/michael8.log,20000,13612,13612,68.06,14371,71.86,71.86,,52465,450,-0.020695820735130863,0.5112844407251991,0.9018547515025922,0.05191732032391701,0.16686544248308285,0.035197644949851566,0.5169355461113542,0.41222500429355224,0.414548989851859,0.6390636348726599,-0.24321520593667278,-0.19814085149087962,0.6742015654528998,18261.267214857457,2.0863469291,0.4528733441341847,23760,52465,
michael8,screen_space,ok,,,/mnt/ssd1/29d_kon/acm_2026/outputs/coordinator/rc2_full_metrics_20260610_143622/3DVA/baseline_screen_space/michael8/sigpx49p0_recenter_fovh2v_combined/michael8_report.json,/mnt/ssd1/29d_kon/acm_2026/outputs/coordinator/rc2_full_metrics_20260610_143622/3DVA/_logs/screen_space/michael8.log,20000,13612,13612,68.06,14371,71.86,71.86,,52465,450,-0.0005777441666681589,0.5567138353615452,0.95928845467151,0.03842316259135173,0.1351105346972126,0.14862897431811609,0.5531265787798222,0.43251912311090424,0.4330613089850759,0.6429507567770202,-0.22753079935703666,-0.21401649844756254,0.4848958198992766,0.022565517906035254,2.0863469291,,,,19015
octopus,cone,ok,,,/mnt/ssd1/29d_kon/acm_2026/outputs/coordinator/rc2_full_metrics_20260610_143622/3DVA/baseline_cone/octopus/recenter_fovh2v_combined/octopus_report.json,/mnt/ssd1/29d_kon/acm_2026/outputs/coordinator/rc2_full_metrics_20260610_143622/3DVA/_logs/cone/octopus.log,20000,14676,14676,73.38,15611,78.06,78.06,,53964,450,0.5750481112325303,0.6012701807647034,0.5899975867710104,0.02089714881118206,0.0850540964994612,0.5005897980468224,0.710775503539722,0.8774278364848693,0.9217106291275514,0.934860102593355,1.5623701431821377,1.9032133401112004,1.9614639458891252,12026.482319231818,2.1101037156,0.6013453413386702,32451,53964,
octopus,screen_space,ok,,,/mnt/ssd1/29d_kon/acm_2026/outputs/coordinator/rc2_full_metrics_20260610_143622/3DVA/baseline_screen_space/octopus/sigpx49p0_recenter_fovh2v_combined/octopus_report.json,/mnt/ssd1/29d_kon/acm_2026/outputs/coordinator/rc2_full_metrics_20260610_143622/3DVA/_logs/screen_space/octopus.log,20000,14676,14676,73.38,15611,78.06,78.06,,53964,450,0.5931335156928355,0.6354315696882137,0.4419099504263472,0.017246699288058404,0.09172734421766446,0.5516289488496762,0.750359042504229,0.8822635728307426,0.9142893035279046,0.9409781154509087,1.5355823488243976,1.8359771174095467,2.0987997194154544,0.0298620320737467,2.1101037156,,,,19191
prot,cone,ok,,,/mnt/ssd1/29d_kon/acm_2026/outputs/coordinator/rc2_full_metrics_20260610_143622/3DVA/baseline_cone/prot/recenter_fovh2v_combined/prot_report.json,/mnt/ssd1/29d_kon/acm_2026/outputs/coordinator/rc2_full_metrics_20260610_143622/3DVA/_logs/cone/prot.log,20000,9535,9535,47.67,10246,51.23,51.23,,53964,450,-0.10919858279941912,0.5157596945229206,0.9219254427483856,0.04730145105902516,0.1624843657215057,-0.04707638606734921,0.5269907403107911,0.4502383477798556,0.42153500410272,0.39081761873174764,-0.24037188942738658,-0.3302461624562781,-0.3977958587869139,9491.994607678218,2.3732574084999998,0.9468163961159292,51094,53964,
prot,screen_space,ok,,,/mnt/ssd1/29d_kon/acm_2026/outputs/coordinator/rc2_full_metrics_20260610_143622/3DVA/baseline_screen_space/prot/sigpx49p0_recenter_fovh2v_combined/prot_report.json,/mnt/ssd1/29d_kon/acm_2026/outputs/coordinator/rc2_full_metrics_20260610_143622/3DVA/_logs/screen_space/prot.log,20000,9535,9535,47.67,10246,51.23,51.23,,53964,450,0.06955161093939016,0.6133302669673643,1.2294989811638128,0.05403329130466328,0.18137134381959458,0.13951140882003313,0.6670937025635937,0.4897740311748633,0.4557086489984336,0.3265320480239373,-0.046186800573327254,-0.15977188252827518,-0.6163164341103116,0.012297462185204677,2.3732574084999998,,,,19278
rockerArm,cone,ok,,,/mnt/ssd1/29d_kon/acm_2026/outputs/coordinator/rc2_full_metrics_20260610_143622/3DVA/baseline_cone/rockerArm/recenter_fovh2v_combined/rockerArm_report.json,/mnt/ssd1/29d_kon/acm_2026/outputs/coordinator/rc2_full_metrics_20260610_143622/3DVA/_logs/cone/rockerArm.log,20000,11332,11332,56.66,11731,58.66,58.66,,53964,450,0.08939141032710994,0.5880104761493303,0.7192865101886777,0.06994468332221743,0.20811425502527406,0.12409745751087824,0.5359215091865918,0.5698701169396152,0.5269830687875983,0.5689393972564354,0.3574747005229116,0.1550138837985125,0.03153914740246311,19298.679910869992,2.1782232367,0.8918538284782448,48128,53964,
rockerArm,screen_space,ok,,,/mnt/ssd1/29d_kon/acm_2026/outputs/coordinator/rc2_full_metrics_20260610_143622/3DVA/baseline_screen_space/rockerArm/sigpx49p0_recenter_fovh2v_combined/rockerArm_report.json,/mnt/ssd1/29d_kon/acm_2026/outputs/coordinator/rc2_full_metrics_20260610_143622/3DVA/_logs/screen_space/rockerArm.log,20000,11332,11332,56.66,11731,58.66,58.66,,53964,450,0.1262315070348351,0.6296535556162772,1.6879621865150143,0.19436757546361375,0.3938338618279314,0.3022846337873238,0.5834461615497165,0.5996686439268034,0.5291022219885018,0.47161312497537095,0.26838470447332463,0.07330498687500321,-0.047833662885784334,0.02411283920901689,2.1782232367,,,,19291
torso,cone,ok,,,/mnt/ssd1/29d_kon/acm_2026/outputs/coordinator/rc2_full_metrics_20260610_143622/3DVA/baseline_cone/torso/recenter_fovh2v_combined/torso_report.json,/mnt/ssd1/29d_kon/acm_2026/outputs/coordinator/rc2_full_metrics_20260610_143622/3DVA/_logs/cone/torso.log,20000,12973,12973,64.86,13355,66.78,66.78,,55463,450,0.5730253238904759,0.6443008248269353,0.4992028861945545,0.02041890270689093,0.0948385438630003,0.43061055355956107,0.7553334393937381,0.8900281639898504,0.8813820101579768,0.9070220713993002,1.4754524269427929,1.5871587675084702,2.2365971283469137,12647.471867145747,1.9402283656,0.8083767556749545,44835,55463,
torso,screen_space,ok,,,/mnt/ssd1/29d_kon/acm_2026/outputs/coordinator/rc2_full_metrics_20260610_143622/3DVA/baseline_screen_space/torso/sigpx49p0_recenter_fovh2v_combined/torso_report.json,/mnt/ssd1/29d_kon/acm_2026/outputs/coordinator/rc2_full_metrics_20260610_143622/3DVA/_logs/screen_space/torso.log,20000,12973,12973,64.86,13355,66.78,66.78,,55463,450,0.6019327792070972,0.672438696455695,0.36641576907725076,0.019610860350605292,0.106228944835602,0.48666805854015444,0.7976384918810107,0.9058379621487535,0.9036293693058433,0.9277692544764267,1.5060168991740455,1.6688320489716753,2.320625150791922,0.03485874722942541,1.9402283656,,,,17686
turbine,cone,ok,,,/mnt/ssd1/29d_kon/acm_2026/outputs/coordinator/rc2_full_metrics_20260610_143622/3DVA/baseline_cone/turbine/recenter_fovh2v_combined/turbine_report.json,/mnt/ssd1/29d_kon/acm_2026/outputs/coordinator/rc2_full_metrics_20260610_143622/3DVA/_logs/cone/turbine.log,20000,10140,10140,50.7,11223,56.12,56.12,,53964,450,0.2478590791042154,0.6077522823349486,0.5361005216902917,0.055055630582395404,0.18169857158841832,0.2420138768033484,0.66463415996361,0.6176069227581708,0.6416468412990309,0.6939960810240315,0.48636011611122926,0.5241941060367922,0.5349387558917831,20328.977802278925,2.3099765155,0.8742309687940109,47177,53964,
turbine,screen_space,ok,,,/mnt/ssd1/29d_kon/acm_2026/outputs/coordinator/rc2_full_metrics_20260610_143622/3DVA/baseline_screen_space/turbine/sigpx49p0_recenter_fovh2v_combined/turbine_report.json,/mnt/ssd1/29d_kon/acm_2026/outputs/coordinator/rc2_full_metrics_20260610_143622/3DVA/_logs/screen_space/turbine.log,20000,10140,10140,50.7,11223,56.12,56.12,,53964,450,0.3102744042014066,0.6290402531706949,0.4958584909495091,0.041206940155755475,0.14812903236475736,0.41332169494396476,0.6866625065921022,0.7347255847579415,0.7116437135253014,0.7528137769529164,0.5156406233288288,0.45957981367054246,0.6317612031241464,0.019368260593246756,2.3099765155,,,,18135
vase-15k,cone,ok,,,/mnt/ssd1/29d_kon/acm_2026/outputs/coordinator/rc2_full_metrics_20260610_143622/3DVA/baseline_cone/vase-15k/recenter_fovh2v_combined/vase-15k_report.json,/mnt/ssd1/29d_kon/acm_2026/outputs/coordinator/rc2_full_metrics_20260610_143622/3DVA/_logs/cone/vase-15k.log,20000,15661,15661,78.31,16261,81.31,81.31,,52465,450,0.5699529342920105,0.6962195586651803,0.37954604251750534,0.03288156363210896,0.1314447338865012,0.5749408080968057,0.8068475240187807,0.7798199442760664,0.7703480109287062,0.9280057653010281,0.9995795477478646,0.9912011312076565,1.778714873600611,25282.80303356024,2.1133535087,0.8388640045744782,44011,52465,
vase-15k,screen_space,ok,,,/mnt/ssd1/29d_kon/acm_2026/outputs/coordinator/rc2_full_metrics_20260610_143622/3DVA/baseline_screen_space/vase-15k/sigpx49p0_recenter_fovh2v_combined/vase-15k_report.json,/mnt/ssd1/29d_kon/acm_2026/outputs/coordinator/rc2_full_metrics_20260610_143622/3DVA/_logs/screen_space/vase-15k.log,20000,15661,15661,78.31,16261,81.31,81.31,,52465,450,0.5749240796379912,0.6993678953957274,0.3552773824423231,0.0322258526084262,0.12809291783548787,0.5691992249852773,0.8080753360769479,0.7825711969473721,0.7845598383566921,0.9299752970113271,1.0507300844430816,1.1268043227131743,1.783601601986382,0.03505886999698292,2.1133535087,,,,19266
