model,method,status,error_type,error_message,report_path,stdout_log_path,gt_file,gt_match_type,gt_domain,fixed_gt_file,n_vertices,n_gt_covered,gt_coverage_pct,gt_smoothed,num_rows,num_participants,num_points,num_frames_with_points,projection_fov_mode,input_fov_deg,effective_vertical_fov_deg,CC,SIM,KLD,MSE,MAE,Spearman,Cosine,AUC_Judd_gt_top_10pct_proxy,AUC_Judd_gt_top_5pct_proxy,AUC_Judd_gt_top_1pct_proxy,NSS_gt_top_10pct_proxy,NSS_gt_top_5pct_proxy,NSS_gt_top_1pct_proxy,PredictionSum,GroundTruthSum,nonzero_verts_or_faces,culled_back,hit_rate,successful_hits,total_gaze_points
A380,cone,ok,,,/mnt/ssd1/29d_kon/acm_2026/outputs/coordinator/rc2_full_metrics_20260610_143622/SAL3D/baseline_cone/A380/recenter_rotx90p0_horizontaltovertical_blender_rig/A380_report.json,/mnt/ssd1/29d_kon/acm_2026/outputs/coordinator/rc2_full_metrics_20260610_143622/SAL3D/_logs/cone/A380.log,,fixed_face,face,A380_faces.txt,24048,0,0.0,False,,,79164,660,horizontal_to_vertical,60.000001669652114,35.98339890412515,-0.20255371922225746,0.4406809431060774,2.003570497444538,0.11562825270998123,0.2694824801701237,-0.08572152817821815,0.24942059768679908,0.2773871753978958,0.1620659365882296,0.06311453122064115,-0.5543187288286803,-0.9460733850220309,-1.2136418842277226,23147972.94250721,3078.703416863809,23983,,0.3972891718457885,31451,79164
A380,screen_space,ok,,,/mnt/ssd1/29d_kon/acm_2026/outputs/coordinator/rc2_full_metrics_20260610_143622/SAL3D/baseline_screen_space/A380/sigmapx26p3_recenter_rotx90p0_horizontaltovertical_blender_rig/A380_report.json,/mnt/ssd1/29d_kon/acm_2026/outputs/coordinator/rc2_full_metrics_20260610_143622/SAL3D/_logs/screen_space/A380.log,,fixed_face,face,A380_faces.txt,24048,0,0.0,False,,,79164,660,horizontal_to_vertical,60.000001669652114,35.98339890412515,-0.14504974199687307,0.38074940399226054,3.384716355636524,0.10777786352273379,0.2331802653602769,-0.043591185266715564,0.2233949638170915,0.4138139509772059,0.3448949138554497,0.28710454977494104,-0.3071369629746553,-0.6260385073593795,-0.7959220704786942,0.13094459678938974,3078.703416863809,18293,8196979,,,
MaxPlanck,cone,ok,,,/mnt/ssd1/29d_kon/acm_2026/outputs/coordinator/rc2_full_metrics_20260610_143622/SAL3D/baseline_cone/MaxPlanck/recenter_rotx90p0_horizontaltovertical_blender_rig/MaxPlanck_report.json,/mnt/ssd1/29d_kon/acm_2026/outputs/coordinator/rc2_full_metrics_20260610_143622/SAL3D/_logs/cone/MaxPlanck.log,,fixed_face,face,MaxPlanck_faces.txt,19999,0,0.0,False,,,79164,660,horizontal_to_vertical,60.000001669652114,35.98339890412515,0.5169845844912634,0.6374615454899152,0.42166946320363363,0.018273720631958867,0.07235456556671183,0.807823491388175,0.6788957495162191,0.8543765037228427,0.8980023951150181,0.8796584709804516,1.0416425646756673,1.4777416796045921,1.3102084278933654,13441177.223997572,3410.29256573594,19996,,0.9462002930625032,74905,79164
MaxPlanck,screen_space,ok,,,/mnt/ssd1/29d_kon/acm_2026/outputs/coordinator/rc2_full_metrics_20260610_143622/SAL3D/baseline_screen_space/MaxPlanck/sigmapx26p3_recenter_rotx90p0_horizontaltovertical_blender_rig/MaxPlanck_report.json,/mnt/ssd1/29d_kon/acm_2026/outputs/coordinator/rc2_full_metrics_20260610_143622/SAL3D/_logs/screen_space/MaxPlanck.log,,fixed_face,face,MaxPlanck_faces.txt,19999,0,0.0,False,,,79164,660,horizontal_to_vertical,60.000001669652114,35.98339890412515,0.5109714973913261,0.6467510060289805,0.4864261729415165,0.017911920230317582,0.07227446081656919,0.8398197632262924,0.680180866289766,0.8460067198699782,0.8679119137232194,0.8755879678739203,1.0424588734641633,1.3178415751450905,1.159411957088672,0.06275888338783336,3410.29256573594,19363,7344185,,,
alien,cone,ok,,,/mnt/ssd1/29d_kon/acm_2026/outputs/coordinator/rc2_full_metrics_20260610_143622/SAL3D/baseline_cone/alien/recenter_rotx90p0_horizontaltovertical_blender_rig/alien_report.json,/mnt/ssd1/29d_kon/acm_2026/outputs/coordinator/rc2_full_metrics_20260610_143622/SAL3D/_logs/cone/alien.log,,fixed_face,face,alien_faces.txt,60261,0,0.0,False,,,76965,660,horizontal_to_vertical,60.000001669652114,35.98339890412515,0.2298120793692648,0.5721579242279039,0.6040015913318805,0.023856944308461966,0.09681075296557415,0.4420669555226587,0.5727233837691768,0.7022491326040332,0.706670928871091,0.708970816821975,0.43726018754171003,0.494192968947563,0.5090621209036993,24478923.37819794,12096.454693816851,60261,,0.6897680763983629,53088,76965
alien,screen_space,ok,,,/mnt/ssd1/29d_kon/acm_2026/outputs/coordinator/rc2_full_metrics_20260610_143622/SAL3D/baseline_screen_space/alien/sigmapx26p3_recenter_rotx90p0_horizontaltovertical_blender_rig/alien_report.json,/mnt/ssd1/29d_kon/acm_2026/outputs/coordinator/rc2_full_metrics_20260610_143622/SAL3D/_logs/screen_space/alien.log,,fixed_face,face,alien_faces.txt,60261,0,0.0,False,,,76965,660,horizontal_to_vertical,60.000001669652114,35.98339890412515,0.1800826762308655,0.5772818939582902,0.6824953131496423,0.02836361802755218,0.11706144296630691,0.31432439983935867,0.5778196750249295,0.631710208957569,0.7016210332930434,0.6520578903354026,0.35540566676158686,0.5644665194687016,0.3075851406227045,0.17148790513611384,12096.454693816851,57988,20667169,,,
alien2,cone,ok,,,/mnt/ssd1/29d_kon/acm_2026/outputs/coordinator/rc2_full_metrics_20260610_143622/SAL3D/baseline_cone/alien2/recenter_rotx90p0_horizontaltovertical_blender_rig/alien2_report.json,/mnt/ssd1/29d_kon/acm_2026/outputs/coordinator/rc2_full_metrics_20260610_143622/SAL3D/_logs/cone/alien2.log,,fixed_face,face,alien2_faces.txt,13211,0,0.0,False,,,74766,660,horizontal_to_vertical,60.000001669652114,35.98339890412515,0.37081854838157263,0.6226702633602115,0.48116246555700404,0.04288931388821328,0.15330298687745134,0.4401983972732854,0.7159293143504284,0.6903702312932309,0.7373475849359292,0.8071882514290002,0.4962708838940602,0.6180178969881156,0.8358081553344986,5614858.224498012,5326.925575018455,13211,,0.7082631142497927,52954,74766
alien2,screen_space,ok,,,/mnt/ssd1/29d_kon/acm_2026/outputs/coordinator/rc2_full_metrics_20260610_143622/SAL3D/baseline_screen_space/alien2/sigmapx26p3_recenter_rotx90p0_horizontaltovertical_blender_rig/alien2_report.json,/mnt/ssd1/29d_kon/acm_2026/outputs/coordinator/rc2_full_metrics_20260610_143622/SAL3D/_logs/screen_space/alien2.log,,fixed_face,face,alien2_faces.txt,13211,0,0.0,False,,,74766,660,horizontal_to_vertical,60.000001669652114,35.98339890412515,0.0030326272416769683,0.5508472816385324,0.7749543104171326,0.07348357309140639,0.2150796686600192,0.019333924641923284,0.60914315557213,0.48924030606630853,0.5238710593208722,0.6077182241800609,-0.07385289695776734,-0.009054759064509855,0.1800104303820122,0.041290089849001683,5326.925575018455,12795,4397696,,,
armadillo,cone,ok,,,/mnt/ssd1/29d_kon/acm_2026/outputs/coordinator/rc2_full_metrics_20260610_143622/SAL3D/baseline_cone/armadillo/recenter_rotx90p0_horizontaltovertical_blender_rig/armadillo_report.json,/mnt/ssd1/29d_kon/acm_2026/outputs/coordinator/rc2_full_metrics_20260610_143622/SAL3D/_logs/cone/armadillo.log,,fixed_face,face,armadillo_faces.txt,43245,0,0.0,False,,,79164,660,horizontal_to_vertical,60.000001669652114,35.98339890412515,0.3889645390563954,0.6444564980031335,0.46590671497755026,0.031687431641253413,0.11597552662911302,0.545237875933513,0.6325296985405663,0.7594480933232375,0.8275557471995806,0.8224555142291614,0.9170348115074972,1.407720056505789,1.1461122741679317,27827069.846819423,6840.72681596509,43245,,0.8266257389722601,65439,79164
armadillo,screen_space,ok,,,/mnt/ssd1/29d_kon/acm_2026/outputs/coordinator/rc2_full_metrics_20260610_143622/SAL3D/baseline_screen_space/armadillo/sigmapx26p3_recenter_rotx90p0_horizontaltovertical_blender_rig/armadillo_report.json,/mnt/ssd1/29d_kon/acm_2026/outputs/coordinator/rc2_full_metrics_20260610_143622/SAL3D/_logs/screen_space/armadillo.log,,fixed_face,face,armadillo_faces.txt,43245,0,0.0,False,,,79164,660,horizontal_to_vertical,60.000001669652114,35.98339890412515,0.3220320757923534,0.5924293209568118,0.6135831284183678,0.021307811930282746,0.08836162876682938,0.36381092070206383,0.593969093565402,0.7178400004812252,0.8266125602959311,0.8676401709293807,0.7302885967855122,1.3187226409581865,1.4885646203028768,0.15915553297740276,6840.72681596509,41911,15001063,,,
building,cone,ok,,,/mnt/ssd1/29d_kon/acm_2026/outputs/coordinator/rc2_full_metrics_20260610_143622/SAL3D/baseline_cone/building/recenter_rotx90p0_horizontaltovertical_blender_rig/building_report.json,/mnt/ssd1/29d_kon/acm_2026/outputs/coordinator/rc2_full_metrics_20260610_143622/SAL3D/_logs/cone/building.log,,fixed_face,face,building_faces.txt,8888,0,0.0,False,,,79164,660,horizontal_to_vertical,60.000001669652114,35.98339890412515,0.5786197972162908,0.7082573726278522,0.33861710745604084,0.03423040896663593,0.1289929023832006,0.5673787320089156,0.8168861339201355,0.7604752036857609,0.8010924140997193,0.9182664384990602,1.2288675755117129,1.7147593810035642,2.2749049448753134,2509556.639529478,4357.887492464401,8836,,0.8626522156535799,68291,79164
building,screen_space,ok,,,/mnt/ssd1/29d_kon/acm_2026/outputs/coordinator/rc2_full_metrics_20260610_143622/SAL3D/baseline_screen_space/building/sigmapx26p3_recenter_rotx90p0_horizontaltovertical_blender_rig/building_report.json,/mnt/ssd1/29d_kon/acm_2026/outputs/coordinator/rc2_full_metrics_20260610_143622/SAL3D/_logs/screen_space/building.log,,fixed_face,face,building_faces.txt,8888,0,0.0,False,,,79164,660,horizontal_to_vertical,60.000001669652114,35.98339890412515,0.4922921727783736,0.6930811244006649,0.6471838950225803,0.0377856646976163,0.14089252035513014,0.5246449494301529,0.7866491344651941,0.7455533788725092,0.7910240146742293,0.9014264815202339,0.9107129999387621,1.250622575426527,1.8292305032584317,0.012360170384185593,4357.887492464401,8318,3135403,,,
bunny,cone,ok,,,/mnt/ssd1/29d_kon/acm_2026/outputs/coordinator/rc2_full_metrics_20260610_143622/SAL3D/baseline_cone/bunny/recenter_rotx90p0_horizontaltovertical_blender_rig/bunny_report.json,/mnt/ssd1/29d_kon/acm_2026/outputs/coordinator/rc2_full_metrics_20260610_143622/SAL3D/_logs/cone/bunny.log,,fixed_face,face,bunny_faces.txt,20000,0,0.0,False,,,79164,660,horizontal_to_vertical,60.000001669652114,35.98339890412515,0.47499613775587124,0.66439279365001,0.4265080269471626,0.025738487616332188,0.0924095315625438,0.6951179059279694,0.7023283609091708,0.7559485567840872,0.7797921557532372,0.8021956131932519,0.9351339520093138,1.2219899152131495,0.7790711828781973,8138583.837533414,5937.546371185071,19101,,0.8330933252488505,65951,79164
bunny,screen_space,ok,,,/mnt/ssd1/29d_kon/acm_2026/outputs/coordinator/rc2_full_metrics_20260610_143622/SAL3D/baseline_screen_space/bunny/sigmapx26p3_recenter_rotx90p0_horizontaltovertical_blender_rig/bunny_report.json,/mnt/ssd1/29d_kon/acm_2026/outputs/coordinator/rc2_full_metrics_20260610_143622/SAL3D/_logs/screen_space/bunny.log,,fixed_face,face,bunny_faces.txt,20000,0,0.0,False,,,79164,660,horizontal_to_vertical,60.000001669652114,35.98339890412515,0.40648782679078843,0.6466350549615849,0.5364527296791199,0.02845956832219454,0.10270208867336844,0.6000386161213602,0.684298380212794,0.738628805978442,0.7626623789346247,0.6989929854025659,0.7669263522059419,0.9385040239748512,0.3232794544300146,0.039588732124816006,5937.546371185071,17817,7435399,,,
camel,cone,ok,,,/mnt/ssd1/29d_kon/acm_2026/outputs/coordinator/rc2_full_metrics_20260610_143622/SAL3D/baseline_cone/camel/recenter_rotx90p0_horizontaltovertical_blender_rig/camel_report.json,/mnt/ssd1/29d_kon/acm_2026/outputs/coordinator/rc2_full_metrics_20260610_143622/SAL3D/_logs/cone/camel.log,,fixed_face,face,camel_faces.txt,20000,0,0.0,False,,,76965,660,horizontal_to_vertical,60.000001669652114,35.98339890412515,0.4269098286404645,0.652841332582739,0.4327044641498806,0.03244092585812104,0.12326939157948355,0.6365321138785421,0.681557034380939,0.7348703953217024,0.735246354879461,0.7802343671077887,0.9778009586432383,1.021036652936392,0.7986606173187184,9915879.333539091,3763.3659511151077,20000,,0.5260962775287469,40491,76965
camel,screen_space,ok,,,/mnt/ssd1/29d_kon/acm_2026/outputs/coordinator/rc2_full_metrics_20260610_143622/SAL3D/baseline_screen_space/camel/sigmapx26p3_recenter_rotx90p0_horizontaltovertical_blender_rig/camel_report.json,/mnt/ssd1/29d_kon/acm_2026/outputs/coordinator/rc2_full_metrics_20260610_143622/SAL3D/_logs/screen_space/camel.log,,fixed_face,face,camel_faces.txt,20000,0,0.0,False,,,76965,660,horizontal_to_vertical,60.000001669652114,35.98339890412515,0.33086470734414497,0.6241205141183035,0.554866149286741,0.04597805263123789,0.15825765444403328,0.5176876169579415,0.6476582825263452,0.6700684173241471,0.6639796294346774,0.7225128485200525,0.6035441550856336,0.6134631579989275,0.6617332403508251,0.04873760560917136,3763.3659511151077,19203,7003084,,,
car,cone,ok,,,/mnt/ssd1/29d_kon/acm_2026/outputs/coordinator/rc2_full_metrics_20260610_143622/SAL3D/baseline_cone/car/recenter_rotx90p0_horizontaltovertical_blender_rig/car_report.json,/mnt/ssd1/29d_kon/acm_2026/outputs/coordinator/rc2_full_metrics_20260610_143622/SAL3D/_logs/cone/car.log,,fixed_face,face,car_faces.txt,15545,0,0.0,False,,,76965,660,horizontal_to_vertical,60.000001669652114,35.98339890412515,0.21280673226379768,0.5404150155665908,0.8930253224568994,0.04644307577862477,0.1461247599199032,0.5036581816287539,0.549716840899064,0.6414730254518102,0.5777294251035563,0.5366520827184131,0.3118786363042146,0.08033357595157314,-0.0609367144422356,8926323.637579335,3292.9407672213024,14292,,0.7703761450009745,59292,76965
car,screen_space,ok,,,/mnt/ssd1/29d_kon/acm_2026/outputs/coordinator/rc2_full_metrics_20260610_143622/SAL3D/baseline_screen_space/car/sigmapx26p3_recenter_rotx90p0_horizontaltovertical_blender_rig/car_report.json,/mnt/ssd1/29d_kon/acm_2026/outputs/coordinator/rc2_full_metrics_20260610_143622/SAL3D/_logs/screen_space/car.log,,fixed_face,face,car_faces.txt,15545,0,0.0,False,,,76965,660,horizontal_to_vertical,60.000001669652114,35.98339890412515,0.05641685321558065,0.4896721085326495,1.4346923065564583,0.0669356541608159,0.17654224998132764,0.35879953440015727,0.4638515941556258,0.5506086289945494,0.4810164608753285,0.40463774778563427,-0.018935108382752662,-0.21475481229231844,-0.41328412916453916,0.05152289162585304,3292.9407672213024,11810,5628511,,,
cart,cone,ok,,,/mnt/ssd1/29d_kon/acm_2026/outputs/coordinator/rc2_full_metrics_20260610_143622/SAL3D/baseline_cone/cart/recenter_rotx90p0_horizontaltovertical_blender_rig/cart_report.json,/mnt/ssd1/29d_kon/acm_2026/outputs/coordinator/rc2_full_metrics_20260610_143622/SAL3D/_logs/cone/cart.log,,fixed_face,face,cart_faces.txt,77990,0,0.0,False,,,76965,660,horizontal_to_vertical,60.000001669652114,35.98339890412515,0.5514121518208502,0.6883472057424731,0.34826448180845365,0.03136954189971453,0.1305070793625684,0.489812236330107,0.8050309742449518,0.8329722369725947,0.8981182905611734,0.9533978674607163,1.2999248494956606,1.7269732832554305,2.2555341645207103,52547417.41753724,24055.968252256767,77990,,0.7635808484376015,58769,76965
cart,screen_space,ok,,,/mnt/ssd1/29d_kon/acm_2026/outputs/coordinator/rc2_full_metrics_20260610_143622/SAL3D/baseline_screen_space/cart/sigmapx26p3_recenter_rotx90p0_horizontaltovertical_blender_rig/cart_report.json,/mnt/ssd1/29d_kon/acm_2026/outputs/coordinator/rc2_full_metrics_20260610_143622/SAL3D/_logs/screen_space/cart.log,,fixed_face,face,cart_faces.txt,77990,0,0.0,False,,,76965,660,horizontal_to_vertical,60.000001669652114,35.98339890412515,0.2749240821944392,0.5934048343188917,1.4714676834980502,0.030091728502010157,0.12770474817001212,0.1694464865321283,0.668483370106388,0.6916672862775236,0.7035645466263403,0.8181321497572842,0.71129495640268,0.8003403218945664,1.1354769881356543,0.3331683324859596,24055.968252256767,71301,26676286,,,
carter,cone,ok,,,/mnt/ssd1/29d_kon/acm_2026/outputs/coordinator/rc2_full_metrics_20260610_143622/SAL3D/baseline_cone/carter/recenter_rotx90p0_horizontaltovertical_blender_rig/carter_report.json,/mnt/ssd1/29d_kon/acm_2026/outputs/coordinator/rc2_full_metrics_20260610_143622/SAL3D/_logs/cone/carter.log,,fixed_face,face,carter_faces.txt,20063,0,0.0,False,,,76965,660,horizontal_to_vertical,60.000001669652114,35.98339890412515,0.4567371997374419,0.7254163118267772,0.279004412034931,0.03761009838397905,0.14319723566409928,0.5841961192004891,0.8020682266580009,0.6842999183164707,0.5943758724084207,0.3895882966908613,0.6427042220324188,0.33020491507881394,-0.43548731258537426,8853629.945892854,7609.619426530539,20063,,0.8214383161177159,63222,76965
carter,screen_space,ok,,,/mnt/ssd1/29d_kon/acm_2026/outputs/coordinator/rc2_full_metrics_20260610_143622/SAL3D/baseline_screen_space/carter/sigmapx26p3_recenter_rotx90p0_horizontaltovertical_blender_rig/carter_report.json,/mnt/ssd1/29d_kon/acm_2026/outputs/coordinator/rc2_full_metrics_20260610_143622/SAL3D/_logs/screen_space/carter.log,,fixed_face,face,carter_faces.txt,20063,0,0.0,False,,,76965,660,horizontal_to_vertical,60.000001669652114,35.98339890412515,0.35822501972581583,0.6857782302569093,0.5253832329605054,0.03575559933169154,0.13891640358086227,0.4642055575710657,0.7617070816901805,0.6350386150190364,0.5856519122524011,0.47097105555154983,0.434068869734515,0.31067132992496393,-0.17685748633978135,0.05109365117112352,7609.619426530539,19297,6821569,,,
casting,cone,ok,,,/mnt/ssd1/29d_kon/acm_2026/outputs/coordinator/rc2_full_metrics_20260610_143622/SAL3D/baseline_cone/casting/recenter_rotx90p0_horizontaltovertical_blender_rig/casting_report.json,/mnt/ssd1/29d_kon/acm_2026/outputs/coordinator/rc2_full_metrics_20260610_143622/SAL3D/_logs/cone/casting.log,,fixed_face,face,casting_faces.txt,20000,0,0.0,False,,,76965,660,horizontal_to_vertical,60.000001669652114,35.98339890412515,0.520992707453819,0.6999837365748846,0.29295119733927943,0.02285008044506609,0.10852294420146602,0.49409299044279703,0.7943131206750563,0.7582118184358109,0.9004817034135993,0.8693150674070546,1.2279719438841363,1.8918842144323742,1.2768975510458909,14050504.12885496,6689.3842479427,20000,,0.7931787175989086,61047,76965
casting,screen_space,ok,,,/mnt/ssd1/29d_kon/acm_2026/outputs/coordinator/rc2_full_metrics_20260610_143622/SAL3D/baseline_screen_space/casting/sigmapx26p3_recenter_rotx90p0_horizontaltovertical_blender_rig/casting_report.json,/mnt/ssd1/29d_kon/acm_2026/outputs/coordinator/rc2_full_metrics_20260610_143622/SAL3D/_logs/screen_space/casting.log,,fixed_face,face,casting_faces.txt,20000,0,0.0,False,,,76965,660,horizontal_to_vertical,60.000001669652114,35.98339890412515,0.4735087165773948,0.6866240212508188,0.6334098058098276,0.02207867340652434,0.10226215636823185,0.45119733594462036,0.7699801681017446,0.7317079778221113,0.8153459149317683,0.8273478386746163,1.077207673631311,1.580886503879866,1.7125726240640888,0.06236225374709157,6689.3842479427,19291,6746430,,,
cat,cone,ok,,,/mnt/ssd1/29d_kon/acm_2026/outputs/coordinator/rc2_full_metrics_20260610_143622/SAL3D/baseline_cone/cat/recenter_rotx90p0_horizontaltovertical_blender_rig/cat_report.json,/mnt/ssd1/29d_kon/acm_2026/outputs/coordinator/rc2_full_metrics_20260610_143622/SAL3D/_logs/cone/cat.log,,fixed_face,face,cat_faces.txt,58724,0,0.0,False,,,76965,660,horizontal_to_vertical,60.000001669652114,35.98339890412515,0.3217403640279181,0.6045727478936643,0.523545396223093,0.05014062687356319,0.14915154187005575,0.44510269737299346,0.6718816022043539,0.729136760393018,0.7720857864446341,0.8126063181146819,0.6091321807707897,0.860909407933737,1.0217448484018603,79833278.36582962,19265.65982920706,58724,,0.7183395049697915,55287,76965
cat,screen_space,ok,,,/mnt/ssd1/29d_kon/acm_2026/outputs/coordinator/rc2_full_metrics_20260610_143622/SAL3D/baseline_screen_space/cat/sigmapx26p3_recenter_rotx90p0_horizontaltovertical_blender_rig/cat_report.json,/mnt/ssd1/29d_kon/acm_2026/outputs/coordinator/rc2_full_metrics_20260610_143622/SAL3D/_logs/screen_space/cat.log,,fixed_face,face,cat_faces.txt,58724,0,0.0,False,,,76965,660,horizontal_to_vertical,60.000001669652114,35.98339890412515,0.2529567983743642,0.5992574477577481,0.5762244489078956,0.03649871346449299,0.12888474577074666,0.3806992501875703,0.6346816357252308,0.7220807230421062,0.787883348572684,0.8027254729514195,0.5693421443477495,0.8878583649722621,0.8305485396017052,0.3846649400119414,19265.65982920706,57468,20330027,,,
centauro,cone,ok,,,/mnt/ssd1/29d_kon/acm_2026/outputs/coordinator/rc2_full_metrics_20260610_143622/SAL3D/baseline_cone/centauro/recenter_rotx90p0_horizontaltovertical_blender_rig/centauro_report.json,/mnt/ssd1/29d_kon/acm_2026/outputs/coordinator/rc2_full_metrics_20260610_143622/SAL3D/_logs/cone/centauro.log,,fixed_face,face,centauro_faces.txt,45001,0,0.0,False,,,76965,660,horizontal_to_vertical,60.000001669652114,35.98339890412515,0.4607640292638729,0.6764883886570083,0.34059151355499867,0.024121271416651383,0.0835623957303078,0.7667842479169373,0.6934780410711634,0.7971735248606963,0.8470204969057105,0.9033826298632467,0.7122026485033439,0.9841319880088639,1.39476139333993,41747145.1472092,11165.111376461606,45001,,0.6377574222048983,49085,76965
centauro,screen_space,ok,,,/mnt/ssd1/29d_kon/acm_2026/outputs/coordinator/rc2_full_metrics_20260610_143622/SAL3D/baseline_screen_space/centauro/sigmapx26p3_recenter_rotx90p0_horizontaltovertical_blender_rig/centauro_report.json,/mnt/ssd1/29d_kon/acm_2026/outputs/coordinator/rc2_full_metrics_20260610_143622/SAL3D/_logs/screen_space/centauro.log,,fixed_face,face,centauro_faces.txt,45001,0,0.0,False,,,76965,660,horizontal_to_vertical,60.000001669652114,35.98339890412515,0.3817495254010681,0.6724870822513584,0.3633924443262296,0.018929241056515844,0.0754806276192494,0.704502110272147,0.6768034382957479,0.772044224000044,0.8093400027551002,0.8431890664711267,0.5357452841778718,0.7050803255974265,0.9036699900582404,0.20536163233444016,11165.111376461606,44146,15554631,,,
chair,cone,ok,,,/mnt/ssd1/29d_kon/acm_2026/outputs/coordinator/rc2_full_metrics_20260610_143622/SAL3D/baseline_cone/chair/recenter_rotx90p0_horizontaltovertical_blender_rig/chair_report.json,/mnt/ssd1/29d_kon/acm_2026/outputs/coordinator/rc2_full_metrics_20260610_143622/SAL3D/_logs/cone/chair.log,,fixed_face,face,chair_faces.txt,20000,0,0.0,False,,,76965,660,horizontal_to_vertical,60.000001669652114,35.98339890412515,0.4701633579347176,0.7277703862986442,0.22417464322290015,0.05058473832124638,0.16757916866703038,0.6117475372479968,0.8016282425129008,0.8352708400034917,0.8334921027029565,0.7811181004596384,0.8417880292018263,0.881034651585703,0.6188409803556856,17178444.89658578,11431.09112702124,20000,,0.6634834015461574,51065,76965
chair,screen_space,ok,,,/mnt/ssd1/29d_kon/acm_2026/outputs/coordinator/rc2_full_metrics_20260610_143622/SAL3D/baseline_screen_space/chair/sigmapx26p3_recenter_rotx90p0_horizontaltovertical_blender_rig/chair_report.json,/mnt/ssd1/29d_kon/acm_2026/outputs/coordinator/rc2_full_metrics_20260610_143622/SAL3D/_logs/screen_space/chair.log,,fixed_face,face,chair_faces.txt,20000,0,0.0,False,,,76965,660,horizontal_to_vertical,60.000001669652114,35.98339890412515,0.21289606817067822,0.6088002990649413,1.2410126801042218,0.07607294821948364,0.210943624740161,0.49944994518472396,0.6211619577532852,0.7325949216449815,0.7185081987432266,0.6470305579617138,0.1696958642356213,0.13066993451743011,-0.03537688444242764,0.09491158441837445,11431.09112702124,17547,6782684,,,
chicken,cone,ok,,,/mnt/ssd1/29d_kon/acm_2026/outputs/coordinator/rc2_full_metrics_20260610_143622/SAL3D/baseline_cone/chicken/recenter_rotx90p0_horizontaltovertical_blender_rig/chicken_report.json,/mnt/ssd1/29d_kon/acm_2026/outputs/coordinator/rc2_full_metrics_20260610_143622/SAL3D/_logs/cone/chicken.log,,fixed_face,face,chicken_faces.txt,40727,0,0.0,False,,,76965,660,horizontal_to_vertical,60.000001669652114,35.98339890412515,0.3925744186099854,0.6576082236429941,0.4406520593422273,0.03265987342284069,0.12583077506271653,0.3588778464398827,0.7193985120628567,0.6430347862929965,0.70819164487477,0.9568225903212272,0.7504367203810243,1.1422237878689436,2.646570595783976,34080027.84434092,16759.964799975623,40633,,0.7335801987916586,56460,76965
chicken,screen_space,ok,,,/mnt/ssd1/29d_kon/acm_2026/outputs/coordinator/rc2_full_metrics_20260610_143622/SAL3D/baseline_screen_space/chicken/sigmapx26p3_recenter_rotx90p0_horizontaltovertical_blender_rig/chicken_report.json,/mnt/ssd1/29d_kon/acm_2026/outputs/coordinator/rc2_full_metrics_20260610_143622/SAL3D/_logs/screen_space/chicken.log,,fixed_face,face,chicken_faces.txt,40727,0,0.0,False,,,76965,660,horizontal_to_vertical,60.000001669652114,35.98339890412515,0.31518797444374835,0.6488903110592656,0.6228655158290022,0.0352837479832148,0.13043993446525787,0.3311470792735102,0.6917708240260488,0.6235247931259561,0.6784085232366174,0.9389896911059873,0.5395453950132634,0.8374349766725541,1.9393355660756424,0.1486850756237574,16759.964799975623,37492,14234323,,,
cow,cone,ok,,,/mnt/ssd1/29d_kon/acm_2026/outputs/coordinator/rc2_full_metrics_20260610_143622/SAL3D/baseline_cone/cow/recenter_rotx90p0_horizontaltovertical_blender_rig/cow_report.json,/mnt/ssd1/29d_kon/acm_2026/outputs/coordinator/rc2_full_metrics_20260610_143622/SAL3D/_logs/cone/cow.log,,fixed_face,face,cow_faces.txt,20000,0,0.0,False,,,76965,660,horizontal_to_vertical,60.000001669652114,35.98339890412515,0.3437812078704333,0.6109653773185931,0.5213747971774845,0.024118777659683132,0.10307314943577972,0.4176194854535735,0.6476134139255199,0.6855782170241137,0.7688889883145595,0.9214323100818266,0.583696518828159,0.9788872970346391,2.101065669257221,10974336.287708322,3772.69001967462,20000,,0.677528746832976,52146,76965
cow,screen_space,ok,,,/mnt/ssd1/29d_kon/acm_2026/outputs/coordinator/rc2_full_metrics_20260610_143622/SAL3D/baseline_screen_space/cow/sigmapx26p3_recenter_rotx90p0_horizontaltovertical_blender_rig/cow_report.json,/mnt/ssd1/29d_kon/acm_2026/outputs/coordinator/rc2_full_metrics_20260610_143622/SAL3D/_logs/screen_space/cow.log,,fixed_face,face,cow_faces.txt,20000,0,0.0,False,,,76965,660,horizontal_to_vertical,60.000001669652114,35.98339890412515,0.2811057672041835,0.6159621194353075,0.7388477825669242,0.03920525178659146,0.14232995422311712,0.3590120641866996,0.6397368387503012,0.6371629764418268,0.7297436769659964,0.8796979492878069,0.3940403952862444,0.7540474719854056,1.5626877419987772,0.05625009124472372,3772.69001967462,18791,7192025,,,
dinosaur,cone,ok,,,/mnt/ssd1/29d_kon/acm_2026/outputs/coordinator/rc2_full_metrics_20260610_143622/SAL3D/baseline_cone/dinosaur/recenter_rotx90p0_horizontaltovertical_blender_rig/dinosaur_report.json,/mnt/ssd1/29d_kon/acm_2026/outputs/coordinator/rc2_full_metrics_20260610_143622/SAL3D/_logs/cone/dinosaur.log,,fixed_face,face,dinosaur_faces.txt,20000,0,0.0,False,,,76965,660,horizontal_to_vertical,60.000001669652114,35.98339890412515,0.27107863357929185,0.6720742998190612,0.4351147484242129,0.04041763048870994,0.1316419371817667,0.5382282402839319,0.693266046842219,0.5633296789921102,0.48134589825244767,0.3525542037074452,0.09933793117459247,-0.13376553055610796,-0.5118814285869088,16349640.480357526,6842.486014931051,20000,,0.5557980900409277,42777,76965
dinosaur,screen_space,ok,,,/mnt/ssd1/29d_kon/acm_2026/outputs/coordinator/rc2_full_metrics_20260610_143622/SAL3D/baseline_screen_space/dinosaur/sigmapx26p3_recenter_rotx90p0_horizontaltovertical_blender_rig/dinosaur_report.json,/mnt/ssd1/29d_kon/acm_2026/outputs/coordinator/rc2_full_metrics_20260610_143622/SAL3D/_logs/screen_space/dinosaur.log,,fixed_face,face,dinosaur_faces.txt,20000,0,0.0,False,,,76965,660,horizontal_to_vertical,60.000001669652114,35.98339890412515,0.23801180765808758,0.6663433727934622,0.5425979434753481,0.031087307188701167,0.11429306451517178,0.4992352045426181,0.6874011631021152,0.5523632348038671,0.4673830271607537,0.33997711258713004,0.038790212418356576,-0.20021705151304003,-0.5553286168038415,0.07612061046060623,6842.486014931051,19303,6857437,,,
dog,cone,ok,,,/mnt/ssd1/29d_kon/acm_2026/outputs/coordinator/rc2_full_metrics_20260610_143622/SAL3D/baseline_cone/dog/recenter_rotx90p0_horizontaltovertical_blender_rig/dog_report.json,/mnt/ssd1/29d_kon/acm_2026/outputs/coordinator/rc2_full_metrics_20260610_143622/SAL3D/_logs/cone/dog.log,,fixed_face,face,dog_faces.txt,43128,0,0.0,False,,,76965,660,horizontal_to_vertical,60.000001669652114,35.98339890412515,0.45362225149413665,0.6285574020321993,0.441925594025573,0.029217526981046436,0.12549227069122196,0.4529740304162047,0.7217873432802178,0.7462892345600297,0.822695243137884,0.7142524972653607,0.9765126163989214,1.5844070552847553,0.6636638221235801,29400392.52800249,16363.19286468744,43128,,0.681517572922757,52453,76965
dog,screen_space,ok,,,/mnt/ssd1/29d_kon/acm_2026/outputs/coordinator/rc2_full_metrics_20260610_143622/SAL3D/baseline_screen_space/dog/sigmapx26p3_recenter_rotx90p0_horizontaltovertical_blender_rig/dog_report.json,/mnt/ssd1/29d_kon/acm_2026/outputs/coordinator/rc2_full_metrics_20260610_143622/SAL3D/_logs/screen_space/dog.log,,fixed_face,face,dog_faces.txt,43128,0,0.0,False,,,76965,660,horizontal_to_vertical,60.000001669652114,35.98339890412515,0.1055545037657263,0.6082505570732164,0.6197157965540296,0.03750671425951926,0.13979144468179613,0.14547130778605966,0.6088457731528204,0.5454655267423414,0.500672183208725,0.5230267637410508,0.15495333492394112,-0.06497753975136634,-0.1198630343549393,0.17237168287937796,16363.19286468744,42157,13430565,,,
dragon,cone,ok,,,/mnt/ssd1/29d_kon/acm_2026/outputs/coordinator/rc2_full_metrics_20260610_143622/SAL3D/baseline_cone/dragon/recenter_rotx90p0_horizontaltovertical_blender_rig/dragon_report.json,/mnt/ssd1/29d_kon/acm_2026/outputs/coordinator/rc2_full_metrics_20260610_143622/SAL3D/_logs/cone/dragon.log,,fixed_face,face,dragon_faces.txt,18977,0,0.0,False,,,79164,660,horizontal_to_vertical,60.000001669652114,35.98339890412515,0.111580582907765,0.5346745512898419,0.834509005055544,0.03223198499968328,0.10789277744551354,0.41518463949782924,0.46600655742287445,0.594358815023793,0.5206265680735949,0.4294125557146179,0.1849664342055325,-0.1546467828132984,-0.4276693359099682,9116166.190827906,3247.2924250224714,18957,,0.7197716133596079,56980,79164
dragon,screen_space,ok,,,/mnt/ssd1/29d_kon/acm_2026/outputs/coordinator/rc2_full_metrics_20260610_143622/SAL3D/baseline_screen_space/dragon/sigmapx26p3_recenter_rotx90p0_horizontaltovertical_blender_rig/dragon_report.json,/mnt/ssd1/29d_kon/acm_2026/outputs/coordinator/rc2_full_metrics_20260610_143622/SAL3D/_logs/screen_space/dragon.log,,fixed_face,face,dragon_faces.txt,18977,0,0.0,False,,,79164,660,horizontal_to_vertical,60.000001669652114,35.98339890412515,0.09361872546139877,0.5551024953375459,0.9433494863880514,0.02815159320464535,0.11605396047336107,0.24220062869882547,0.509926021680922,0.5376351549493764,0.5180157788738884,0.49557690368199736,0.09617086245465653,-0.06734580361296472,-0.21011884429032998,0.054616747328184785,3247.2924250224714,17916,6599976,,,
facestatue,cone,ok,,,/mnt/ssd1/29d_kon/acm_2026/outputs/coordinator/rc2_full_metrics_20260610_143622/SAL3D/baseline_cone/facestatue/recenter_rotx90p0_horizontaltovertical_blender_rig/facestatue_report.json,/mnt/ssd1/29d_kon/acm_2026/outputs/coordinator/rc2_full_metrics_20260610_143622/SAL3D/_logs/cone/facestatue.log,,fixed_face,face,facestatue_faces.txt,51964,0,0.0,False,,,76965,660,horizontal_to_vertical,60.000001669652114,35.98339890412515,0.5227202738363588,0.6482456154551579,0.400627309137715,0.040484906926076536,0.14591448741771623,0.4634378146849791,0.7537334566090004,0.8485339806159559,0.9137909479171179,0.9244392910167697,1.393708729258185,1.8166947979679315,2.050351952780224,32125852.915785994,11962.91744387899,51964,,0.6319755733125446,48640,76965
facestatue,screen_space,ok,,,/mnt/ssd1/29d_kon/acm_2026/outputs/coordinator/rc2_full_metrics_20260610_143622/SAL3D/baseline_screen_space/facestatue/sigmapx26p3_recenter_rotx90p0_horizontaltovertical_blender_rig/facestatue_report.json,/mnt/ssd1/29d_kon/acm_2026/outputs/coordinator/rc2_full_metrics_20260610_143622/SAL3D/_logs/screen_space/facestatue.log,,fixed_face,face,facestatue_faces.txt,51964,0,0.0,False,,,76965,660,horizontal_to_vertical,60.000001669652114,35.98339890412515,0.39193104668014667,0.6118867228420232,0.5215218582312415,0.03761967088283379,0.13866950629297384,0.32498001645225705,0.6965719505469116,0.8293560685123802,0.8988281365989336,0.8730895805548246,1.225188246643631,1.6023484777595316,1.4525753512737936,0.176445926198658,11962.91744387899,50906,15962421,,,
fandisk,cone,ok,,,/mnt/ssd1/29d_kon/acm_2026/outputs/coordinator/rc2_full_metrics_20260610_143622/SAL3D/baseline_cone/fandisk/recenter_rotx90p0_horizontaltovertical_blender_rig/fandisk_report.json,/mnt/ssd1/29d_kon/acm_2026/outputs/coordinator/rc2_full_metrics_20260610_143622/SAL3D/_logs/cone/fandisk.log,,fixed_face,face,fandisk_faces.txt,20000,0,0.0,False,,,83562,660,horizontal_to_vertical,60.000001669652114,35.98339890412515,0.4492156910847476,0.6722525432577653,0.36316937051381815,0.038327734457038055,0.13601867760321334,0.601870897987306,0.7259008126394153,0.7769294921657962,0.776570481103274,0.8946054841398121,0.9913793875989634,0.8521738764052205,1.4339853075606734,9263206.449778171,4441.24108954483,19779,,0.8500993274454895,71036,83562
fandisk,screen_space,ok,,,/mnt/ssd1/29d_kon/acm_2026/outputs/coordinator/rc2_full_metrics_20260610_143622/SAL3D/baseline_screen_space/fandisk/sigmapx26p3_recenter_rotx90p0_horizontaltovertical_blender_rig/fandisk_report.json,/mnt/ssd1/29d_kon/acm_2026/outputs/coordinator/rc2_full_metrics_20260610_143622/SAL3D/_logs/screen_space/fandisk.log,,fixed_face,face,fandisk_faces.txt,20000,0,0.0,False,,,83562,660,horizontal_to_vertical,60.000001669652114,35.98339890412515,0.2581492601961677,0.6077106208137297,1.0228166438476278,0.05579128223466584,0.1540083214540342,0.40112713976839565,0.6193183386171799,0.7165185715079454,0.703130711127487,0.8063213140216183,0.6804901885845104,0.4960590328811587,0.8099260651702721,0.05266302381021097,4441.24108954483,17707,6931042,,,
flowerpot,cone,ok,,,/mnt/ssd1/29d_kon/acm_2026/outputs/coordinator/rc2_full_metrics_20260610_143622/SAL3D/baseline_cone/flowerpot/recenter_rotx90p0_horizontaltovertical_blender_rig/flowerpot_report.json,/mnt/ssd1/29d_kon/acm_2026/outputs/coordinator/rc2_full_metrics_20260610_143622/SAL3D/_logs/cone/flowerpot.log,,fixed_face,face,flowerpot_faces.txt,20000,0,0.0,False,,,76965,660,horizontal_to_vertical,60.000001669652114,35.98339890412515,0.6413042998034282,0.7519175191865083,0.21632316953279324,0.02353166626327003,0.1016993377711985,0.6560119932001763,0.8465561413045273,0.8058962712589637,0.8998632870497362,0.9491324840437854,1.2233528686332262,1.8425992111167504,2.2327334603060347,14906088.075799106,6392.242460353701,19746,,0.8565841616319106,65927,76965
flowerpot,screen_space,ok,,,/mnt/ssd1/29d_kon/acm_2026/outputs/coordinator/rc2_full_metrics_20260610_143622/SAL3D/baseline_screen_space/flowerpot/sigmapx26p3_recenter_rotx90p0_horizontaltovertical_blender_rig/flowerpot_report.json,/mnt/ssd1/29d_kon/acm_2026/outputs/coordinator/rc2_full_metrics_20260610_143622/SAL3D/_logs/screen_space/flowerpot.log,,fixed_face,face,flowerpot_faces.txt,20000,0,0.0,False,,,76965,660,horizontal_to_vertical,60.000001669652114,35.98339890412515,0.34779210279261313,0.6826542559148141,0.4521809067630218,0.056674361093261946,0.16169866227508503,0.3440606049790831,0.743768138688082,0.7136764471493575,0.8197641107872767,0.88265587073903,0.7302335227164289,1.2297006629747427,1.6250372319784103,0.08264301805698651,6392.242460353701,19104,6852209,,,
footballplayer,cone,ok,,,/mnt/ssd1/29d_kon/acm_2026/outputs/coordinator/rc2_full_metrics_20260610_143622/SAL3D/baseline_cone/footballplayer/recenter_rotx90p0_horizontaltovertical_blender_rig/footballplayer_report.json,/mnt/ssd1/29d_kon/acm_2026/outputs/coordinator/rc2_full_metrics_20260610_143622/SAL3D/_logs/cone/footballplayer.log,,fixed_face,face,footballplayer_faces.txt,40414,0,0.0,False,,,76965,660,horizontal_to_vertical,60.000001669652114,35.98339890412515,0.36259443844288847,0.6769332007885575,0.352340839685614,0.030164984879810584,0.11779682387600637,0.38187656154843286,0.7311131780889846,0.7440891574745782,0.802054216463943,0.9658796706192755,0.9647060079208263,1.4496391732382703,2.8718083814048243,56202347.97615326,15034.252373403637,40414,,0.7675956603651011,59078,76965
footballplayer,screen_space,ok,,,/mnt/ssd1/29d_kon/acm_2026/outputs/coordinator/rc2_full_metrics_20260610_143622/SAL3D/baseline_screen_space/footballplayer/sigmapx26p3_recenter_rotx90p0_horizontaltovertical_blender_rig/footballplayer_report.json,/mnt/ssd1/29d_kon/acm_2026/outputs/coordinator/rc2_full_metrics_20260610_143622/SAL3D/_logs/screen_space/footballplayer.log,,fixed_face,face,footballplayer_faces.txt,40414,0,0.0,False,,,76965,660,horizontal_to_vertical,60.000001669652114,35.98339890412515,0.23344873537366304,0.6530886935923111,0.5658787120193762,0.03683401329777387,0.125937675594185,0.3284457887065146,0.6708701193436334,0.6850621046181365,0.7342172741739695,0.902784733238525,0.6144203560899781,0.8674236749756599,1.6879681738675618,0.28412011543006466,15034.252373403637,39301,13399890,,,
gorilla,cone,ok,,,/mnt/ssd1/29d_kon/acm_2026/outputs/coordinator/rc2_full_metrics_20260610_143622/SAL3D/baseline_cone/gorilla/recenter_rotx90p0_horizontaltovertical_blender_rig/gorilla_report.json,/mnt/ssd1/29d_kon/acm_2026/outputs/coordinator/rc2_full_metrics_20260610_143622/SAL3D/_logs/cone/gorilla.log,,fixed_face,face,gorilla_faces.txt,56302,0,0.0,False,,,79164,660,horizontal_to_vertical,60.000001669652114,35.98339890412515,0.512935925073095,0.6793240096237033,0.354220851386323,0.012721644192870368,0.0715608719621627,0.4638280398614484,0.7495067780372981,0.8251434405993562,0.8127985599234856,0.9542544603056022,1.3038042028637458,1.109819389982552,2.2060590612372692,33819448.08454341,13196.02156367611,56302,,0.6836946086605022,54124,79164
gorilla,screen_space,ok,,,/mnt/ssd1/29d_kon/acm_2026/outputs/coordinator/rc2_full_metrics_20260610_143622/SAL3D/baseline_screen_space/gorilla/sigmapx26p3_recenter_rotx90p0_horizontaltovertical_blender_rig/gorilla_report.json,/mnt/ssd1/29d_kon/acm_2026/outputs/coordinator/rc2_full_metrics_20260610_143622/SAL3D/_logs/screen_space/gorilla.log,,fixed_face,face,gorilla_faces.txt,56302,0,0.0,False,,,79164,660,horizontal_to_vertical,60.000001669652114,35.98339890412515,0.3726478370527225,0.6491775768161336,0.5734103077512696,0.02194825866400058,0.09858110710689921,0.2556077541682647,0.7062241765429575,0.8028560210869522,0.7780558460699795,0.901299651241534,1.058229874340235,0.8902454586976045,1.5900277992291694,0.18494450594042233,13196.02156367611,54803,19523923,,,
hand,cone,ok,,,/mnt/ssd1/29d_kon/acm_2026/outputs/coordinator/rc2_full_metrics_20260610_143622/SAL3D/baseline_cone/hand/recenter_rotx90p0_horizontaltovertical_blender_rig/hand_report.json,/mnt/ssd1/29d_kon/acm_2026/outputs/coordinator/rc2_full_metrics_20260610_143622/SAL3D/_logs/cone/hand.log,,fixed_face,face,hand_faces.txt,20825,0,0.0,False,,,76965,660,horizontal_to_vertical,60.000001669652114,35.98339890412515,0.590390154287731,0.7463152396792619,0.21487780754427044,0.03216917406937388,0.13038420437493176,0.7243077115850823,0.8393899868137247,0.7248884965261151,0.7604960695842113,0.6786525374766765,0.6860573541334032,0.8952459908073883,0.6590219247639264,24109345.534990676,8350.970908903168,20825,,0.8946664068082895,68858,76965
hand,screen_space,ok,,,/mnt/ssd1/29d_kon/acm_2026/outputs/coordinator/rc2_full_metrics_20260610_143622/SAL3D/baseline_screen_space/hand/sigmapx26p3_recenter_rotx90p0_horizontaltovertical_blender_rig/hand_report.json,/mnt/ssd1/29d_kon/acm_2026/outputs/coordinator/rc2_full_metrics_20260610_143622/SAL3D/_logs/screen_space/hand.log,,fixed_face,face,hand_faces.txt,20825,0,0.0,False,,,76965,660,horizontal_to_vertical,60.000001669652114,35.98339890412515,0.5970638926680395,0.7440812918569576,0.23411801640646807,0.035068445991298394,0.13289449216750282,0.7379696479755178,0.8378877176644504,0.7404266901392504,0.7730657990636033,0.6556136739447851,0.7624499304810705,1.009767937231735,0.6983725245060252,0.11183047953905091,8350.970908903168,20003,7247339,,,
harley,cone,ok,,,/mnt/ssd1/29d_kon/acm_2026/outputs/coordinator/rc2_full_metrics_20260610_143622/SAL3D/baseline_cone/harley/recenter_rotx90p0_horizontaltovertical_blender_rig/harley_report.json,/mnt/ssd1/29d_kon/acm_2026/outputs/coordinator/rc2_full_metrics_20260610_143622/SAL3D/_logs/cone/harley.log,,fixed_face,face,harley_faces.txt,19005,0,0.0,False,,,76965,660,horizontal_to_vertical,60.000001669652114,35.98339890412515,0.09734060248482786,0.6419344739056094,0.46628181223824056,0.08697178174728723,0.22639009402905616,0.13663638800213385,0.7168895957353678,0.5464370232752771,0.6077839384915706,0.5292444396547193,0.11543943396015305,0.31968532614269674,-0.010001047904020054,29265183.63774884,8358.724325617746,19005,,0.33765997531345415,25988,76965
harley,screen_space,ok,,,/mnt/ssd1/29d_kon/acm_2026/outputs/coordinator/rc2_full_metrics_20260610_143622/SAL3D/baseline_screen_space/harley/sigmapx26p3_recenter_rotx90p0_horizontaltovertical_blender_rig/harley_report.json,/mnt/ssd1/29d_kon/acm_2026/outputs/coordinator/rc2_full_metrics_20260610_143622/SAL3D/_logs/screen_space/harley.log,,fixed_face,face,harley_faces.txt,19005,0,0.0,False,,,76965,660,horizontal_to_vertical,60.000001669652114,35.98339890412515,0.04077515902417085,0.6171226520566302,0.6909968747321391,0.04624874504668993,0.1701189837340736,0.08109949949702266,0.6860903716121637,0.5337973958070534,0.5833438849975597,0.5326354327854319,0.038260109954190276,0.1804633495809886,-0.06486322107831113,0.13711911530487986,8358.724325617746,17913,6367504,,,
hay,cone,ok,,,/mnt/ssd1/29d_kon/acm_2026/outputs/coordinator/rc2_full_metrics_20260610_143622/SAL3D/baseline_cone/hay/recenter_rotx90p0_horizontaltovertical_blender_rig/hay_report.json,/mnt/ssd1/29d_kon/acm_2026/outputs/coordinator/rc2_full_metrics_20260610_143622/SAL3D/_logs/cone/hay.log,,fixed_face,face,hay_faces.txt,54916,0,0.0,False,,,76965,660,horizontal_to_vertical,60.000001669652114,35.98339890412515,0.2627169413498726,0.6978222811468174,0.2978727021677726,0.04677211500165722,0.1564567654525066,0.39903792012496275,0.7634363271562252,0.6393600550989701,0.6171724643259915,0.580399267398195,0.28575695973175547,0.22370934161816491,0.12099731315385139,101677638.72812769,27739.548252947898,54916,,0.8384590398232963,64532,76965
hay,screen_space,ok,,,/mnt/ssd1/29d_kon/acm_2026/outputs/coordinator/rc2_full_metrics_20260610_143622/SAL3D/baseline_screen_space/hay/sigmapx26p3_recenter_rotx90p0_horizontaltovertical_blender_rig/hay_report.json,/mnt/ssd1/29d_kon/acm_2026/outputs/coordinator/rc2_full_metrics_20260610_143622/SAL3D/_logs/screen_space/hay.log,,fixed_face,face,hay_faces.txt,54916,0,0.0,False,,,76965,660,horizontal_to_vertical,60.000001669652114,35.98339890412515,0.18708612102077948,0.6809579168111913,0.3929564830795843,0.042934261843351126,0.15656299100032775,0.25582288995869085,0.7532254530567489,0.6059975487347953,0.5793909410600239,0.5508672075375698,0.2510895093925905,0.17971230135362154,0.06468200519714523,0.4503609411717663,27739.548252947898,53113,18447476,,,
horse,cone,ok,,,/mnt/ssd1/29d_kon/acm_2026/outputs/coordinator/rc2_full_metrics_20260610_143622/SAL3D/baseline_cone/horse/recenter_rotx90p0_horizontaltovertical_blender_rig/horse_report.json,/mnt/ssd1/29d_kon/acm_2026/outputs/coordinator/rc2_full_metrics_20260610_143622/SAL3D/_logs/cone/horse.log,,fixed_face,face,horse_faces.txt,20000,0,0.0,False,,,76965,660,horizontal_to_vertical,60.000001669652114,35.98339890412515,0.1592191237027125,0.5831010428685826,0.6222646812332742,0.026381348209184374,0.09609458531036669,0.4571732824448946,0.5455576303063387,0.599146280142238,0.617643758553532,0.6567208493282148,0.12091780631357742,0.18531536170980528,0.19928352077762096,9385961.751899842,4698.780143101574,20000,,0.5752874683297603,44277,76965
horse,screen_space,ok,,,/mnt/ssd1/29d_kon/acm_2026/outputs/coordinator/rc2_full_metrics_20260610_143622/SAL3D/baseline_screen_space/horse/sigmapx26p3_recenter_rotx90p0_horizontaltovertical_blender_rig/horse_report.json,/mnt/ssd1/29d_kon/acm_2026/outputs/coordinator/rc2_full_metrics_20260610_143622/SAL3D/_logs/screen_space/horse.log,,fixed_face,face,horse_faces.txt,20000,0,0.0,False,,,76965,660,horizontal_to_vertical,60.000001669652114,35.98339890412515,0.1326456387127506,0.5711512951048447,0.718367446610668,0.03239545121885906,0.12494707160800286,0.3122756026860089,0.5826009886008292,0.5671352372485832,0.6110525713232974,0.6849117335084353,0.06560038257048205,0.1709023771248717,0.4029067602691342,0.04902382347462103,4698.780143101574,19063,7058085,,,
house,cone,ok,,,/mnt/ssd1/29d_kon/acm_2026/outputs/coordinator/rc2_full_metrics_20260610_143622/SAL3D/baseline_cone/house/recenter_rotx90p0_horizontaltovertical_blender_rig/house_report.json,/mnt/ssd1/29d_kon/acm_2026/outputs/coordinator/rc2_full_metrics_20260610_143622/SAL3D/_logs/cone/house.log,,fixed_face,face,house_faces.txt,17436,0,0.0,False,,,79164,660,horizontal_to_vertical,60.000001669652114,35.98339890412515,0.2733331290667359,0.6195092541976644,0.5106966943300995,0.04776741269086461,0.1482011494195963,0.4648261138831882,0.6568331887356517,0.6963324524208226,0.6801187056780804,0.591853124605102,0.5557548021136236,0.579366622025791,0.16363538454067267,6966445.472896766,6142.3327256260145,16191,,0.7793946743469253,61700,79164
house,screen_space,ok,,,/mnt/ssd1/29d_kon/acm_2026/outputs/coordinator/rc2_full_metrics_20260610_143622/SAL3D/baseline_screen_space/house/sigmapx26p3_recenter_rotx90p0_horizontaltovertical_blender_rig/house_report.json,/mnt/ssd1/29d_kon/acm_2026/outputs/coordinator/rc2_full_metrics_20260610_143622/SAL3D/_logs/screen_space/house.log,,fixed_face,face,house_faces.txt,17436,0,0.0,False,,,79164,660,horizontal_to_vertical,60.000001669652114,35.98339890412515,0.16947514522888063,0.5767432458252995,1.0939002607416999,0.06108577681462894,0.16186225726843176,0.391572871461388,0.5822658528319563,0.6494884051162202,0.6451217343310486,0.6129097211027854,0.31910387175608135,0.3516658410573784,0.1086002240802469,0.03347662148076701,6142.3327256260145,14197,6931891,,,
igea,cone,ok,,,/mnt/ssd1/29d_kon/acm_2026/outputs/coordinator/rc2_full_metrics_20260610_143622/SAL3D/baseline_cone/igea/recenter_rotx90p0_horizontaltovertical_blender_rig/igea_report.json,/mnt/ssd1/29d_kon/acm_2026/outputs/coordinator/rc2_full_metrics_20260610_143622/SAL3D/_logs/cone/igea.log,,fixed_face,face,igea_faces.txt,20000,0,0.0,False,,,76965,660,horizontal_to_vertical,60.000001669652114,35.98339890412515,0.3308442715997588,0.5846305440428923,0.7143056871749709,0.02870853964493112,0.09251927267130261,0.5889516710445308,0.5855392717471751,0.7034497652516947,0.6609110498473523,0.5566593216486514,0.5989566619840488,0.5712580666087442,0.32399294967059844,7426166.257846044,4667.266775431821,19774,,0.8545182875332944,65768,76965
igea,screen_space,ok,,,/mnt/ssd1/29d_kon/acm_2026/outputs/coordinator/rc2_full_metrics_20260610_143622/SAL3D/baseline_screen_space/igea/sigmapx26p3_recenter_rotx90p0_horizontaltovertical_blender_rig/igea_report.json,/mnt/ssd1/29d_kon/acm_2026/outputs/coordinator/rc2_full_metrics_20260610_143622/SAL3D/_logs/screen_space/igea.log,,fixed_face,face,igea_faces.txt,20000,0,0.0,False,,,76965,660,horizontal_to_vertical,60.000001669652114,35.98339890412515,0.3071688898684367,0.5729412732175088,0.7818434799995101,0.030935797491876006,0.09712660039344839,0.6424242106015586,0.5669864673474073,0.7178701418213134,0.6798419570481103,0.5775447014849985,0.5874769129269418,0.4687172655738731,0.13801633409172484,0.03924077219761928,4667.266775431821,18658,7746031,,,
james,cone,ok,,,/mnt/ssd1/29d_kon/acm_2026/outputs/coordinator/rc2_full_metrics_20260610_143622/SAL3D/baseline_cone/james/recenter_rotx90p0_horizontaltovertical_blender_rig/james_report.json,/mnt/ssd1/29d_kon/acm_2026/outputs/coordinator/rc2_full_metrics_20260610_143622/SAL3D/_logs/cone/james.log,,fixed_face,face,james_faces.txt,4558,0,0.0,False,,,76965,660,horizontal_to_vertical,60.000001669652114,35.98339890412515,0.8940084487111066,0.8504631030957763,0.08659795894161722,0.011856981308600346,0.08410690983648636,0.7294034541611517,0.9561347835837193,0.9916893988018828,0.9780934834776405,0.9628103007808735,2.2471170847423694,2.39945705613132,2.428072294877409,5065643.729558536,2203.6607232313,4558,,0.29157409211979474,22441,76965
james,screen_space,ok,,,/mnt/ssd1/29d_kon/acm_2026/outputs/coordinator/rc2_full_metrics_20260610_143622/SAL3D/baseline_screen_space/james/sigmapx26p3_recenter_rotx90p0_horizontaltovertical_blender_rig/james_report.json,/mnt/ssd1/29d_kon/acm_2026/outputs/coordinator/rc2_full_metrics_20260610_143622/SAL3D/_logs/screen_space/james.log,,fixed_face,face,james_faces.txt,4558,0,0.0,False,,,76965,660,horizontal_to_vertical,60.000001669652114,35.98339890412515,0.7677646097469228,0.7715072176474173,0.1946639472721462,0.02780237020918268,0.12065681912104251,0.6246551556399705,0.8759092187099438,0.9798060413992298,0.9614267154716737,0.9448459944085607,2.1216036337351163,2.1758129258788865,1.999856960981002,0.026135148832763043,2203.6607232313,4426,1544277,,,
jessi,cone,ok,,,/mnt/ssd1/29d_kon/acm_2026/outputs/coordinator/rc2_full_metrics_20260610_143622/SAL3D/baseline_cone/jessi/recenter_rotx90p0_horizontaltovertical_blender_rig/jessi_report.json,/mnt/ssd1/29d_kon/acm_2026/outputs/coordinator/rc2_full_metrics_20260610_143622/SAL3D/_logs/cone/jessi.log,,fixed_face,face,jessi_faces.txt,5371,0,0.0,False,,,76965,660,horizontal_to_vertical,60.000001669652114,35.98339890412515,0.5347375167185583,0.6134452539244359,0.6140353076597769,0.0206119022272874,0.06316859379387268,0.7855643848390081,0.6503369202620479,0.8104331131223255,0.8004232250206602,0.8537598864151075,1.5041734769446968,1.7029454313643224,1.3594625509786502,2736090.2169781867,933.3597042314609,5109,,0.8805950756837524,67775,76965
jessi,screen_space,ok,,,/mnt/ssd1/29d_kon/acm_2026/outputs/coordinator/rc2_full_metrics_20260610_143622/SAL3D/baseline_screen_space/jessi/sigmapx26p3_recenter_rotx90p0_horizontaltovertical_blender_rig/jessi_report.json,/mnt/ssd1/29d_kon/acm_2026/outputs/coordinator/rc2_full_metrics_20260610_143622/SAL3D/_logs/screen_space/jessi.log,,fixed_face,face,jessi_faces.txt,5371,0,0.0,False,,,76965,660,horizontal_to_vertical,60.000001669652114,35.98339890412515,0.529136900887331,0.5901003270570233,0.703226871568464,0.021432968715181102,0.07360043722778811,0.6946139372014786,0.6516231741059515,0.804053294994882,0.8070007011763736,0.894641301696805,1.5131426411068556,1.6881813611919438,1.3689167421701358,0.013606523935106384,933.3597042314609,4734,2123621,,,
lion,cone,ok,,,/mnt/ssd1/29d_kon/acm_2026/outputs/coordinator/rc2_full_metrics_20260610_143622/SAL3D/baseline_cone/lion/recenter_rotx90p0_horizontaltovertical_blender_rig/lion_report.json,/mnt/ssd1/29d_kon/acm_2026/outputs/coordinator/rc2_full_metrics_20260610_143622/SAL3D/_logs/cone/lion.log,,fixed_face,face,lion_faces.txt,46370,0,0.0,False,,,79164,660,horizontal_to_vertical,60.000001669652114,35.98339890412515,0.17293434339870753,0.5690901912166446,0.693934863564315,0.04732551355434894,0.14122179114161076,0.32812122843593,0.553098892610334,0.597999090310319,0.5624064344476816,0.5496100287725658,0.15011784549624602,-0.02677025315118626,-0.21599526129770277,18978529.12714912,17695.861414143743,46370,,0.5996665150826133,47472,79164
lion,screen_space,ok,,,/mnt/ssd1/29d_kon/acm_2026/outputs/coordinator/rc2_full_metrics_20260610_143622/SAL3D/baseline_screen_space/lion/sigmapx26p3_recenter_rotx90p0_horizontaltovertical_blender_rig/lion_report.json,/mnt/ssd1/29d_kon/acm_2026/outputs/coordinator/rc2_full_metrics_20260610_143622/SAL3D/_logs/screen_space/lion.log,,fixed_face,face,lion_faces.txt,46370,0,0.0,False,,,79164,660,horizontal_to_vertical,60.000001669652114,35.98339890412515,0.13098863911002656,0.5686081169181569,0.9891128985063657,0.04466264260721828,0.1428559107516839,0.27531369155429625,0.5731089038704974,0.5580440054599262,0.5169788977891374,0.47979001200781846,0.010417490255839181,-0.12426089723461187,-0.26000037884278376,0.10853575741730029,17695.861414143743,42527,16746850,,,
meca,cone,ok,,,/mnt/ssd1/29d_kon/acm_2026/outputs/coordinator/rc2_full_metrics_20260610_143622/SAL3D/baseline_cone/meca/recenter_rotx90p0_horizontaltovertical_blender_rig/meca_report.json,/mnt/ssd1/29d_kon/acm_2026/outputs/coordinator/rc2_full_metrics_20260610_143622/SAL3D/_logs/cone/meca.log,,fixed_face,face,meca_faces.txt,15000,0,0.0,False,,,76965,660,horizontal_to_vertical,60.000001669652114,35.98339890412515,0.17545485253269524,0.6208016291073002,0.5121279379129277,0.09624734965236809,0.2363109800260961,0.3220184891771841,0.6764598647758093,0.6133485673255963,0.636367414416601,0.7731999323270429,0.16808844220987468,0.2843479145956015,0.7506911932480301,13211128.57635333,10162.654143650276,14979,,0.9078282336126811,69871,76965
meca,screen_space,ok,,,/mnt/ssd1/29d_kon/acm_2026/outputs/coordinator/rc2_full_metrics_20260610_143622/SAL3D/baseline_screen_space/meca/sigmapx26p3_recenter_rotx90p0_horizontaltovertical_blender_rig/meca_report.json,/mnt/ssd1/29d_kon/acm_2026/outputs/coordinator/rc2_full_metrics_20260610_143622/SAL3D/_logs/screen_space/meca.log,,fixed_face,face,meca_faces.txt,15000,0,0.0,False,,,76965,660,horizontal_to_vertical,60.000001669652114,35.98339890412515,0.12516271124432438,0.5686334412390734,1.7486532517249676,0.11349908710162104,0.2602932547375294,0.3789231966181162,0.6054261113476956,0.5976135495008758,0.618073354391707,0.7131151912929549,0.004831100697793265,0.050605758739057524,0.3086441236687164,0.060366578131095,10162.654143650276,11198,5152354,,,
michael3,cone,ok,,,/mnt/ssd1/29d_kon/acm_2026/outputs/coordinator/rc2_full_metrics_20260610_143622/SAL3D/baseline_cone/michael3/recenter_rotx90p0_horizontaltovertical_blender_rig/michael3_report.json,/mnt/ssd1/29d_kon/acm_2026/outputs/coordinator/rc2_full_metrics_20260610_143622/SAL3D/_logs/cone/michael3.log,,fixed_face,face,michael3_faces.txt,20000,0,0.0,False,,,79164,660,horizontal_to_vertical,60.000001669652114,35.98339890412515,0.34218356009679685,0.5883769216994392,0.47869118467191246,0.049352357532192824,0.15018175719146182,0.6485262287738108,0.6566671865213004,0.7811656329869986,0.7521540688493527,0.7834174853520557,0.5072435142173866,0.2507449377804095,0.32641367985605285,48540906.35252106,6978.509754851552,20000,,0.7515158405335759,59493,79164
michael3,screen_space,ok,,,/mnt/ssd1/29d_kon/acm_2026/outputs/coordinator/rc2_full_metrics_20260610_143622/SAL3D/baseline_screen_space/michael3/sigmapx26p3_recenter_rotx90p0_horizontaltovertical_blender_rig/michael3_report.json,/mnt/ssd1/29d_kon/acm_2026/outputs/coordinator/rc2_full_metrics_20260610_143622/SAL3D/_logs/screen_space/michael3.log,,fixed_face,face,michael3_faces.txt,20000,0,0.0,False,,,79164,660,horizontal_to_vertical,60.000001669652114,35.98339890412515,0.39185252766489875,0.6555716135217382,0.36838653502246305,0.02634524458229864,0.10999503338512759,0.6317183502373563,0.7193576395446132,0.7764004056006222,0.7460368328245078,0.7960990062127489,0.6345506920808653,0.424058523576068,0.6031418389140871,0.16707487735696697,6978.509754851552,19569,6837536,,,
michael8,cone,ok,,,/mnt/ssd1/29d_kon/acm_2026/outputs/coordinator/rc2_full_metrics_20260610_143622/SAL3D/baseline_cone/michael8/recenter_rotx90p0_horizontaltovertical_blender_rig/michael8_report.json,/mnt/ssd1/29d_kon/acm_2026/outputs/coordinator/rc2_full_metrics_20260610_143622/SAL3D/_logs/cone/michael8.log,,fixed_face,face,michael8_faces.txt,20000,0,0.0,False,,,76965,660,horizontal_to_vertical,60.000001669652114,35.98339890412515,0.11097105969442475,0.621834419945095,0.554593894864353,0.07932069495453013,0.21889663084184283,0.2021592271204797,0.5852653962820289,0.6169655552005778,0.5642454271502263,0.5235632071421357,0.18278342562249625,0.04667943477357536,-0.16251758792607,13596089.120005745,11183.392658645791,20000,,0.5825764958097837,44838,76965
michael8,screen_space,ok,,,/mnt/ssd1/29d_kon/acm_2026/outputs/coordinator/rc2_full_metrics_20260610_143622/SAL3D/baseline_screen_space/michael8/sigmapx26p3_recenter_rotx90p0_horizontaltovertical_blender_rig/michael8_report.json,/mnt/ssd1/29d_kon/acm_2026/outputs/coordinator/rc2_full_metrics_20260610_143622/SAL3D/_logs/screen_space/michael8.log,,fixed_face,face,michael8_faces.txt,20000,0,0.0,False,,,76965,660,horizontal_to_vertical,60.000001669652114,35.98339890412515,0.10128719438130203,0.6288316720930665,0.7284046912047211,0.08148480459770223,0.22049597689021072,0.21225888644125465,0.6048221336967582,0.5812220663407046,0.5404701284345721,0.528606866855238,0.08148814136239356,-0.021425390267464584,-0.1045934267469619,0.07655136846015226,11183.392658645791,19014,6791680,,,
octopus,cone,ok,,,/mnt/ssd1/29d_kon/acm_2026/outputs/coordinator/rc2_full_metrics_20260610_143622/SAL3D/baseline_cone/octopus/recenter_rotx90p0_horizontaltovertical_blender_rig/octopus_report.json,/mnt/ssd1/29d_kon/acm_2026/outputs/coordinator/rc2_full_metrics_20260610_143622/SAL3D/_logs/cone/octopus.log,,fixed_face,face,octopus_faces.txt,20000,0,0.0,False,,,76965,660,horizontal_to_vertical,60.000001669652114,35.98339890412515,0.2862055611401189,0.5274478577083461,0.8445670434042316,0.05048305096346822,0.15630262513152493,0.43209801200975706,0.5722241258992503,0.732953086819711,0.6250147496314238,0.5219626616814875,0.5620427999896928,0.16038501519419207,-0.11999821623321112,18442472.9936677,7709.251344660632,20000,,0.6304034301305789,48519,76965
octopus,screen_space,ok,,,/mnt/ssd1/29d_kon/acm_2026/outputs/coordinator/rc2_full_metrics_20260610_143622/SAL3D/baseline_screen_space/octopus/sigmapx26p3_recenter_rotx90p0_horizontaltovertical_blender_rig/octopus_report.json,/mnt/ssd1/29d_kon/acm_2026/outputs/coordinator/rc2_full_metrics_20260610_143622/SAL3D/_logs/screen_space/octopus.log,,fixed_face,face,octopus_faces.txt,20000,0,0.0,False,,,76965,660,horizontal_to_vertical,60.000001669652114,35.98339890412515,0.22245368203839327,0.587716456656583,0.8401420697393542,0.04148256983880099,0.13703683191855787,0.3524718610053628,0.6067654867055546,0.6813973883911438,0.587981906855518,0.5224268328112368,0.39983344350606714,0.07034191916387471,-0.13705540601576688,0.11264229247039684,7709.251344660632,19189,6768244,,,
prot,cone,ok,,,/mnt/ssd1/29d_kon/acm_2026/outputs/coordinator/rc2_full_metrics_20260610_143622/SAL3D/baseline_cone/prot/recenter_rotx90p0_horizontaltovertical_blender_rig/prot_report.json,/mnt/ssd1/29d_kon/acm_2026/outputs/coordinator/rc2_full_metrics_20260610_143622/SAL3D/_logs/cone/prot.log,,fixed_face,face,prot_faces.txt,20000,0,0.0,False,,,76965,660,horizontal_to_vertical,60.000001669652114,35.98339890412515,0.43920595042630417,0.6329780512373184,0.5262035349227375,0.021029509575919297,0.09109883075066257,0.6075667983897715,0.6905546781426853,0.7468932888976216,0.7818504973839809,0.6432349643224733,0.8601107925782107,1.1539653998024368,0.5489921944605013,4601452.965487315,4828.638038328479,19419,,0.9189111933995973,70724,76965
prot,screen_space,ok,,,/mnt/ssd1/29d_kon/acm_2026/outputs/coordinator/rc2_full_metrics_20260610_143622/SAL3D/baseline_screen_space/prot/sigmapx26p3_recenter_rotx90p0_horizontaltovertical_blender_rig/prot_report.json,/mnt/ssd1/29d_kon/acm_2026/outputs/coordinator/rc2_full_metrics_20260610_143622/SAL3D/_logs/screen_space/prot.log,,fixed_face,face,prot_faces.txt,20000,0,0.0,False,,,76965,660,horizontal_to_vertical,60.000001669652114,35.98339890412515,0.04703922649668485,0.5414302119655684,0.8483780342943462,0.04568563393616131,0.15121925041227421,0.11280322413225174,0.539539342523694,0.5487033794638241,0.5893146646346887,0.5285112325858418,0.0614530529927018,0.18147582643190527,0.037671099496720366,0.044541469074587677,4828.638038328479,19179,7162019,,,
ring,cone,ok,,,/mnt/ssd1/29d_kon/acm_2026/outputs/coordinator/rc2_full_metrics_20260610_143622/SAL3D/baseline_cone/ring/recenter_rotx90p0_horizontaltovertical_blender_rig/ring_report.json,/mnt/ssd1/29d_kon/acm_2026/outputs/coordinator/rc2_full_metrics_20260610_143622/SAL3D/_logs/cone/ring.log,,fixed_face,face,ring_faces.txt,44157,0,0.0,False,,,76965,660,horizontal_to_vertical,60.000001669652114,35.98339890412515,0.22749131886732318,0.6465616156983837,0.42072391466718073,0.06646255931163866,0.1871185797227336,0.2464061526162565,0.7037828172565648,0.4774503323307364,0.38825840410833506,0.19371453853451218,0.3411819540946145,0.17892041825427768,-0.654497278462689,38811504.899785414,26207.0921803654,44157,,0.6373676346391217,49055,76965
ring,screen_space,ok,,,/mnt/ssd1/29d_kon/acm_2026/outputs/coordinator/rc2_full_metrics_20260610_143622/SAL3D/baseline_screen_space/ring/sigmapx26p3_recenter_rotx90p0_horizontaltovertical_blender_rig/ring_report.json,/mnt/ssd1/29d_kon/acm_2026/outputs/coordinator/rc2_full_metrics_20260610_143622/SAL3D/_logs/screen_space/ring.log,,fixed_face,face,ring_faces.txt,44157,0,0.0,False,,,76965,660,horizontal_to_vertical,60.000001669652114,35.98339890412515,0.23149292730040655,0.6507666953482583,0.5349297429670231,0.062181370182718625,0.18044693859302963,0.2928691734941467,0.7137280178941996,0.5023882261625001,0.4299856454776426,0.22716370898916935,0.28544833362508654,0.08153415612615555,-0.6919760721390991,0.19148585548389602,26207.0921803654,42702,14842386,,,
ringdragon,cone,ok,,,/mnt/ssd1/29d_kon/acm_2026/outputs/coordinator/rc2_full_metrics_20260610_143622/SAL3D/baseline_cone/ringdragon/recenter_rotx90p0_horizontaltovertical_blender_rig/ringdragon_report.json,/mnt/ssd1/29d_kon/acm_2026/outputs/coordinator/rc2_full_metrics_20260610_143622/SAL3D/_logs/cone/ringdragon.log,,fixed_face,face,ringdragon_faces.txt,51276,0,0.0,False,,,76965,660,horizontal_to_vertical,60.000001669652114,35.98339890412515,0.5992651417957994,0.6244795383087592,0.476088859916058,0.02261346412917308,0.09865788573800029,0.48721427053592054,0.7501303307215974,0.913447012535352,0.8886809034115931,0.8067194887878233,1.7517585464693954,1.6728111966551673,0.539539824532146,48407974.83680591,12539.67272316507,51276,,0.7748976807639836,59640,76965
ringdragon,screen_space,ok,,,/mnt/ssd1/29d_kon/acm_2026/outputs/coordinator/rc2_full_metrics_20260610_143622/SAL3D/baseline_screen_space/ringdragon/sigmapx26p3_recenter_rotx90p0_horizontaltovertical_blender_rig/ringdragon_report.json,/mnt/ssd1/29d_kon/acm_2026/outputs/coordinator/rc2_full_metrics_20260610_143622/SAL3D/_logs/screen_space/ringdragon.log,,fixed_face,face,ringdragon_faces.txt,51276,0,0.0,False,,,76965,660,horizontal_to_vertical,60.000001669652114,35.98339890412515,0.2351256432796942,0.5119476532003924,0.9367026621496228,0.056568006025242534,0.16930156414853362,0.05014445916988306,0.5749295019211689,0.7830046185584938,0.7461406494117673,0.6235821723453857,0.9173312247858626,0.8018391071989107,0.1845920966977785,0.35640253678121825,12539.67272316507,50080,17920518,,,
rockerarm,cone,ok,,,/mnt/ssd1/29d_kon/acm_2026/outputs/coordinator/rc2_full_metrics_20260610_143622/SAL3D/baseline_cone/rockerarm/recenter_rotx90p0_horizontaltovertical_blender_rig/rockerarm_report.json,/mnt/ssd1/29d_kon/acm_2026/outputs/coordinator/rc2_full_metrics_20260610_143622/SAL3D/_logs/cone/rockerarm.log,,fixed_face,face,rockerarm_faces.txt,20000,0,0.0,False,,,85761,660,horizontal_to_vertical,60.000001669652114,35.98339890412515,0.33345333157118684,0.6505776268327164,0.5619414335782167,0.050817827639313584,0.16162371249928237,0.3379508955526891,0.7310758688528887,0.5920328576388889,0.5722104671052631,0.5262800820707071,0.5089700566507878,0.6110111308099073,0.7664208376447451,12804191.165829813,10141.1928935134,20000,,0.7624794487004583,65391,85761
rockerarm,screen_space,ok,,,/mnt/ssd1/29d_kon/acm_2026/outputs/coordinator/rc2_full_metrics_20260610_143622/SAL3D/baseline_screen_space/rockerarm/sigmapx26p3_recenter_rotx90p0_horizontaltovertical_blender_rig/rockerarm_report.json,/mnt/ssd1/29d_kon/acm_2026/outputs/coordinator/rc2_full_metrics_20260610_143622/SAL3D/_logs/screen_space/rockerarm.log,,fixed_face,face,rockerarm_faces.txt,20000,0,0.0,False,,,85761,660,horizontal_to_vertical,60.000001669652114,35.98339890412515,0.13356129704302744,0.5906553044223082,0.9909618082278457,0.07378382046801649,0.20199592273831227,0.20052167951750863,0.6439423474590205,0.4831489930555555,0.46218496710526313,0.44497443181818175,0.013731255087656706,0.0364517914040203,0.12710195720425937,0.07806516845498725,10141.1928935134,18877,6786071,,,
skull,cone,ok,,,/mnt/ssd1/29d_kon/acm_2026/outputs/coordinator/rc2_full_metrics_20260610_143622/SAL3D/baseline_cone/skull/recenter_rotx90p0_horizontaltovertical_blender_rig/skull_report.json,/mnt/ssd1/29d_kon/acm_2026/outputs/coordinator/rc2_full_metrics_20260610_143622/SAL3D/_logs/cone/skull.log,,fixed_face,face,skull_faces.txt,51264,0,0.0,False,,,79164,660,horizontal_to_vertical,60.000001669652114,35.98339890412515,0.35222345388722215,0.6296782622156831,0.6968652581452508,0.0327477415819983,0.11810077661495338,0.5472332828211824,0.6776977999076024,0.6741693967432301,0.6466967951810545,0.7805256035614734,0.47731633064932144,0.33605579296164945,0.6337316491570874,22422393.41314789,16931.338788134723,50252,,0.9058789348693851,71713,79164
skull,screen_space,ok,,,/mnt/ssd1/29d_kon/acm_2026/outputs/coordinator/rc2_full_metrics_20260610_143622/SAL3D/baseline_screen_space/skull/sigmapx26p3_recenter_rotx90p0_horizontaltovertical_blender_rig/skull_report.json,/mnt/ssd1/29d_kon/acm_2026/outputs/coordinator/rc2_full_metrics_20260610_143622/SAL3D/_logs/screen_space/skull.log,,fixed_face,face,skull_faces.txt,51264,0,0.0,False,,,79164,660,horizontal_to_vertical,60.000001669652114,35.98339890412515,-0.019199664599559307,0.5255723966759352,1.5485073159011993,0.057057017363132394,0.17388343797220676,0.0853488217389734,0.5349305693988419,0.4565977307161018,0.38206901328129966,0.35394008683959416,-0.18507217505584542,-0.4151903878330411,-0.5291010902213279,0.19904244483749237,16931.338788134723,47271,19189646,,,
sofa,cone,ok,,,/mnt/ssd1/29d_kon/acm_2026/outputs/coordinator/rc2_full_metrics_20260610_143622/SAL3D/baseline_cone/sofa/recenter_rotx90p0_horizontaltovertical_blender_rig/sofa_report.json,/mnt/ssd1/29d_kon/acm_2026/outputs/coordinator/rc2_full_metrics_20260610_143622/SAL3D/_logs/cone/sofa.log,,fixed_face,face,sofa_faces.txt,15125,0,0.0,False,,,76965,660,horizontal_to_vertical,60.000001669652114,35.98339890412515,0.5158567052600181,0.7524010778472412,0.21206913666521282,0.027759489690055133,0.12477443032972775,0.5045668786734775,0.8519736196383,0.7301490736521179,0.7592001468312687,0.9427173455748539,0.8658940168926389,0.9507775075986891,1.8909118270641276,8506144.205372568,6837.43677134623,14976,,0.8563892678490223,65912,76965
sofa,screen_space,ok,,,/mnt/ssd1/29d_kon/acm_2026/outputs/coordinator/rc2_full_metrics_20260610_143622/SAL3D/baseline_screen_space/sofa/sigmapx26p3_recenter_rotx90p0_horizontaltovertical_blender_rig/sofa_report.json,/mnt/ssd1/29d_kon/acm_2026/outputs/coordinator/rc2_full_metrics_20260610_143622/SAL3D/_logs/screen_space/sofa.log,,fixed_face,face,sofa_faces.txt,15125,0,0.0,False,,,76965,660,horizontal_to_vertical,60.000001669652114,35.98339890412515,0.09284339488477956,0.6300562860334638,0.5935480475697577,0.05404551861836607,0.16289629274705783,0.25571106294410384,0.6450562392908977,0.5862611480380515,0.5849203652223083,0.8022203683147594,0.06029303088726233,0.01666776494267604,0.5353818582604764,0.05633080136207084,6837.43677134623,14533,4532423,,,
spaceshuttle,cone,ok,,,/mnt/ssd1/29d_kon/acm_2026/outputs/coordinator/rc2_full_metrics_20260610_143622/SAL3D/baseline_cone/spaceshuttle/recenter_rotx90p0_horizontaltovertical_blender_rig/spaceshuttle_report.json,/mnt/ssd1/29d_kon/acm_2026/outputs/coordinator/rc2_full_metrics_20260610_143622/SAL3D/_logs/cone/spaceshuttle.log,,fixed_face,face,spaceshuttle_faces.txt,48015,0,0.0,False,,,79164,660,horizontal_to_vertical,60.000001669652114,35.98339890412515,0.49505860114133515,0.6906020469576042,0.31050718767786945,0.046582157510027256,0.13413855726102777,0.6481865408405145,0.7629339907600529,0.802333962900572,0.83414410118035,0.8661100935233313,0.928879160295272,1.1879741319447348,1.45066518275449,62662463.70920382,13946.212001518365,47732,,0.803534434844121,63611,79164
spaceshuttle,screen_space,ok,,,/mnt/ssd1/29d_kon/acm_2026/outputs/coordinator/rc2_full_metrics_20260610_143622/SAL3D/baseline_screen_space/spaceshuttle/sigmapx26p3_recenter_rotx90p0_horizontaltovertical_blender_rig/spaceshuttle_report.json,/mnt/ssd1/29d_kon/acm_2026/outputs/coordinator/rc2_full_metrics_20260610_143622/SAL3D/_logs/screen_space/spaceshuttle.log,,fixed_face,face,spaceshuttle_faces.txt,48015,0,0.0,False,,,79164,660,horizontal_to_vertical,60.000001669652114,35.98339890412515,0.4418589279285978,0.6770673763222081,0.4169508294261949,0.02988065349626138,0.11471768594151668,0.5505091865550995,0.7481822818670357,0.7774920635079255,0.8090101895965057,0.8537518756689381,0.8209698789916426,1.081015198957515,1.4769631560988337,0.2717510028085722,13946.212001518365,47039,14898252,,,
starfish,cone,ok,,,/mnt/ssd1/29d_kon/acm_2026/outputs/coordinator/rc2_full_metrics_20260610_143622/SAL3D/baseline_cone/starfish/recenter_rotx90p0_horizontaltovertical_blender_rig/starfish_report.json,/mnt/ssd1/29d_kon/acm_2026/outputs/coordinator/rc2_full_metrics_20260610_143622/SAL3D/_logs/cone/starfish.log,,fixed_face,face,starfish_faces.txt,60716,0,0.0,False,,,79164,660,horizontal_to_vertical,60.000001669652114,35.98339890412515,0.6856053832245045,0.7056210129522897,0.3301663321768584,0.017327961074201897,0.07836032037219882,0.5290428169057568,0.8178890340843828,0.9435446263434979,0.9696156752715691,0.9879270022732968,1.8070249721237297,2.4923977901624643,3.595283726846484,64624631.08953728,14044.170696866164,60716,,0.842251528472538,66676,79164
starfish,screen_space,ok,,,/mnt/ssd1/29d_kon/acm_2026/outputs/coordinator/rc2_full_metrics_20260610_143622/SAL3D/baseline_screen_space/starfish/sigmapx26p3_recenter_rotx90p0_horizontaltovertical_blender_rig/starfish_report.json,/mnt/ssd1/29d_kon/acm_2026/outputs/coordinator/rc2_full_metrics_20260610_143622/SAL3D/_logs/screen_space/starfish.log,,fixed_face,face,starfish_faces.txt,60716,0,0.0,False,,,79164,660,horizontal_to_vertical,60.000001669652114,35.98339890412515,0.6637302858439985,0.7028125922407409,0.41896376688713444,0.021391281829022706,0.09288897464755173,0.45460868466952076,0.8188124263847223,0.9293348335342579,0.963664958167421,0.9870007828012,1.7914119439576035,2.419351953116557,3.3980412958237625,0.3071636834106639,14044.170696866164,59367,20845693,,,
teapot,cone,ok,,,/mnt/ssd1/29d_kon/acm_2026/outputs/coordinator/rc2_full_metrics_20260610_143622/SAL3D/baseline_cone/teapot/recenter_rotx90p0_horizontaltovertical_blender_rig/teapot_report.json,/mnt/ssd1/29d_kon/acm_2026/outputs/coordinator/rc2_full_metrics_20260610_143622/SAL3D/_logs/cone/teapot.log,,fixed_face,face,teapot_faces.txt,43616,0,0.0,False,,,76965,660,horizontal_to_vertical,60.000001669652114,35.98339890412515,0.21540068445494848,0.5859280367439396,0.6396187458494835,0.03799806957828047,0.11727644679729836,0.485014167455505,0.591743643406755,0.5582597504438989,0.5252773066115553,0.4692000508758246,0.07949936221124557,-0.1018778121505877,-0.24249321317967257,21718433.87630268,14478.381719380875,42406,,0.798245955954005,61437,76965
teapot,screen_space,ok,,,/mnt/ssd1/29d_kon/acm_2026/outputs/coordinator/rc2_full_metrics_20260610_143622/SAL3D/baseline_screen_space/teapot/sigmapx26p3_recenter_rotx90p0_horizontaltovertical_blender_rig/teapot_report.json,/mnt/ssd1/29d_kon/acm_2026/outputs/coordinator/rc2_full_metrics_20260610_143622/SAL3D/_logs/screen_space/teapot.log,,fixed_face,face,teapot_faces.txt,43616,0,0.0,False,,,76965,660,horizontal_to_vertical,60.000001669652114,35.98339890412515,-0.029055322031822907,0.5409047009497483,1.155424692742033,0.04698276858689816,0.14889366268993087,0.03684505038713851,0.5303837097544783,0.41606889365857097,0.3885093209026229,0.30978163731577524,-0.24958798962615625,-0.36914016342580724,-0.6007815312571805,0.16182478528221447,14478.381719380875,39420,13937213,,,
torso,cone,ok,,,/mnt/ssd1/29d_kon/acm_2026/outputs/coordinator/rc2_full_metrics_20260610_143622/SAL3D/baseline_cone/torso/recenter_rotx90p0_horizontaltovertical_blender_rig/torso_report.json,/mnt/ssd1/29d_kon/acm_2026/outputs/coordinator/rc2_full_metrics_20260610_143622/SAL3D/_logs/cone/torso.log,,fixed_face,face,torso_faces.txt,20000,0,0.0,False,,,76965,660,horizontal_to_vertical,60.000001669652114,35.98339890412515,0.6788072714698985,0.7034340562707442,0.42715942205550134,0.016170320622499405,0.0866743714736771,0.62006884808517,0.8155225576558789,0.8731539025169462,0.9604154318875671,0.9657840754116578,1.7644910942133711,2.388686637736444,2.458388364858047,21720277.286577404,6273.685086484927,19813,,0.823088416812837,63349,76965
torso,screen_space,ok,,,/mnt/ssd1/29d_kon/acm_2026/outputs/coordinator/rc2_full_metrics_20260610_143622/SAL3D/baseline_screen_space/torso/sigmapx26p3_recenter_rotx90p0_horizontaltovertical_blender_rig/torso_report.json,/mnt/ssd1/29d_kon/acm_2026/outputs/coordinator/rc2_full_metrics_20260610_143622/SAL3D/_logs/screen_space/torso.log,,fixed_face,face,torso_faces.txt,20000,0,0.0,False,,,76965,660,horizontal_to_vertical,60.000001669652114,35.98339890412515,0.5795834219040273,0.6920031312053633,0.7036353788798346,0.01867731957555747,0.0892655259690778,0.5814677818110723,0.7830112297130783,0.8539772023280364,0.9336635106326981,0.8972310650065664,1.51523772707654,1.9212636034126713,1.5559166440092267,0.09546986877314263,6273.685086484927,17680,7371809,,,
triceratop,cone,ok,,,/mnt/ssd1/29d_kon/acm_2026/outputs/coordinator/rc2_full_metrics_20260610_143622/SAL3D/baseline_cone/triceratop/recenter_rotx90p0_horizontaltovertical_blender_rig/triceratop_report.json,/mnt/ssd1/29d_kon/acm_2026/outputs/coordinator/rc2_full_metrics_20260610_143622/SAL3D/_logs/cone/triceratop.log,,fixed_face,face,triceratop_faces.txt,71901,0,0.0,False,,,76965,660,horizontal_to_vertical,60.000001669652114,35.98339890412515,0.29945639100283056,0.6034324012986562,0.5296016022228485,0.023915047562802567,0.08833985954224267,0.40390184980753113,0.5912861114182902,0.864877115034641,0.8227068482038359,0.7786032908435218,0.8995283404321731,0.7105344311811614,0.27340741614625846,38139371.57858601,16565.88032867248,71901,,0.7903072825310206,60826,76965
triceratop,screen_space,ok,,,/mnt/ssd1/29d_kon/acm_2026/outputs/coordinator/rc2_full_metrics_20260610_143622/SAL3D/baseline_screen_space/triceratop/sigmapx26p3_recenter_rotx90p0_horizontaltovertical_blender_rig/triceratop_report.json,/mnt/ssd1/29d_kon/acm_2026/outputs/coordinator/rc2_full_metrics_20260610_143622/SAL3D/_logs/screen_space/triceratop.log,,fixed_face,face,triceratop_faces.txt,71901,0,0.0,False,,,76965,660,horizontal_to_vertical,60.000001669652114,35.98339890412515,0.20483944505012172,0.6179772591616053,0.7688131759728408,0.028080660309504256,0.09935521665016209,0.3452974822689123,0.5893337193634789,0.771953160382255,0.7103606079789062,0.5752335154436748,0.6602587451733201,0.4989997712948213,-0.06682965784925315,0.2508952929756345,16565.88032867248,69630,24300523,,,
turbine,cone,ok,,,/mnt/ssd1/29d_kon/acm_2026/outputs/coordinator/rc2_full_metrics_20260610_143622/SAL3D/baseline_cone/turbine/recenter_rotx90p0_horizontaltovertical_blender_rig/turbine_report.json,/mnt/ssd1/29d_kon/acm_2026/outputs/coordinator/rc2_full_metrics_20260610_143622/SAL3D/_logs/cone/turbine.log,,fixed_face,face,turbine_faces.txt,19998,0,0.0,False,,,76965,660,horizontal_to_vertical,60.000001669652114,35.98339890412515,0.5484836622836491,0.7275476831205746,0.24720442269293227,0.028379012533803906,0.12384974079919141,0.6012695150388043,0.8339358071098161,0.8107440757306367,0.7944813401410674,0.6965706447620972,1.0758977648374348,1.0701452254484611,0.39873652748363303,15675332.938846886,9237.213450816025,19998,,0.8737608003638018,67249,76965
turbine,screen_space,ok,,,/mnt/ssd1/29d_kon/acm_2026/outputs/coordinator/rc2_full_metrics_20260610_143622/SAL3D/baseline_screen_space/turbine/sigmapx26p3_recenter_rotx90p0_horizontaltovertical_blender_rig/turbine_report.json,/mnt/ssd1/29d_kon/acm_2026/outputs/coordinator/rc2_full_metrics_20260610_143622/SAL3D/_logs/screen_space/turbine.log,,fixed_face,face,turbine_faces.txt,19998,0,0.0,False,,,76965,660,horizontal_to_vertical,60.000001669652114,35.98339890412515,0.3565652989942122,0.6387629857463499,1.4852255181385332,0.04783974233251114,0.16742907866661327,0.3118336488090335,0.7367218287228237,0.6632267543615958,0.6981706824402568,0.7180697545206586,0.6877141641004557,0.8991794480898729,0.9319961745155467,0.07809245715578075,9237.213450816025,18129,6884284,,,
vase,cone,ok,,,/mnt/ssd1/29d_kon/acm_2026/outputs/coordinator/rc2_full_metrics_20260610_143622/SAL3D/baseline_cone/vase/recenter_rotx90p0_horizontaltovertical_blender_rig/vase_report.json,/mnt/ssd1/29d_kon/acm_2026/outputs/coordinator/rc2_full_metrics_20260610_143622/SAL3D/_logs/cone/vase.log,,fixed_face,face,vase_faces.txt,20000,0,0.0,False,,,76965,660,horizontal_to_vertical,60.000001669652114,35.98339890412515,0.6464336832410668,0.74115438944561,0.21608052376436987,0.027312890231788796,0.12255727723230835,0.8214690109717766,0.8309826334972836,0.8231484371658787,0.8374870765327581,0.8847750936932565,1.0908795056752094,1.2249361764456146,1.6601038869412374,16575715.501221891,6805.810518348616,19987,,0.8510621711167414,65502,76965
vase,screen_space,ok,,,/mnt/ssd1/29d_kon/acm_2026/outputs/coordinator/rc2_full_metrics_20260610_143622/SAL3D/baseline_screen_space/vase/sigmapx26p3_recenter_rotx90p0_horizontaltovertical_blender_rig/vase_report.json,/mnt/ssd1/29d_kon/acm_2026/outputs/coordinator/rc2_full_metrics_20260610_143622/SAL3D/_logs/screen_space/vase.log,,fixed_face,face,vase_faces.txt,20000,0,0.0,False,,,76965,660,horizontal_to_vertical,60.000001669652114,35.98339890412515,0.4867713549521613,0.6999953022158283,0.3500716158858686,0.03349582258685443,0.11545542708602873,0.7600301288015284,0.7507139319705749,0.756810524737076,0.731561405933887,0.7488520589224906,0.7363134569728222,0.6388105254961832,0.6906169276079108,0.08955357117620988,6805.810518348616,19268,6880061,,,
victoria,cone,ok,,,/mnt/ssd1/29d_kon/acm_2026/outputs/coordinator/rc2_full_metrics_20260610_143622/SAL3D/baseline_cone/victoria/recenter_rotx90p0_horizontaltovertical_blender_rig/victoria_report.json,/mnt/ssd1/29d_kon/acm_2026/outputs/coordinator/rc2_full_metrics_20260610_143622/SAL3D/_logs/cone/victoria.log,,fixed_face,face,victoria_faces.txt,42766,0,0.0,False,,,76965,660,horizontal_to_vertical,60.000001669652114,35.98339890412515,0.4984543988638656,0.7134814677601635,0.2663058850362849,0.03358503896874491,0.1127518193476989,0.6539571654262959,0.766316221100816,0.8867738014125631,0.86870287529448,0.8562499392929551,1.1130534525334927,0.9399973378085117,0.6517663481600343,106521399.26918904,13144.318047849509,42766,,0.7965698694211655,61308,76965
victoria,screen_space,ok,,,/mnt/ssd1/29d_kon/acm_2026/outputs/coordinator/rc2_full_metrics_20260610_143622/SAL3D/baseline_screen_space/victoria/sigmapx26p3_recenter_rotx90p0_horizontaltovertical_blender_rig/victoria_report.json,/mnt/ssd1/29d_kon/acm_2026/outputs/coordinator/rc2_full_metrics_20260610_143622/SAL3D/_logs/screen_space/victoria.log,,fixed_face,face,victoria_faces.txt,42766,0,0.0,False,,,76965,660,horizontal_to_vertical,60.000001669652114,35.98339890412515,0.497902388975966,0.7221296268674884,0.2710780556650522,0.02193190826767917,0.09602248668267963,0.6293148683346504,0.7790106427781048,0.8585541958406416,0.8414460362520184,0.8304410565498266,1.0698729334086845,1.0021404562609133,0.8021280394623236,0.3933651462504955,13144.318047849509,42358,14495887,,,
watchtower,cone,ok,,,/mnt/ssd1/29d_kon/acm_2026/outputs/coordinator/rc2_full_metrics_20260610_143622/SAL3D/baseline_cone/watchtower/recenter_rotx90p0_horizontaltovertical_blender_rig/watchtower_report.json,/mnt/ssd1/29d_kon/acm_2026/outputs/coordinator/rc2_full_metrics_20260610_143622/SAL3D/_logs/cone/watchtower.log,,fixed_face,face,watchtower_faces.txt,86783,0,0.0,False,,,81363,660,horizontal_to_vertical,60.000001669652114,35.98339890412515,0.4775935675529983,0.7059602100239346,0.2690999005078113,0.037401129118854785,0.12871379141486416,0.4766180186174559,0.7827848373581531,0.7895160578835448,0.8504814319461258,0.9487232927021341,1.0721898846980293,1.2675472209905017,1.9669320978344957,72521566.45808254,39886.04790051725,86757,,0.878691788650861,71493,81363
watchtower,screen_space,ok,,,/mnt/ssd1/29d_kon/acm_2026/outputs/coordinator/rc2_full_metrics_20260610_143622/SAL3D/baseline_screen_space/watchtower/sigmapx26p3_recenter_rotx90p0_horizontaltovertical_blender_rig/watchtower_report.json,/mnt/ssd1/29d_kon/acm_2026/outputs/coordinator/rc2_full_metrics_20260610_143622/SAL3D/_logs/screen_space/watchtower.log,,fixed_face,face,watchtower_faces.txt,86783,0,0.0,False,,,81363,660,horizontal_to_vertical,60.000001669652114,35.98339890412515,0.38195009559061016,0.6792363857523539,0.34192321482316523,0.04196266971586994,0.1403070711627419,0.3700178284613105,0.7562115464048772,0.7548544535278734,0.8076123722553811,0.9096332141050328,0.8933626343255321,1.0319423274366302,1.5145789547109363,0.3275504880955533,39886.04790051725,85025,27818161,,,
wolf,cone,ok,,,/mnt/ssd1/29d_kon/acm_2026/outputs/coordinator/rc2_full_metrics_20260610_143622/SAL3D/baseline_cone/wolf/recenter_rotx90p0_horizontaltovertical_blender_rig/wolf_report.json,/mnt/ssd1/29d_kon/acm_2026/outputs/coordinator/rc2_full_metrics_20260610_143622/SAL3D/_logs/cone/wolf.log,,fixed_face,face,wolf_faces.txt,45001,0,0.0,False,,,76965,660,horizontal_to_vertical,60.000001669652114,35.98339890412515,0.41110861900057954,0.6328883470336428,0.4665982824990434,0.031366437027156205,0.10600928160942875,0.7027128532525099,0.6546435193932387,0.7589902034618139,0.7986937810111219,0.8165743837621995,0.646709304619121,0.8036508645178972,0.8541444039707797,20387631.91285775,8446.088441403455,45001,,0.6280647047359189,48339,76965
wolf,screen_space,ok,,,/mnt/ssd1/29d_kon/acm_2026/outputs/coordinator/rc2_full_metrics_20260610_143622/SAL3D/baseline_screen_space/wolf/sigmapx26p3_recenter_rotx90p0_horizontaltovertical_blender_rig/wolf_report.json,/mnt/ssd1/29d_kon/acm_2026/outputs/coordinator/rc2_full_metrics_20260610_143622/SAL3D/_logs/screen_space/wolf.log,,fixed_face,face,wolf_faces.txt,45001,0,0.0,False,,,76965,660,horizontal_to_vertical,60.000001669652114,35.98339890412515,0.30445545634664534,0.5958681508900784,0.7772083065582231,0.04560307268182274,0.14489128722568562,0.5442200496434533,0.6118528209061941,0.6835318615548807,0.6891429715055063,0.7333436964540917,0.4742634414077617,0.45573578867032705,0.5005826143764177,0.11003890778712463,8446.088441403455,42825,15914660,,,
