texture_type,model,method,status,error_type,error_message,report_path,stdout_log_path,gt_file,n_faces,num_rows,num_participants,num_points,num_frames_with_points,projection_fov_mode,projection_fov_source,input_fov_deg,effective_vertical_fov_deg,CC,SIM,KLD,MSE,MAE,Spearman,Cosine,AUC_Judd_gt_top_10pct_proxy,AUC_Judd_gt_top_5pct_proxy,AUC_Judd_gt_top_1pct_proxy,NSS_gt_top_10pct_proxy,NSS_gt_top_5pct_proxy,NSS_gt_top_1pct_proxy,PredictionSum,GroundTruthSum,nonzero_faces,culled_back_faces,hit_rate,successful_hits,total_gaze_points,cone_nonzero_faces
rgb_texture,Apple_Red_v1_L3,screen_space,ok,,,/home/29d_kon@lab.graphicon.ru/ssd1_link/projects/REPROJECTING/outputs_batch_20260601/MeshMamba_reference_rgb_screen/rgb_texture/baseline_screen_space/Apple_Red_v1_L3/sigma0p05_recenter_rotx90p0_horizontaltovertical_blender_rig/Apple_Red_v1_L3_report.json,/home/29d_kon@lab.graphicon.ru/ssd1_link/projects/REPROJECTING/outputs_batch_20260601/MeshMamba_reference_rgb_screen/_logs/rgb_texture/screen_space/Apple_Red_v1_L3.log,Apple_v01_l3.csv,32868,36,36,22635,510,horizontal_to_vertical,json_camera_static.fov_degrees,60.000001669652114,35.98339890412515,0.38526375777853694,0.4697935541682995,1.1936311506838004,0.07116910452656584,0.18028863036301762,0.5222760260874048,0.5707043073251422,0.7924412698121137,0.7028052497829045,0.6914114565911134,0.7256062335863167,0.255198466379657,0.29295548764263724,2.3882538535756703,4181.260346,28783,9290336,,,,
rgb_texture,Aquarium_Deep_Sea_Diver_v1_L1,screen_space,ok,,,/home/29d_kon@lab.graphicon.ru/ssd1_link/projects/REPROJECTING/outputs_batch_20260601/MeshMamba_reference_rgb_screen/rgb_texture/baseline_screen_space/Aquarium_Deep_Sea_Diver_v1_L1/sigma0p05_recenter_rotx90p0_horizontaltovertical_blender_rig/Aquarium_Deep_Sea_Diver_v1_L1_report.json,/home/29d_kon@lab.graphicon.ru/ssd1_link/projects/REPROJECTING/outputs_batch_20260601/MeshMamba_reference_rgb_screen/_logs/rgb_texture/screen_space/Aquarium_Deep_Sea_Diver_v1_L1.log,Aquarium_Deep_Sea_Diver_v1_L1.csv,32868,563,528,366588,510,horizontal_to_vertical,json_camera_static.fov_degrees,60.000001669652114,35.98339890412515,0.09788432846622425,0.6855675863825492,2.3513359499645654,0.05486606525881123,0.18662013956523915,0.13293854672204752,0.7592111661111447,0.5048302656717083,0.4836826965095787,0.46687809092497934,0.008319657087631289,-0.08946417355634494,-0.20792150106005294,3.4373281959590893,7268.490005,28520,8825712,,,,
rgb_texture,Aquarium_Skull_v1_L1,screen_space,ok,,,/home/29d_kon@lab.graphicon.ru/ssd1_link/projects/REPROJECTING/outputs_batch_20260601/MeshMamba_reference_rgb_screen/rgb_texture/baseline_screen_space/Aquarium_Skull_v1_L1/sigma0p05_recenter_rotx90p0_horizontaltovertical_blender_rig/Aquarium_Skull_v1_L1_report.json,/home/29d_kon@lab.graphicon.ru/ssd1_link/projects/REPROJECTING/outputs_batch_20260601/MeshMamba_reference_rgb_screen/_logs/rgb_texture/screen_space/Aquarium_Skull_v1_L1.log,Aquarium_Skull_v1_L1.csv,32868,35,35,27321,510,horizontal_to_vertical,json_camera_static.fov_degrees,60.000001669652114,35.98339890412515,0.3398739572927948,0.612161020405888,1.3192494677513693,0.059036343801678416,0.18381136821542576,0.4490612517209893,0.6914365955540493,0.6795968080589146,0.6847669426412897,0.8019052843858822,0.4526205129843514,0.4837814178350945,0.9405799392791336,2.322221212075429,3553.773486,28965,9081592,,,,
rgb_texture,BastetCat_v2_L2,screen_space,ok,,,/home/29d_kon@lab.graphicon.ru/ssd1_link/projects/REPROJECTING/outputs_batch_20260601/MeshMamba_reference_rgb_screen/rgb_texture/baseline_screen_space/BastetCat_v2_L2/sigma0p05_recenter_rotx90p0_horizontaltovertical_blender_rig/BastetCat_v2_L2_report.json,/home/29d_kon@lab.graphicon.ru/ssd1_link/projects/REPROJECTING/outputs_batch_20260601/MeshMamba_reference_rgb_screen/_logs/rgb_texture/screen_space/BastetCat_v2_L2.log,Bastet_Cat_v2_l2.csv,32868,35,35,25203,510,horizontal_to_vertical,json_camera_static.fov_degrees,60.000001669652114,35.98339890412515,0.49783652188094296,0.6757193759136685,1.0770673272417453,0.04466927859945693,0.16451229866921446,0.5702661526305833,0.7891171634791095,0.7650252748695869,0.7552391424214825,0.7449709868849456,0.819137613099583,0.8237930150049286,0.75051015713471,3.65189025513341,7021.170288,30864,8604489,,,,
rgb_texture,Beauceron_v1_L3,screen_space,ok,,,/home/29d_kon@lab.graphicon.ru/ssd1_link/projects/REPROJECTING/outputs_batch_20260601/MeshMamba_reference_rgb_screen/rgb_texture/baseline_screen_space/Beauceron_v1_L3/sigma0p05_recenter_rotx90p0_horizontaltovertical_blender_rig/Beauceron_v1_L3_report.json,/home/29d_kon@lab.graphicon.ru/ssd1_link/projects/REPROJECTING/outputs_batch_20260601/MeshMamba_reference_rgb_screen/_logs/rgb_texture/screen_space/Beauceron_v1_L3.log,Beauceron_v1_L3.csv,32868,37,37,26058,510,horizontal_to_vertical,json_camera_static.fov_degrees,60.000001669652114,35.98339890412515,0.2391913131133918,0.5347932691126245,2.976463677381122,0.1024636689970789,0.2700750553031687,0.11945487519047769,0.6386076025079178,0.6391774625065361,0.5987514361340364,0.37857409546701537,0.6716454740218645,0.5553235399883043,-0.42358838752141653,3.0059376542844407,7157.521755,30113,8878809,,,,
rgb_texture,BellPepper_v1_L3,screen_space,ok,,,/home/29d_kon@lab.graphicon.ru/ssd1_link/projects/REPROJECTING/outputs_batch_20260601/MeshMamba_reference_rgb_screen/rgb_texture/baseline_screen_space/BellPepper_v1_L3/sigma0p05_recenter_rotx90p0_horizontaltovertical_blender_rig/BellPepper_v1_L3_report.json,/home/29d_kon@lab.graphicon.ru/ssd1_link/projects/REPROJECTING/outputs_batch_20260601/MeshMamba_reference_rgb_screen/_logs/rgb_texture/screen_space/BellPepper_v1_L3.log,BellPepper_v01_L3.csv,32868,35,35,26436,510,horizontal_to_vertical,json_camera_static.fov_degrees,60.000001669652114,35.98339890412515,0.09641062696454618,0.5037370863631387,1.5716889832386252,0.06059474194666773,0.16888771270470312,-0.012073043064659415,0.5317226151438837,0.5225275749948729,0.5748230508318201,0.7728177204422733,0.17771271467866878,0.18715484144865077,0.4701295128280453,2.0945707993601417,3125.621448,31900,9253081,,,,
rgb_texture,Bird_Toucan_V3_L2,screen_space,ok,,,/home/29d_kon@lab.graphicon.ru/ssd1_link/projects/REPROJECTING/outputs_batch_20260601/MeshMamba_reference_rgb_screen/rgb_texture/baseline_screen_space/Bird_Toucan_V3_L2/sigma0p05_recenter_rotx90p0_horizontaltovertical_blender_rig/Bird_Toucan_V3_L2_report.json,/home/29d_kon@lab.graphicon.ru/ssd1_link/projects/REPROJECTING/outputs_batch_20260601/MeshMamba_reference_rgb_screen/_logs/rgb_texture/screen_space/Bird_Toucan_V3_L2.log,Bird_Toucan_v3_l2.csv,32868,35,35,22723,510,horizontal_to_vertical,json_camera_static.fov_degrees,60.000001669652114,35.98339890412515,-0.03734085903908105,0.589193585464105,2.5294429240742984,0.09576054630111965,0.24429911024240733,0.014628697263598348,0.6439852712698988,0.3625993462881389,0.3629245615076804,0.32198084300242563,-0.4127098146577537,-0.4550325073257056,-0.606601007464001,3.702436662249943,9594.299801,28583,8768582,,,,
rgb_texture,Bird_v1_L3,screen_space,ok,,,/home/29d_kon@lab.graphicon.ru/ssd1_link/projects/REPROJECTING/outputs_batch_20260601/MeshMamba_reference_rgb_screen/rgb_texture/baseline_screen_space/Bird_v1_L3/sigma0p05_recenter_rotx90p0_horizontaltovertical_blender_rig/Bird_v1_L3_report.json,/home/29d_kon@lab.graphicon.ru/ssd1_link/projects/REPROJECTING/outputs_batch_20260601/MeshMamba_reference_rgb_screen/_logs/rgb_texture/screen_space/Bird_v1_L3.log,Chick.csv,32868,35,35,24235,510,horizontal_to_vertical,json_camera_static.fov_degrees,60.000001669652114,35.98339890412515,-0.11397021786177809,0.4112457425812389,5.147250334827189,0.11822966488645488,0.28945380150820066,-0.15180529700034517,0.47315178334239444,0.37791334333071963,0.34995037038699406,0.34682080357907663,-0.19951106469895644,-0.2372813062965881,-0.2517986449661645,2.6375349397299352,6813.040331,27988,9322749,,,,
rgb_texture,Blackberry_v02_L3,screen_space,ok,,,/home/29d_kon@lab.graphicon.ru/ssd1_link/projects/REPROJECTING/outputs_batch_20260601/MeshMamba_reference_rgb_screen/rgb_texture/baseline_screen_space/Blackberry_v02_L3/sigma0p05_recenter_rotx90p0_horizontaltovertical_blender_rig/Blackberry_v02_L3_report.json,/home/29d_kon@lab.graphicon.ru/ssd1_link/projects/REPROJECTING/outputs_batch_20260601/MeshMamba_reference_rgb_screen/_logs/rgb_texture/screen_space/Blackberry_v02_L3.log,Blackberry_v2_L3.csv,32868,35,35,26853,510,horizontal_to_vertical,json_camera_static.fov_degrees,60.000001669652114,35.98339890412515,0.1340227224361813,0.5489334968027282,1.2241986622471472,0.06473082848581323,0.18755973865059092,0.1190076042068724,0.5568827947911288,0.706738373852587,0.6836913129241776,0.6665206802106354,0.5037852478392885,0.3709765775738284,0.24975638837286132,2.493151830644984,3217.884181,31330,9128229,,,,
rgb_texture,Boombox_v2_L3,screen_space,ok,,,/home/29d_kon@lab.graphicon.ru/ssd1_link/projects/REPROJECTING/outputs_batch_20260601/MeshMamba_reference_rgb_screen/rgb_texture/baseline_screen_space/Boombox_v2_L3/sigma0p05_recenter_rotx90p0_horizontaltovertical_blender_rig/Boombox_v2_L3_report.json,/home/29d_kon@lab.graphicon.ru/ssd1_link/projects/REPROJECTING/outputs_batch_20260601/MeshMamba_reference_rgb_screen/_logs/rgb_texture/screen_space/Boombox_v2_L3.log,Boombox_v2_Iteration2.csv,32868,36,36,25692,510,horizontal_to_vertical,json_camera_static.fov_degrees,60.000001669652114,35.98339890412515,-0.03393436193150758,0.4599025911406981,1.8813127923191748,0.10492642484039649,0.27343424884824385,0.047879253667121896,0.4908254768351529,0.37124324482985144,0.40597003957901245,0.32159360602675435,-0.4016325179304388,-0.30232075349962495,-0.48891189784131833,3.810111973299799,3872.5252760000003,31636,7581358,,,,
rgb_texture,Camel_toy_v03_L3,screen_space,ok,,,/home/29d_kon@lab.graphicon.ru/ssd1_link/projects/REPROJECTING/outputs_batch_20260601/MeshMamba_reference_rgb_screen/rgb_texture/baseline_screen_space/Camel_toy_v03_L3/sigma0p05_recenter_rotx90p0_horizontaltovertical_blender_rig/Camel_toy_v03_L3_report.json,/home/29d_kon@lab.graphicon.ru/ssd1_link/projects/REPROJECTING/outputs_batch_20260601/MeshMamba_reference_rgb_screen/_logs/rgb_texture/screen_space/Camel_toy_v03_L3.log,Camel_toy.csv,32868,36,36,27508,510,horizontal_to_vertical,json_camera_static.fov_degrees,60.000001669652114,35.98339890412515,0.2934115224218373,0.6328494832763523,1.4015756038416343,0.060445107387456565,0.1858079306410871,0.3055486484948254,0.7158077260156198,0.5757587873147305,0.5608443353824153,0.6187503683912249,0.2358134464179757,0.21641316367599223,0.5831527464707806,2.8342129472761277,8050.347979000001,30550,8795334,,,,
rgb_texture,Cardigan_Welsh_Corgi_v1_L3,screen_space,ok,,,/home/29d_kon@lab.graphicon.ru/ssd1_link/projects/REPROJECTING/outputs_batch_20260601/MeshMamba_reference_rgb_screen/rgb_texture/baseline_screen_space/Cardigan_Welsh_Corgi_v1_L3/sigma0p05_recenter_rotx90p0_horizontaltovertical_blender_rig/Cardigan_Welsh_Corgi_v1_L3_report.json,/home/29d_kon@lab.graphicon.ru/ssd1_link/projects/REPROJECTING/outputs_batch_20260601/MeshMamba_reference_rgb_screen/_logs/rgb_texture/screen_space/Cardigan_Welsh_Corgi_v1_L3.log,Cardigan_Welsh_Corgi_v1_L3.csv,32868,35,35,23758,510,horizontal_to_vertical,json_camera_static.fov_degrees,60.000001669652114,35.98339890412515,0.3854921094007026,0.65643708807571,1.6874043308364404,0.07497984953375611,0.22313025092393435,0.29582541532293777,0.7725315848515433,0.7465917423890123,0.9488430335109369,0.9384444068100277,0.8687227150526241,1.6392843184089654,1.66787086418782,4.911888379430309,7268.839112000001,29881,9093951,,,,
rgb_texture,Cat_v1_L3,screen_space,ok,,,/home/29d_kon@lab.graphicon.ru/ssd1_link/projects/REPROJECTING/outputs_batch_20260601/MeshMamba_reference_rgb_screen/rgb_texture/baseline_screen_space/Cat_v1_L3/sigma0p05_recenter_rotx90p0_horizontaltovertical_blender_rig/Cat_v1_L3_report.json,/home/29d_kon@lab.graphicon.ru/ssd1_link/projects/REPROJECTING/outputs_batch_20260601/MeshMamba_reference_rgb_screen/_logs/rgb_texture/screen_space/Cat_v1_L3.log,Cat_v1_l3.csv,32868,35,35,24219,510,horizontal_to_vertical,json_camera_static.fov_degrees,60.000001669652114,35.98339890412515,0.5339958086471894,0.609660180956721,1.2524769922275159,0.06952941843791559,0.20694624752973514,0.2782284925489372,0.759608809111708,0.846001321962034,0.7831878848262581,0.7118676199736376,1.140699803821536,0.9364209367483116,0.6603945347072662,4.226488722281287,7004.478064999999,30523,8884021,,,,
rgb_texture,Charging_Bull_Statue_of_Wall_Street_v1,screen_space,ok,,,/home/29d_kon@lab.graphicon.ru/ssd1_link/projects/REPROJECTING/outputs_batch_20260601/MeshMamba_reference_rgb_screen/rgb_texture/baseline_screen_space/Charging_Bull_Statue_of_Wall_Street_v1/sigma0p05_recenter_rotx90p0_horizontaltovertical_blender_rig/Charging_Bull_Statue_of_Wall_Street_v1_report.json,/home/29d_kon@lab.graphicon.ru/ssd1_link/projects/REPROJECTING/outputs_batch_20260601/MeshMamba_reference_rgb_screen/_logs/rgb_texture/screen_space/Charging_Bull_Statue_of_Wall_Street_v1.log,Charging_Bull_Statue_of_Wall_Street_v1_L1.csv,32868,35,35,27465,510,horizontal_to_vertical,json_camera_static.fov_degrees,60.000001669652114,35.98339890412515,0.08544260524176661,0.5104259732390224,2.1457884090431785,0.09166392495306976,0.24411445286136943,0.027197617222529558,0.5544091872257807,0.6197448427534399,0.5250130152082153,0.23300148309286278,0.4550412058188864,0.2047570249972421,-0.7468791378272494,2.777503932318665,4472.733864,30615,9166988,,,,
rgb_texture,Chinese_coin,screen_space,ok,,,/home/29d_kon@lab.graphicon.ru/ssd1_link/projects/REPROJECTING/outputs_batch_20260601/MeshMamba_reference_rgb_screen/rgb_texture/baseline_screen_space/Chinese_coin/sigma0p05_recenter_rotx90p0_horizontaltovertical_blender_rig/Chinese_coin_report.json,/home/29d_kon@lab.graphicon.ru/ssd1_link/projects/REPROJECTING/outputs_batch_20260601/MeshMamba_reference_rgb_screen/_logs/rgb_texture/screen_space/Chinese_coin.log,chinese_coin.csv,32868,36,36,30224,510,horizontal_to_vertical,json_camera_static.fov_degrees,60.000001669652114,35.98339890412515,-0.007659703196216616,0.6580638336719793,0.7396742400656613,0.04883228551129409,0.1708060382236065,-0.01900348713440037,0.7135704126633613,0.5296945558993796,0.5643210771800095,0.7344655200292266,0.055001210565739256,0.1532219950719902,0.6887607614967537,3.0432286817173413,6439.756262000001,32195,8594491,,,,
rgb_texture,Chips_v1_L3,screen_space,ok,,,/home/29d_kon@lab.graphicon.ru/ssd1_link/projects/REPROJECTING/outputs_batch_20260601/MeshMamba_reference_rgb_screen/rgb_texture/baseline_screen_space/Chips_v1_L3/sigma0p05_recenter_rotx90p0_horizontaltovertical_blender_rig/Chips_v1_L3_report.json,/home/29d_kon@lab.graphicon.ru/ssd1_link/projects/REPROJECTING/outputs_batch_20260601/MeshMamba_reference_rgb_screen/_logs/rgb_texture/screen_space/Chips_v1_L3.log,Chips_v1_L3.csv,32868,35,35,23995,510,horizontal_to_vertical,json_camera_static.fov_degrees,60.000001669652114,35.98339890412515,-0.4520047469857026,0.39521942820815004,1.5586222346047436,0.15789975593395977,0.3385918931199472,-0.49222632356091445,0.45137869261518443,0.34394684436921236,0.3567437986750475,0.36066395331447487,-0.4976999905267337,-0.48981843260183605,-0.46049991754638003,2.3912254023685207,8154.516186000001,32290,8807275,,,,
rgb_texture,Christmas_Bear,screen_space,ok,,,/home/29d_kon@lab.graphicon.ru/ssd1_link/projects/REPROJECTING/outputs_batch_20260601/MeshMamba_reference_rgb_screen/rgb_texture/baseline_screen_space/Christmas_Bear/sigma0p05_recenter_rotx90p0_horizontaltovertical_blender_rig/Christmas_Bear_report.json,/home/29d_kon@lab.graphicon.ru/ssd1_link/projects/REPROJECTING/outputs_batch_20260601/MeshMamba_reference_rgb_screen/_logs/rgb_texture/screen_space/Christmas_Bear.log,Christmas_Bear.csv,32868,36,36,23231,510,horizontal_to_vertical,json_camera_static.fov_degrees,60.000001669652114,35.98339890412515,0.304757361314573,0.6681379187732478,1.218724602132363,0.04581094340752006,0.16763015641109322,0.386265998492773,0.7452115816503708,0.633590558744576,0.6417510073977656,0.5998524940517953,0.3830453892477656,0.4039092148187614,0.14160997657563337,3.1703473509823965,4777.231648999999,30191,8861189,,,,
rgb_texture,CrawlingBaby_v1_L1,screen_space,ok,,,/home/29d_kon@lab.graphicon.ru/ssd1_link/projects/REPROJECTING/outputs_batch_20260601/MeshMamba_reference_rgb_screen/rgb_texture/baseline_screen_space/CrawlingBaby_v1_L1/sigma0p05_recenter_rotx90p0_horizontaltovertical_blender_rig/CrawlingBaby_v1_L1_report.json,/home/29d_kon@lab.graphicon.ru/ssd1_link/projects/REPROJECTING/outputs_batch_20260601/MeshMamba_reference_rgb_screen/_logs/rgb_texture/screen_space/CrawlingBaby_v1_L1.log,CrawlingBaby.csv,32868,35,35,22307,509,horizontal_to_vertical,json_camera_static.fov_degrees,60.000001669652114,35.98339890412515,0.17667805247580662,0.6716237799519426,1.6166868136893706,0.05342420739381605,0.18601171841371694,0.10560701432989648,0.7535379732231742,0.6130643773748364,0.6730354496790478,0.7592838091601278,0.41886938012639585,0.6183245545855696,0.9850007778221559,3.3679334469984497,8154.6519450000005,30538,8749110,,,,
rgb_texture,Deathstroke-obj,screen_space,ok,,,/home/29d_kon@lab.graphicon.ru/ssd1_link/projects/REPROJECTING/outputs_batch_20260601/MeshMamba_reference_rgb_screen/rgb_texture/baseline_screen_space/Deathstroke-obj/sigma0p05_recenter_rotx90p0_horizontaltovertical_blender_rig/Deathstroke-obj_report.json,/home/29d_kon@lab.graphicon.ru/ssd1_link/projects/REPROJECTING/outputs_batch_20260601/MeshMamba_reference_rgb_screen/_logs/rgb_texture/screen_space/Deathstroke-obj.log,Deathstroke.csv,32868,35,35,20667,510,horizontal_to_vertical,json_camera_static.fov_degrees,60.000001669652114,35.98339890412515,0.2412078932857105,0.7510921031599939,0.6991419984026112,0.044749387217964,0.17077198948214622,0.27957240399965466,0.8322929124283094,0.6274589002406771,0.6408645277542449,0.5930762906817173,0.39671761933074806,0.44474103184933367,0.29084539997877473,4.243050579190964,8869.612038,31698,8611754,,,,
rgb_texture,Diavolo_Mask_v1_L3,screen_space,ok,,,/home/29d_kon@lab.graphicon.ru/ssd1_link/projects/REPROJECTING/outputs_batch_20260601/MeshMamba_reference_rgb_screen/rgb_texture/baseline_screen_space/Diavolo_Mask_v1_L3/sigma0p05_recenter_rotx90p0_horizontaltovertical_blender_rig/Diavolo_Mask_v1_L3_report.json,/home/29d_kon@lab.graphicon.ru/ssd1_link/projects/REPROJECTING/outputs_batch_20260601/MeshMamba_reference_rgb_screen/_logs/rgb_texture/screen_space/Diavolo_Mask_v1_L3.log,Diavolo_Mask_v1_l3.csv,32868,35,35,27538,510,horizontal_to_vertical,json_camera_static.fov_degrees,60.000001669652114,35.98339890412515,0.08848446982624451,0.6223618703230915,1.0048215602493937,0.052821939440056614,0.18341143519727296,0.09706769193983417,0.693503828542449,0.46104654947165075,0.4610392342779558,0.6273378655923857,-0.06089524675820811,-0.03428728250023795,0.6519187043950164,2.1537983542364048,7124.251009,31585,8572551,,,,
rgb_texture,Domestic_cat_V2_L3,screen_space,ok,,,/home/29d_kon@lab.graphicon.ru/ssd1_link/projects/REPROJECTING/outputs_batch_20260601/MeshMamba_reference_rgb_screen/rgb_texture/baseline_screen_space/Domestic_cat_V2_L3/sigma0p05_recenter_rotx90p0_horizontaltovertical_blender_rig/Domestic_cat_V2_L3_report.json,/home/29d_kon@lab.graphicon.ru/ssd1_link/projects/REPROJECTING/outputs_batch_20260601/MeshMamba_reference_rgb_screen/_logs/rgb_texture/screen_space/Domestic_cat_V2_L3.log,Domestic_cat_V1_iterations-2.csv,32868,35,35,21267,510,horizontal_to_vertical,json_camera_static.fov_degrees,60.000001669652114,35.98339890412515,0.46666410464760927,0.6395960132797546,3.006246108529468,0.05899594054576647,0.19456424558039445,0.2781921514086131,0.7508517118454907,0.7497189090008944,0.8911468745889525,0.95112192233944,1.0999872096592658,1.8064715309528023,2.137195145146109,2.2561618713742817,3796.7092660000003,26745,9731246,,,,
rgb_texture,Eagle_wood_v1_L3,screen_space,ok,,,/home/29d_kon@lab.graphicon.ru/ssd1_link/projects/REPROJECTING/outputs_batch_20260601/MeshMamba_reference_rgb_screen/rgb_texture/baseline_screen_space/Eagle_wood_v1_L3/sigma0p05_recenter_rotx90p0_horizontaltovertical_blender_rig/Eagle_wood_v1_L3_report.json,/home/29d_kon@lab.graphicon.ru/ssd1_link/projects/REPROJECTING/outputs_batch_20260601/MeshMamba_reference_rgb_screen/_logs/rgb_texture/screen_space/Eagle_wood_v1_L3.log,Eagle_v1_max2011_it2.csv,32868,35,35,26001,510,horizontal_to_vertical,json_camera_static.fov_degrees,60.000001669652114,35.98339890412515,-0.03654921412125303,0.5792429106494885,2.4446411586031593,0.06767793496898374,0.20383041195574267,-0.057957732054052816,0.6207543816728089,0.46463413195556436,0.4310487152561539,0.39271354617619947,-0.039803686668307026,-0.13377136048019947,-0.2678586484250549,2.681048204933451,6640.40646,28801,8930092,,,,
rgb_texture,Elephant_v01_l3,screen_space,ok,,,/home/29d_kon@lab.graphicon.ru/ssd1_link/projects/REPROJECTING/outputs_batch_20260601/MeshMamba_reference_rgb_screen/rgb_texture/baseline_screen_space/Elephant_v01_l3/sigma0p05_recenter_rotx90p0_horizontaltovertical_blender_rig/Elephant_v01_l3_report.json,/home/29d_kon@lab.graphicon.ru/ssd1_link/projects/REPROJECTING/outputs_batch_20260601/MeshMamba_reference_rgb_screen/_logs/rgb_texture/screen_space/Elephant_v01_l3.log,statue_Elephant_v1_L3.csv,32868,35,35,23885,510,horizontal_to_vertical,json_camera_static.fov_degrees,60.000001669652114,35.98339890412515,-0.001122605063152815,0.4724611454816516,2.0090521957567793,0.15387418885803625,0.3331439562300874,0.08439391672233161,0.48737770386477736,0.41377603473447067,0.45509198933317874,0.4050566955846578,-0.21269151565786268,-0.08237904537291367,-0.23568647898975473,2.004661601547568,4025.626563,29386,9179794,,,,
rgb_texture,Fighter_Jet_SG_v1_L3,screen_space,ok,,,/home/29d_kon@lab.graphicon.ru/ssd1_link/projects/REPROJECTING/outputs_batch_20260601/MeshMamba_reference_rgb_screen/rgb_texture/baseline_screen_space/Fighter_Jet_SG_v1_L3/sigma0p05_recenter_rotx90p0_horizontaltovertical_blender_rig/Fighter_Jet_SG_v1_L3_report.json,/home/29d_kon@lab.graphicon.ru/ssd1_link/projects/REPROJECTING/outputs_batch_20260601/MeshMamba_reference_rgb_screen/_logs/rgb_texture/screen_space/Fighter_Jet_SG_v1_L3.log,Fighter_Jet_SG_v1_iterations-2.csv,32868,33,33,23979,510,horizontal_to_vertical,json_camera_static.fov_degrees,60.000001669652114,35.98339890412515,0.06994789119195,0.5285728276558987,4.194116366572363,0.10267676829370558,0.24929028673302872,0.09442589593649985,0.5936965122488629,0.5675764410934518,0.5612843316296093,0.5835430964255098,0.1566646133065085,0.15522772039520555,0.239535362250444,3.4760094215789263,8103.355491,22984,8790860,,,,
rgb_texture,Flying_saucer_v1_L3,screen_space,ok,,,/home/29d_kon@lab.graphicon.ru/ssd1_link/projects/REPROJECTING/outputs_batch_20260601/MeshMamba_reference_rgb_screen/rgb_texture/baseline_screen_space/Flying_saucer_v1_L3/sigma0p05_recenter_rotx90p0_horizontaltovertical_blender_rig/Flying_saucer_v1_L3_report.json,/home/29d_kon@lab.graphicon.ru/ssd1_link/projects/REPROJECTING/outputs_batch_20260601/MeshMamba_reference_rgb_screen/_logs/rgb_texture/screen_space/Flying_saucer_v1_L3.log,Flying_saucer_v1_L3.csv,32868,35,35,24555,510,horizontal_to_vertical,json_camera_static.fov_degrees,60.000001669652114,35.98339890412515,0.08738761482579913,0.375453732681965,5.542844861538949,0.17329464172573067,0.3315559472201856,0.11710720296258371,0.3741972479391614,0.5745244860766918,0.5490441039645715,0.5886141680252578,0.2783369467991562,0.1985826846156307,0.24019149335271506,2.407243074420935,2581.479386,24960,8611747,,,,
rgb_texture,Frog_v1_L3,screen_space,ok,,,/home/29d_kon@lab.graphicon.ru/ssd1_link/projects/REPROJECTING/outputs_batch_20260601/MeshMamba_reference_rgb_screen/rgb_texture/baseline_screen_space/Frog_v1_L3/sigma0p05_recenter_rotx90p0_horizontaltovertical_blender_rig/Frog_v1_L3_report.json,/home/29d_kon@lab.graphicon.ru/ssd1_link/projects/REPROJECTING/outputs_batch_20260601/MeshMamba_reference_rgb_screen/_logs/rgb_texture/screen_space/Frog_v1_L3.log,Frog_v1_L3.csv,32868,35,35,24271,510,horizontal_to_vertical,json_camera_static.fov_degrees,60.000001669652114,35.98339890412515,0.05305094107302093,0.5338174088220862,3.419240927464326,0.080780439143915,0.22159685821026995,0.07691296179906107,0.5272010175975086,0.5246876497277199,0.5422207042682871,0.5779912830345928,0.07252860906282223,0.12709871271526374,0.22153238841533013,2.9140484944853644,4224.881885,27559,8610546,,,,
rgb_texture,Gold_Doubloon_v1_L1,screen_space,ok,,,/home/29d_kon@lab.graphicon.ru/ssd1_link/projects/REPROJECTING/outputs_batch_20260601/MeshMamba_reference_rgb_screen/rgb_texture/baseline_screen_space/Gold_Doubloon_v1_L1/sigma0p05_recenter_rotx90p0_horizontaltovertical_blender_rig/Gold_Doubloon_v1_L1_report.json,/home/29d_kon@lab.graphicon.ru/ssd1_link/projects/REPROJECTING/outputs_batch_20260601/MeshMamba_reference_rgb_screen/_logs/rgb_texture/screen_space/Gold_Doubloon_v1_L1.log,Gold_Doubloon_v1_l1.csv,32868,35,35,27161,510,horizontal_to_vertical,json_camera_static.fov_degrees,60.000001669652114,35.98339890412515,0.35131262991732976,0.6740622533569102,0.38162976476186417,0.03994141195704524,0.1580237409980325,0.3914962314561944,0.7716400309393893,0.7029501439468742,0.6795970062176889,0.6460873092107101,0.6448353416616189,0.5713878354653533,0.39984595912027043,3.5274551728864108,7094.053067999999,32640,8663640,,,,
rgb_texture,GrayAlien_v01_L3,screen_space,ok,,,/home/29d_kon@lab.graphicon.ru/ssd1_link/projects/REPROJECTING/outputs_batch_20260601/MeshMamba_reference_rgb_screen/rgb_texture/baseline_screen_space/GrayAlien_v01_L3/sigma0p05_recenter_rotx90p0_horizontaltovertical_blender_rig/GrayAlien_v01_L3_report.json,/home/29d_kon@lab.graphicon.ru/ssd1_link/projects/REPROJECTING/outputs_batch_20260601/MeshMamba_reference_rgb_screen/_logs/rgb_texture/screen_space/GrayAlien_v01_L3.log,GrayAlien_v01.csv,32868,35,35,21539,510,horizontal_to_vertical,json_camera_static.fov_degrees,60.000001669652114,35.98339890412515,0.3153749059405641,0.596174952481145,0.9043337310085888,0.06020916817166578,0.203755608101411,0.21533569096226188,0.7116255778270069,0.780831384924258,0.8795393972164404,0.8650900658746562,0.9371319751048099,1.354888490946672,1.2784121276628906,3.870424504666679,7181.619656,31690,8600165,,,,
rgb_texture,Great_Dane_v1_L3,screen_space,ok,,,/home/29d_kon@lab.graphicon.ru/ssd1_link/projects/REPROJECTING/outputs_batch_20260601/MeshMamba_reference_rgb_screen/rgb_texture/baseline_screen_space/Great_Dane_v1_L3/sigma0p05_recenter_rotx90p0_horizontaltovertical_blender_rig/Great_Dane_v1_L3_report.json,/home/29d_kon@lab.graphicon.ru/ssd1_link/projects/REPROJECTING/outputs_batch_20260601/MeshMamba_reference_rgb_screen/_logs/rgb_texture/screen_space/Great_Dane_v1_L3.log,Great_Dane_v1_l3.csv,32868,35,35,22015,510,horizontal_to_vertical,json_camera_static.fov_degrees,60.000001669652114,35.98339890412515,0.22530822657158459,0.6221980794961435,1.8315263121499235,0.10368717026745763,0.25727098813389215,0.17976073407483564,0.7081976872802211,0.6221716126152437,0.43911760862409793,0.20569317286873243,0.5054237603037901,-0.0965340393095649,-0.9499535405123131,3.5925391577977415,9149.205681,30580,9012367,,,,
rgb_texture,Gun_Powder_Keg_v1_L3,screen_space,ok,,,/home/29d_kon@lab.graphicon.ru/ssd1_link/projects/REPROJECTING/outputs_batch_20260601/MeshMamba_reference_rgb_screen/rgb_texture/baseline_screen_space/Gun_Powder_Keg_v1_L3/sigma0p05_recenter_rotx90p0_horizontaltovertical_blender_rig/Gun_Powder_Keg_v1_L3_report.json,/home/29d_kon@lab.graphicon.ru/ssd1_link/projects/REPROJECTING/outputs_batch_20260601/MeshMamba_reference_rgb_screen/_logs/rgb_texture/screen_space/Gun_Powder_Keg_v1_L3.log,Gun_Powder_Keg_v1_L3.csv,32868,36,36,23165,510,horizontal_to_vertical,json_camera_static.fov_degrees,60.000001669652114,35.98339890412515,-0.07398355604974152,0.2889246880123958,2.270543597814882,0.06875378392989454,0.18739757673954965,-0.002563748780892736,0.2753692045089096,0.48673975548587556,0.4887906933215638,0.5052376708389492,-0.21940061413108153,-0.21523471792776297,-0.18993122410700816,1.2327766760877048,2411.3684630000002,26985,9007507,,,,
rgb_texture,Handheld_Game_unit_v1_L3,screen_space,ok,,,/home/29d_kon@lab.graphicon.ru/ssd1_link/projects/REPROJECTING/outputs_batch_20260601/MeshMamba_reference_rgb_screen/rgb_texture/baseline_screen_space/Handheld_Game_unit_v1_L3/sigma0p05_recenter_rotx90p0_horizontaltovertical_blender_rig/Handheld_Game_unit_v1_L3_report.json,/home/29d_kon@lab.graphicon.ru/ssd1_link/projects/REPROJECTING/outputs_batch_20260601/MeshMamba_reference_rgb_screen/_logs/rgb_texture/screen_space/Handheld_Game_unit_v1_L3.log,Handheld_Game_unit_v1_L3.csv,32868,35,35,23108,510,horizontal_to_vertical,json_camera_static.fov_degrees,60.000001669652114,35.98339890412515,-0.009666780884598415,0.4848217086736393,2.652809674156849,0.09225052440672939,0.24026113485489223,0.09167461746475924,0.45916813634561854,0.48598811571167483,0.488011748402408,0.23343056837756815,-0.06663312109755708,-0.024268471562795393,-0.8127040731274089,3.054695727643167,3187.400668,29305,8404632,,,,
rgb_texture,Holsteind_v2_L3,screen_space,ok,,,/home/29d_kon@lab.graphicon.ru/ssd1_link/projects/REPROJECTING/outputs_batch_20260601/MeshMamba_reference_rgb_screen/rgb_texture/baseline_screen_space/Holsteind_v2_L3/sigma0p05_recenter_rotx90p0_horizontaltovertical_blender_rig/Holsteind_v2_L3_report.json,/home/29d_kon@lab.graphicon.ru/ssd1_link/projects/REPROJECTING/outputs_batch_20260601/MeshMamba_reference_rgb_screen/_logs/rgb_texture/screen_space/Holsteind_v2_L3.log,Holsteind_v2_l3.csv,32868,35,35,24263,510,horizontal_to_vertical,json_camera_static.fov_degrees,60.000001669652114,35.98339890412515,-0.06308250254559133,0.57655180902111,1.7063235585930392,0.09242270796212543,0.2508249194196749,-0.10202055275960331,0.6239265778216017,0.4867134886151062,0.5260171304374388,0.4043494311385608,0.01443572911629286,0.13480081847914804,-0.3071645284266725,2.961514838075235,5277.208095,30714,9153140,,,,
rgb_texture,Horse_v01_L3,screen_space,ok,,,/home/29d_kon@lab.graphicon.ru/ssd1_link/projects/REPROJECTING/outputs_batch_20260601/MeshMamba_reference_rgb_screen/rgb_texture/baseline_screen_space/Horse_v01_L3/sigma0p05_recenter_rotx90p0_horizontaltovertical_blender_rig/Horse_v01_L3_report.json,/home/29d_kon@lab.graphicon.ru/ssd1_link/projects/REPROJECTING/outputs_batch_20260601/MeshMamba_reference_rgb_screen/_logs/rgb_texture/screen_space/Horse_v01_L3.log,Horse_v01-it2.csv,32868,35,35,23448,510,horizontal_to_vertical,json_camera_static.fov_degrees,60.000001669652114,35.98339890412515,0.3089948261773957,0.6244247947439059,1.2384653418164913,0.07029400557111015,0.21420479639084294,0.23684621799885733,0.7111356129062533,0.6914988578899246,0.648540383652727,0.4010940437058882,0.7111850410246104,0.6495282534834599,-0.13034021537684157,2.953690082156142,5749.785538,31138,8909864,,,,
rgb_texture,Hover_Truck_v1_L2,screen_space,ok,,,/home/29d_kon@lab.graphicon.ru/ssd1_link/projects/REPROJECTING/outputs_batch_20260601/MeshMamba_reference_rgb_screen/rgb_texture/baseline_screen_space/Hover_Truck_v1_L2/sigma0p05_recenter_rotx90p0_horizontaltovertical_blender_rig/Hover_Truck_v1_L2_report.json,/home/29d_kon@lab.graphicon.ru/ssd1_link/projects/REPROJECTING/outputs_batch_20260601/MeshMamba_reference_rgb_screen/_logs/rgb_texture/screen_space/Hover_Truck_v1_L2.log,Hover_Truck_V1_l2.csv,32868,35,35,28748,510,horizontal_to_vertical,json_camera_static.fov_degrees,60.000001669652114,35.98339890412515,0.15238261103849599,0.6135726759154315,1.749714328727406,0.08836291636307221,0.23136042307705548,0.1982570800188351,0.6777890308795961,0.5463493590281884,0.510863413055526,0.5872316325389659,0.15083788985649751,0.05397890752498937,0.27855663557905896,2.261489118884211,4870.425046,27911,8429658,,,,
rgb_texture,Ice_Cream_V1_L3,screen_space,ok,,,/home/29d_kon@lab.graphicon.ru/ssd1_link/projects/REPROJECTING/outputs_batch_20260601/MeshMamba_reference_rgb_screen/rgb_texture/baseline_screen_space/Ice_Cream_V1_L3/sigma0p05_recenter_rotx90p0_horizontaltovertical_blender_rig/Ice_Cream_V1_L3_report.json,/home/29d_kon@lab.graphicon.ru/ssd1_link/projects/REPROJECTING/outputs_batch_20260601/MeshMamba_reference_rgb_screen/_logs/rgb_texture/screen_space/Ice_Cream_V1_L3.log,Ice_Cream_v1_LOD1.csv,32868,35,35,23099,510,horizontal_to_vertical,json_camera_static.fov_degrees,60.000001669652114,35.98339890412515,0.2344398071234054,0.6327017314069754,1.366779634829824,0.08879692495278084,0.2384583569535814,0.3038417847816456,0.7076118571612344,0.6295611446625076,0.5651249576874237,0.5244992891859205,0.4004105078877151,0.20078796188839415,0.014583785927224297,6.082233443991719,7277.817188999999,31028,8627953,,,,
rgb_texture,Ichthyosaurus_V1_L2,screen_space,ok,,,/home/29d_kon@lab.graphicon.ru/ssd1_link/projects/REPROJECTING/outputs_batch_20260601/MeshMamba_reference_rgb_screen/rgb_texture/baseline_screen_space/Ichthyosaurus_V1_L2/sigma0p05_recenter_rotx90p0_horizontaltovertical_blender_rig/Ichthyosaurus_V1_L2_report.json,/home/29d_kon@lab.graphicon.ru/ssd1_link/projects/REPROJECTING/outputs_batch_20260601/MeshMamba_reference_rgb_screen/_logs/rgb_texture/screen_space/Ichthyosaurus_V1_L2.log,Ichthyosaurus_v1_L2.csv,32868,35,35,21624,510,horizontal_to_vertical,json_camera_static.fov_degrees,60.000001669652114,35.98339890412515,0.34433725818372907,0.6762486723572929,1.5850766180893192,0.06324029208927612,0.19759776850372848,0.29083995037792365,0.7737664484833733,0.7329840943401505,0.8291648237708469,0.8847405091911683,0.8331524009694737,1.2316659080052306,1.5047516567875128,5.107041253383355,9063.878693999999,30355,8605875,,,,
rgb_texture,Impact_Driver_v2_L3,screen_space,ok,,,/home/29d_kon@lab.graphicon.ru/ssd1_link/projects/REPROJECTING/outputs_batch_20260601/MeshMamba_reference_rgb_screen/rgb_texture/baseline_screen_space/Impact_Driver_v2_L3/sigma0p05_recenter_rotx90p0_horizontaltovertical_blender_rig/Impact_Driver_v2_L3_report.json,/home/29d_kon@lab.graphicon.ru/ssd1_link/projects/REPROJECTING/outputs_batch_20260601/MeshMamba_reference_rgb_screen/_logs/rgb_texture/screen_space/Impact_Driver_v2_L3.log,Impact_Driver_v2_L3.csv,32868,36,36,24655,510,horizontal_to_vertical,json_camera_static.fov_degrees,60.000001669652114,35.98339890412515,0.029171217157102296,0.5774815578783193,1.6601855938436925,0.07303264296708344,0.2116808981820105,0.09309029439609741,0.6419477327562083,0.47671909855637423,0.5095073456346824,0.6660233111895372,-0.11152778432685602,-0.03790229699588394,0.42356517806964833,3.2204574767328373,7978.725249000001,30588,8607535,,,,
rgb_texture,Jambu_Fruit_Dove_v1_L3,screen_space,ok,,,/home/29d_kon@lab.graphicon.ru/ssd1_link/projects/REPROJECTING/outputs_batch_20260601/MeshMamba_reference_rgb_screen/rgb_texture/baseline_screen_space/Jambu_Fruit_Dove_v1_L3/sigma0p05_recenter_rotx90p0_horizontaltovertical_blender_rig/Jambu_Fruit_Dove_v1_L3_report.json,/home/29d_kon@lab.graphicon.ru/ssd1_link/projects/REPROJECTING/outputs_batch_20260601/MeshMamba_reference_rgb_screen/_logs/rgb_texture/screen_space/Jambu_Fruit_Dove_v1_L3.log,Jambu_fruit_dove_v1_L3.csv,32868,35,35,27097,510,horizontal_to_vertical,json_camera_static.fov_degrees,60.000001669652114,35.98339890412515,0.027449224607631564,0.5136238837761324,2.8203596757880454,0.12910045996866124,0.3017761013511685,0.15487770024476005,0.5386505110060351,0.38259433830456324,0.3924056932155875,0.47914011252898203,-0.3586484813286344,-0.3533230671918189,-0.07159425298981287,3.5411147877158924,5204.197679999999,28889,9067237,,,,
rgb_texture,Jukebox_bubbler_style_V2_L1,screen_space,ok,,,/home/29d_kon@lab.graphicon.ru/ssd1_link/projects/REPROJECTING/outputs_batch_20260601/MeshMamba_reference_rgb_screen/rgb_texture/baseline_screen_space/Jukebox_bubbler_style_V2_L1/sigma0p05_recenter_rotx90p0_horizontaltovertical_blender_rig/Jukebox_bubbler_style_V2_L1_report.json,/home/29d_kon@lab.graphicon.ru/ssd1_link/projects/REPROJECTING/outputs_batch_20260601/MeshMamba_reference_rgb_screen/_logs/rgb_texture/screen_space/Jukebox_bubbler_style_V2_L1.log,Jukebox_bubbler_style_V2_Textured.csv,32868,35,35,25909,510,horizontal_to_vertical,json_camera_static.fov_degrees,60.000001669652114,35.98339890412515,0.41305259782885295,0.5596997418065652,2.1600300061733506,0.07194586744836302,0.22068104078685313,0.44486719102512245,0.6739137608724728,0.7656240186240958,0.7815491004330688,0.8139589051473515,0.8574636696804832,0.9166898007367426,1.0538272046451316,3.2594599377379048,3582.6426920000004,29003,8623880,,,,
rgb_texture,Kangaroo_v1_L3,screen_space,ok,,,/home/29d_kon@lab.graphicon.ru/ssd1_link/projects/REPROJECTING/outputs_batch_20260601/MeshMamba_reference_rgb_screen/rgb_texture/baseline_screen_space/Kangaroo_v1_L3/sigma0p05_recenter_rotx90p0_horizontaltovertical_blender_rig/Kangaroo_v1_L3_report.json,/home/29d_kon@lab.graphicon.ru/ssd1_link/projects/REPROJECTING/outputs_batch_20260601/MeshMamba_reference_rgb_screen/_logs/rgb_texture/screen_space/Kangaroo_v1_L3.log,Kangaroo_v1_L3.csv,32868,35,35,21453,510,horizontal_to_vertical,json_camera_static.fov_degrees,60.000001669652114,35.98339890412515,0.3905010069874899,0.5396636645390267,1.408180919683376,0.07867375125772415,0.23137500797578808,0.2895728384367542,0.6759273272429475,0.8050707494667407,0.7849790003385005,0.7250428314640622,1.029352894137373,1.0161579050690435,0.6756917146350526,4.146615053973311,6227.7460360000005,31024,8781744,,,,
rgb_texture,King_Cake_v2_L2,screen_space,ok,,,/home/29d_kon@lab.graphicon.ru/ssd1_link/projects/REPROJECTING/outputs_batch_20260601/MeshMamba_reference_rgb_screen/rgb_texture/baseline_screen_space/King_Cake_v2_L2/sigma0p05_recenter_rotx90p0_horizontaltovertical_blender_rig/King_Cake_v2_L2_report.json,/home/29d_kon@lab.graphicon.ru/ssd1_link/projects/REPROJECTING/outputs_batch_20260601/MeshMamba_reference_rgb_screen/_logs/rgb_texture/screen_space/King_Cake_v2_L2.log,King_Cake_v2_L2.csv,32868,35,35,21578,510,horizontal_to_vertical,json_camera_static.fov_degrees,60.000001669652114,35.98339890412515,0.13801341732867486,0.6123157167609352,1.5375591477214705,0.14835289150058265,0.30627241648125786,0.1210105743044891,0.6944454895807315,0.5554963853895848,0.5359133251419926,0.5052803131449182,0.2162068624759544,0.1627010963452692,0.06495873646131171,3.0076833411384616,6516.072204,29048,7468807,,,,
rgb_texture,Lamb_v1_L2,screen_space,ok,,,/home/29d_kon@lab.graphicon.ru/ssd1_link/projects/REPROJECTING/outputs_batch_20260601/MeshMamba_reference_rgb_screen/rgb_texture/baseline_screen_space/Lamb_v1_L2/sigma0p05_recenter_rotx90p0_horizontaltovertical_blender_rig/Lamb_v1_L2_report.json,/home/29d_kon@lab.graphicon.ru/ssd1_link/projects/REPROJECTING/outputs_batch_20260601/MeshMamba_reference_rgb_screen/_logs/rgb_texture/screen_space/Lamb_v1_L2.log,Lamb_v1_l2.csv,32868,36,36,27766,510,horizontal_to_vertical,json_camera_static.fov_degrees,60.000001669652114,35.98339890412515,0.00304861698151717,0.5123467488958346,2.6899326080196952,0.10924295138426585,0.2625980157946868,0.06264209662637496,0.5206964799610202,0.3237352226611473,0.20591107470515227,0.1498252132512297,-0.4245751213945022,-0.8080264675455291,-1.0048886151929444,2.8962094071386257,4783.453008,30825,9093738,,,,
rgb_texture,Laser_Pistol_v2_L3,screen_space,ok,,,/home/29d_kon@lab.graphicon.ru/ssd1_link/projects/REPROJECTING/outputs_batch_20260601/MeshMamba_reference_rgb_screen/rgb_texture/baseline_screen_space/Laser_Pistol_v2_L3/sigma0p05_recenter_rotx90p0_horizontaltovertical_blender_rig/Laser_Pistol_v2_L3_report.json,/home/29d_kon@lab.graphicon.ru/ssd1_link/projects/REPROJECTING/outputs_batch_20260601/MeshMamba_reference_rgb_screen/_logs/rgb_texture/screen_space/Laser_Pistol_v2_L3.log,Laser_Pistol_v2_l3.csv,32868,36,36,33228,510,horizontal_to_vertical,json_camera_static.fov_degrees,60.000001669652114,35.98339890412515,0.22518749343799205,0.5975941370295249,2.23516448728984,0.07386545335225213,0.22614214991703357,0.21732515432323993,0.6911404725940543,0.7056797541675953,0.7704010807551493,0.791431530701853,0.6119821184472789,0.8247847821620954,0.7384421529885921,3.5325822113054057,7003.3235190000005,29548,8919486,,,,
rgb_texture,Mango_L3,screen_space,ok,,,/home/29d_kon@lab.graphicon.ru/ssd1_link/projects/REPROJECTING/outputs_batch_20260601/MeshMamba_reference_rgb_screen/rgb_texture/baseline_screen_space/Mango_L3/sigma0p05_recenter_rotx90p0_horizontaltovertical_blender_rig/Mango_L3_report.json,/home/29d_kon@lab.graphicon.ru/ssd1_link/projects/REPROJECTING/outputs_batch_20260601/MeshMamba_reference_rgb_screen/_logs/rgb_texture/screen_space/Mango_L3.log,Mango-L3.csv,32868,35,35,22422,510,horizontal_to_vertical,json_camera_static.fov_degrees,60.000001669652114,35.98339890412515,0.2910484416833696,0.6117234322800703,2.7735262819914093,0.0724232174160679,0.22712728817192576,0.18474899823741997,0.6998257755793014,0.6940853373195349,0.6967770323595364,0.6717330832647771,0.8381865094892462,0.9793757322757679,0.6366469457419712,2.10855828007531,5543.188086,30797,9556217,,,,
rgb_texture,MansWorkCasual_v02_L3,screen_space,ok,,,/home/29d_kon@lab.graphicon.ru/ssd1_link/projects/REPROJECTING/outputs_batch_20260601/MeshMamba_reference_rgb_screen/rgb_texture/baseline_screen_space/MansWorkCasual_v02_L3/sigma0p05_recenter_rotx90p0_horizontaltovertical_blender_rig/MansWorkCasual_v02_L3_report.json,/home/29d_kon@lab.graphicon.ru/ssd1_link/projects/REPROJECTING/outputs_batch_20260601/MeshMamba_reference_rgb_screen/_logs/rgb_texture/screen_space/MansWorkCasual_v02_L3.log,MansWorkCasual_v02_L3.csv,32868,36,36,25073,510,horizontal_to_vertical,json_camera_static.fov_degrees,60.000001669652114,35.98339890412515,-0.03413255787431567,0.6604221537808039,1.3479848950007818,0.06712651262602662,0.20723984972786813,-0.02876980643210625,0.7274848175672932,0.4599659670213781,0.4473501807518454,0.5021806892285722,-0.13606649407916482,-0.1991700348173343,-0.08741022581266872,3.4793238661580306,8977.135985,30758,8558440,,,,
rgb_texture,Marco_Polo_Sheep_v1_L3,screen_space,ok,,,/home/29d_kon@lab.graphicon.ru/ssd1_link/projects/REPROJECTING/outputs_batch_20260601/MeshMamba_reference_rgb_screen/rgb_texture/baseline_screen_space/Marco_Polo_Sheep_v1_L3/sigma0p05_recenter_rotx90p0_horizontaltovertical_blender_rig/Marco_Polo_Sheep_v1_L3_report.json,/home/29d_kon@lab.graphicon.ru/ssd1_link/projects/REPROJECTING/outputs_batch_20260601/MeshMamba_reference_rgb_screen/_logs/rgb_texture/screen_space/Marco_Polo_Sheep_v1_L3.log,Marco_Polo_Sheep_v1_L3.csv,32868,35,35,27640,510,horizontal_to_vertical,json_camera_static.fov_degrees,60.000001669652114,35.98339890412515,-0.04372064956232216,0.497469705443093,2.1746590943480033,0.09154985479278017,0.2484932037141359,-0.048922145077355685,0.5278890595449488,0.38714427146648445,0.3102670959951575,0.19199368987283066,-0.2428901620337691,-0.5034013483618738,-0.9323441618223346,3.0627732910665206,4953.424639,31000,8993323,,,,
rgb_texture,Military_Action_Figure_SG_v2_L3,screen_space,ok,,,/home/29d_kon@lab.graphicon.ru/ssd1_link/projects/REPROJECTING/outputs_batch_20260601/MeshMamba_reference_rgb_screen/rgb_texture/baseline_screen_space/Military_Action_Figure_SG_v2_L3/sigma0p05_recenter_rotx90p0_horizontaltovertical_blender_rig/Military_Action_Figure_SG_v2_L3_report.json,/home/29d_kon@lab.graphicon.ru/ssd1_link/projects/REPROJECTING/outputs_batch_20260601/MeshMamba_reference_rgb_screen/_logs/rgb_texture/screen_space/Military_Action_Figure_SG_v2_L3.log,Military_Action_Figure_SG_v2_L3.csv,32868,35,35,22385,510,horizontal_to_vertical,json_camera_static.fov_degrees,60.000001669652114,35.98339890412515,0.23422516780982042,0.48556654387147896,1.6447368817093089,0.08689702424389438,0.254608333020979,0.28781005102699236,0.6018172487685235,0.6836427906330775,0.6610590424858787,0.6549668104610684,0.4333438196411484,0.3709822153392509,0.431219571360675,4.1257152338268686,5633.912237999999,31473,8537620,,,,
rgb_texture,Moai_v3_L3,screen_space,ok,,,/home/29d_kon@lab.graphicon.ru/ssd1_link/projects/REPROJECTING/outputs_batch_20260601/MeshMamba_reference_rgb_screen/rgb_texture/baseline_screen_space/Moai_v3_L3/sigma0p05_recenter_rotx90p0_horizontaltovertical_blender_rig/Moai_v3_L3_report.json,/home/29d_kon@lab.graphicon.ru/ssd1_link/projects/REPROJECTING/outputs_batch_20260601/MeshMamba_reference_rgb_screen/_logs/rgb_texture/screen_space/Moai_v3_L3.log,Moai_L3.csv,32868,36,36,32364,510,horizontal_to_vertical,json_camera_static.fov_degrees,60.000001669652114,35.98339890412515,0.23076065264211468,0.6476605504552987,1.5364023864441814,0.10340672255795254,0.2547763714877491,0.18661785155032506,0.7380738676140597,0.6573034648501703,0.7050876937884827,0.7905068512127276,0.4629398541881978,0.6625256276057366,1.0466863948199852,2.996264939780993,6807.74085,29816,9103732,,,,
rgb_texture,MushroomShitake_L3,screen_space,ok,,,/home/29d_kon@lab.graphicon.ru/ssd1_link/projects/REPROJECTING/outputs_batch_20260601/MeshMamba_reference_rgb_screen/rgb_texture/baseline_screen_space/MushroomShitake_L3/sigma0p05_recenter_rotx90p0_horizontaltovertical_blender_rig/MushroomShitake_L3_report.json,/home/29d_kon@lab.graphicon.ru/ssd1_link/projects/REPROJECTING/outputs_batch_20260601/MeshMamba_reference_rgb_screen/_logs/rgb_texture/screen_space/MushroomShitake_L3.log,MushroomShitake_v1-L3.csv,32868,38,38,26803,510,horizontal_to_vertical,json_camera_static.fov_degrees,60.000001669652114,35.98339890412515,-0.1532956577687075,0.47687512111782604,5.3435722962630585,0.16709957321983024,0.3245991620332902,-0.1816532306123185,0.5102664028658911,0.4448247924127865,0.4704558669698834,0.5247022721670166,-0.1713864188481523,-0.09800730834131327,0.03183972915370382,1.697109069226067,6076.509468,24103,10220040,,,,
rgb_texture,Mushroom_v2_L1,screen_space,ok,,,/home/29d_kon@lab.graphicon.ru/ssd1_link/projects/REPROJECTING/outputs_batch_20260601/MeshMamba_reference_rgb_screen/rgb_texture/baseline_screen_space/Mushroom_v2_L1/sigma0p05_recenter_rotx90p0_horizontaltovertical_blender_rig/Mushroom_v2_L1_report.json,/home/29d_kon@lab.graphicon.ru/ssd1_link/projects/REPROJECTING/outputs_batch_20260601/MeshMamba_reference_rgb_screen/_logs/rgb_texture/screen_space/Mushroom_v2_L1.log,Mushroom_v2_NEW.csv,32868,37,37,22640,510,horizontal_to_vertical,json_camera_static.fov_degrees,60.000001669652114,35.98339890412515,0.24801447414528568,0.5805050820707566,2.9105797567958596,0.07948126089294053,0.21310515847154185,0.2912917177376425,0.6610029182101209,0.6288084250052094,0.6414009740775858,0.6134349792640695,0.3810508726063514,0.42005408518097104,0.30753639598639243,2.6627920438613137,6076.976556,25395,9063601,,,,
rgb_texture,NYC_Fire_Hydrant_v2_L3,screen_space,ok,,,/home/29d_kon@lab.graphicon.ru/ssd1_link/projects/REPROJECTING/outputs_batch_20260601/MeshMamba_reference_rgb_screen/rgb_texture/baseline_screen_space/NYC_Fire_Hydrant_v2_L3/sigma0p05_recenter_rotx90p0_horizontaltovertical_blender_rig/NYC_Fire_Hydrant_v2_L3_report.json,/home/29d_kon@lab.graphicon.ru/ssd1_link/projects/REPROJECTING/outputs_batch_20260601/MeshMamba_reference_rgb_screen/_logs/rgb_texture/screen_space/NYC_Fire_Hydrant_v2_L3.log,NYC_Fire_Hydrant_v2_l3.csv,32868,35,35,23835,510,horizontal_to_vertical,json_camera_static.fov_degrees,60.000001669652114,35.98339890412515,0.1563103826154371,0.5848750217295705,1.7625676003069277,0.07503463683132093,0.22957397283764305,0.10270863706007603,0.6376758937348752,0.6458591260411474,0.7331926147956559,0.7690460014734715,0.4157586123461303,0.7141700503858188,0.7706677178266501,3.8110467735478624,3791.892776,30030,8372080,,,,
rgb_texture,Peach_L3,screen_space,ok,,,/home/29d_kon@lab.graphicon.ru/ssd1_link/projects/REPROJECTING/outputs_batch_20260601/MeshMamba_reference_rgb_screen/rgb_texture/baseline_screen_space/Peach_L3/sigma0p05_recenter_rotx90p0_horizontaltovertical_blender_rig/Peach_L3_report.json,/home/29d_kon@lab.graphicon.ru/ssd1_link/projects/REPROJECTING/outputs_batch_20260601/MeshMamba_reference_rgb_screen/_logs/rgb_texture/screen_space/Peach_L3.log,Peach.csv,32868,35,35,26016,510,horizontal_to_vertical,json_camera_static.fov_degrees,60.000001669652114,35.98339890412515,-0.019773171626072485,0.3347374655073499,1.9049378266254566,0.11984211725551762,0.27558565602070106,-0.011670847726076551,0.4367585491350724,0.48752571497337205,0.409727871691437,0.4716952703283999,-0.026954481702381447,-0.3159641904193997,-0.19735934051198717,2.5173001028174595,4259.352887,29869,8579653,,,,
rgb_texture,Peanut_L3,screen_space,ok,,,/home/29d_kon@lab.graphicon.ru/ssd1_link/projects/REPROJECTING/outputs_batch_20260601/MeshMamba_reference_rgb_screen/rgb_texture/baseline_screen_space/Peanut_L3/sigma0p05_recenter_rotx90p0_horizontaltovertical_blender_rig/Peanut_L3_report.json,/home/29d_kon@lab.graphicon.ru/ssd1_link/projects/REPROJECTING/outputs_batch_20260601/MeshMamba_reference_rgb_screen/_logs/rgb_texture/screen_space/Peanut_L3.log,Peanut_v1_L3.csv,32868,35,35,19724,510,horizontal_to_vertical,json_camera_static.fov_degrees,60.000001669652114,35.98339890412515,-0.23691622786521094,0.6744896297214062,0.7935982800428143,0.154061858495271,0.3278579130656118,-0.26776743743971315,0.7445507684592171,0.34438050485193017,0.34334777727283206,0.23522346016204454,-0.4385770870122948,-0.46094992186245154,-0.7955914243439073,3.1722523026897225,8688.371176,32017,9117506,,,,
rgb_texture,Pear_L3,screen_space,ok,,,/home/29d_kon@lab.graphicon.ru/ssd1_link/projects/REPROJECTING/outputs_batch_20260601/MeshMamba_reference_rgb_screen/rgb_texture/baseline_screen_space/Pear_L3/sigma0p05_recenter_rotx90p0_horizontaltovertical_blender_rig/Pear_L3_report.json,/home/29d_kon@lab.graphicon.ru/ssd1_link/projects/REPROJECTING/outputs_batch_20260601/MeshMamba_reference_rgb_screen/_logs/rgb_texture/screen_space/Pear_L3.log,Pear.csv,32868,36,36,24162,510,horizontal_to_vertical,json_camera_static.fov_degrees,60.000001669652114,35.98339890412515,0.25507198055059666,0.6969260398438185,1.5033357847562534,0.069320679207995,0.2180181389649124,0.24171839774248627,0.7976095994055562,0.7079630332772558,0.7632091018949176,0.8189540332755708,0.5751054101494419,0.774770599104075,0.9529685023241605,2.734721759666885,8760.290675,29610,9490981,,,,
rgb_texture,Penguin_V2_L3,screen_space,ok,,,/home/29d_kon@lab.graphicon.ru/ssd1_link/projects/REPROJECTING/outputs_batch_20260601/MeshMamba_reference_rgb_screen/rgb_texture/baseline_screen_space/Penguin_V2_L3/sigma0p05_recenter_rotx90p0_horizontaltovertical_blender_rig/Penguin_V2_L3_report.json,/home/29d_kon@lab.graphicon.ru/ssd1_link/projects/REPROJECTING/outputs_batch_20260601/MeshMamba_reference_rgb_screen/_logs/rgb_texture/screen_space/Penguin_V2_L3.log,Penguin_v1_iterations-2.csv,32868,36,36,20175,510,horizontal_to_vertical,json_camera_static.fov_degrees,60.000001669652114,35.98339890412515,0.13840944899143742,0.737347515882465,0.8377883139350479,0.03824514246999599,0.14579939352480667,0.1382683397370444,0.8055131759242372,0.5667097886270764,0.5740483819764322,0.5311629785197675,0.2767124579382463,0.29790048055528595,0.1426455980312015,2.835789293989958,8140.140431,30912,9079369,,,,
rgb_texture,Pierrot_Mask_v1_L3,screen_space,ok,,,/home/29d_kon@lab.graphicon.ru/ssd1_link/projects/REPROJECTING/outputs_batch_20260601/MeshMamba_reference_rgb_screen/rgb_texture/baseline_screen_space/Pierrot_Mask_v1_L3/sigma0p05_recenter_rotx90p0_horizontaltovertical_blender_rig/Pierrot_Mask_v1_L3_report.json,/home/29d_kon@lab.graphicon.ru/ssd1_link/projects/REPROJECTING/outputs_batch_20260601/MeshMamba_reference_rgb_screen/_logs/rgb_texture/screen_space/Pierrot_Mask_v1_L3.log,Pierrot_Mask_v1_l3.csv,32868,36,36,24249,510,horizontal_to_vertical,json_camera_static.fov_degrees,60.000001669652114,35.98339890412515,0.17848676201795569,0.6690762376331116,0.7223796735108481,0.04344468958971231,0.1624961339432647,0.16793647044342616,0.7429646482311816,0.5906122604969702,0.6109193213717318,0.6070400345398008,0.3224995601372246,0.3699101049675387,0.3105144040559139,3.672819761375658,6802.562759,32350,8456028,,,,
rgb_texture,Pirate_Shipmate_Old_v1_L1,screen_space,ok,,,/home/29d_kon@lab.graphicon.ru/ssd1_link/projects/REPROJECTING/outputs_batch_20260601/MeshMamba_reference_rgb_screen/rgb_texture/baseline_screen_space/Pirate_Shipmate_Old_v1_L1/sigma0p05_recenter_rotx90p0_horizontaltovertical_blender_rig/Pirate_Shipmate_Old_v1_L1_report.json,/home/29d_kon@lab.graphicon.ru/ssd1_link/projects/REPROJECTING/outputs_batch_20260601/MeshMamba_reference_rgb_screen/_logs/rgb_texture/screen_space/Pirate_Shipmate_Old_v1_L1.log,Pirate_Shipmate_Old_v1_L1.csv,32868,35,35,23364,510,horizontal_to_vertical,json_camera_static.fov_degrees,60.000001669652114,35.98339890412515,0.04417371221768865,0.6143492149155201,1.0287846088600927,0.09516798258069643,0.2595684741002097,0.10058394816234728,0.6292651898208328,0.5019265114457786,0.49792826171520693,0.5123026088590815,-0.004814761594690355,-0.020189539391584136,0.020063157988761012,3.7065168889141447,5490.046625000001,31796,8525886,,,,
rgb_texture,Plate,screen_space,ok,,,/home/29d_kon@lab.graphicon.ru/ssd1_link/projects/REPROJECTING/outputs_batch_20260601/MeshMamba_reference_rgb_screen/rgb_texture/baseline_screen_space/Plate/sigma0p05_recenter_rotx90p0_horizontaltovertical_blender_rig/Plate_report.json,/home/29d_kon@lab.graphicon.ru/ssd1_link/projects/REPROJECTING/outputs_batch_20260601/MeshMamba_reference_rgb_screen/_logs/rgb_texture/screen_space/Plate.log,Plate.csv,32868,35,35,25112,510,horizontal_to_vertical,json_camera_static.fov_degrees,60.000001669652114,35.98339890412515,-0.0011634930702859956,0.6542800929968082,0.6230558527611396,0.11980945757626187,0.26963269667645573,0.03888008704604418,0.6697436369737139,0.5092912833163091,0.5108377469324551,0.2908343048897788,0.0552119331007536,0.08234436597366304,-0.7305435342774859,3.0403021540996336,3804.376035,32561,8446205,,,,
rgb_texture,PoloTeamShirt_v2_L3,screen_space,ok,,,/home/29d_kon@lab.graphicon.ru/ssd1_link/projects/REPROJECTING/outputs_batch_20260601/MeshMamba_reference_rgb_screen/rgb_texture/baseline_screen_space/PoloTeamShirt_v2_L3/sigma0p05_recenter_rotx90p0_horizontaltovertical_blender_rig/PoloTeamShirt_v2_L3_report.json,/home/29d_kon@lab.graphicon.ru/ssd1_link/projects/REPROJECTING/outputs_batch_20260601/MeshMamba_reference_rgb_screen/_logs/rgb_texture/screen_space/PoloTeamShirt_v2_L3.log,Polo_Team_Shirt_v2_L3.csv,32868,35,35,21518,510,horizontal_to_vertical,json_camera_static.fov_degrees,60.000001669652114,35.98339890412515,0.00198642286807001,0.5875060721490517,0.8040193710301899,0.0577727190553858,0.1895495298566389,0.021830674474052788,0.6249830774497234,0.40039408739526816,0.3968415785193622,0.4393739436921661,-0.2694551352618244,-0.3739405143534298,-0.2809459153475826,3.240262736296838,6311.192399,31961,8729154,,,,
rgb_texture,Possum_wooden_v1_L3,screen_space,ok,,,/home/29d_kon@lab.graphicon.ru/ssd1_link/projects/REPROJECTING/outputs_batch_20260601/MeshMamba_reference_rgb_screen/rgb_texture/baseline_screen_space/Possum_wooden_v1_L3/sigma0p05_recenter_rotx90p0_horizontaltovertical_blender_rig/Possum_wooden_v1_L3_report.json,/home/29d_kon@lab.graphicon.ru/ssd1_link/projects/REPROJECTING/outputs_batch_20260601/MeshMamba_reference_rgb_screen/_logs/rgb_texture/screen_space/Possum_wooden_v1_L3.log,Possum_wooden_v1_L3.csv,32868,36,36,24963,510,horizontal_to_vertical,json_camera_static.fov_degrees,60.000001669652114,35.98339890412515,-0.14309912943395914,0.3065556146418501,3.4551426745118556,0.1478220188047674,0.3273133802889773,-0.07616131132766353,0.3487162554431732,0.39577177121201773,0.37383809899179177,0.3517621734442401,-0.32778252928526835,-0.4078584812280814,-0.5050529053540331,3.778318337409726,4139.995085,29471,8773126,,,,
rgb_texture,Raptor_Claw_Fossil_v2_L3,screen_space,ok,,,/home/29d_kon@lab.graphicon.ru/ssd1_link/projects/REPROJECTING/outputs_batch_20260601/MeshMamba_reference_rgb_screen/rgb_texture/baseline_screen_space/Raptor_Claw_Fossil_v2_L3/sigma0p05_recenter_rotx90p0_horizontaltovertical_blender_rig/Raptor_Claw_Fossil_v2_L3_report.json,/home/29d_kon@lab.graphicon.ru/ssd1_link/projects/REPROJECTING/outputs_batch_20260601/MeshMamba_reference_rgb_screen/_logs/rgb_texture/screen_space/Raptor_Claw_Fossil_v2_L3.log,Raptor_Claw_Fossil_v2_l3.csv,32868,35,35,25079,510,horizontal_to_vertical,json_camera_static.fov_degrees,60.000001669652114,35.98339890412515,-0.12877875939984856,0.6662088344234132,0.9265816549747626,0.11406777884791404,0.3000856099310602,-0.0755295737974319,0.7369424200810181,0.37482000791358905,0.49694015006860404,0.5740646879578034,-0.466909638893995,-0.08171248507331749,0.27427193436902664,4.050019889091489,8015.121369,32008,9472909,,,,
rgb_texture,Rhinoceros_v1_L3,screen_space,ok,,,/home/29d_kon@lab.graphicon.ru/ssd1_link/projects/REPROJECTING/outputs_batch_20260601/MeshMamba_reference_rgb_screen/rgb_texture/baseline_screen_space/Rhinoceros_v1_L3/sigma0p05_recenter_rotx90p0_horizontaltovertical_blender_rig/Rhinoceros_v1_L3_report.json,/home/29d_kon@lab.graphicon.ru/ssd1_link/projects/REPROJECTING/outputs_batch_20260601/MeshMamba_reference_rgb_screen/_logs/rgb_texture/screen_space/Rhinoceros_v1_L3.log,Rhinoceros_v1_L3.csv,32868,35,35,29939,510,horizontal_to_vertical,json_camera_static.fov_degrees,60.000001669652114,35.98339890412515,0.04069221470046433,0.653367500784039,1.8118333656054166,0.06147843593583401,0.19619994573531555,0.07917748482046315,0.7230827482971554,0.4757244388045521,0.46477746857648333,0.288803260730565,-0.05804413729877731,-0.0972107000902765,-0.7117786712953328,3.453571510771317,8494.176033,30249,9087609,,,,
rgb_texture,Rocket_Ship_v1_L3,screen_space,ok,,,/home/29d_kon@lab.graphicon.ru/ssd1_link/projects/REPROJECTING/outputs_batch_20260601/MeshMamba_reference_rgb_screen/rgb_texture/baseline_screen_space/Rocket_Ship_v1_L3/sigma0p05_recenter_rotx90p0_horizontaltovertical_blender_rig/Rocket_Ship_v1_L3_report.json,/home/29d_kon@lab.graphicon.ru/ssd1_link/projects/REPROJECTING/outputs_batch_20260601/MeshMamba_reference_rgb_screen/_logs/rgb_texture/screen_space/Rocket_Ship_v1_L3.log,Rocket_Ship_v1_L3.csv,32868,35,35,22201,510,horizontal_to_vertical,json_camera_static.fov_degrees,60.000001669652114,35.98339890412515,0.07762582560167396,0.5283900761322229,2.710169235028056,0.09776063086132825,0.2571234999129725,0.09925420753846283,0.6041595295944164,0.5513788837005706,0.5591952163567486,0.6313581523074812,0.08664721261838873,0.08945733852270246,0.11061840318689363,3.75713858133363,6228.2789330000005,29870,8730273,,,,
rgb_texture,Rubber_Duck_v1_L3,screen_space,ok,,,/home/29d_kon@lab.graphicon.ru/ssd1_link/projects/REPROJECTING/outputs_batch_20260601/MeshMamba_reference_rgb_screen/rgb_texture/baseline_screen_space/Rubber_Duck_v1_L3/sigma0p05_recenter_rotx90p0_horizontaltovertical_blender_rig/Rubber_Duck_v1_L3_report.json,/home/29d_kon@lab.graphicon.ru/ssd1_link/projects/REPROJECTING/outputs_batch_20260601/MeshMamba_reference_rgb_screen/_logs/rgb_texture/screen_space/Rubber_Duck_v1_L3.log,Rubber_Duck_v1_L3.csv,32868,37,37,30780,510,horizontal_to_vertical,json_camera_static.fov_degrees,60.000001669652114,35.98339890412515,0.14517569460161533,0.5880130711274978,2.6258259894191935,0.054785919602946355,0.17452998845948145,0.10283675267298706,0.6397622567833129,0.6473808355944114,0.7103687396867966,0.6530848976084905,0.4741745745275298,0.7411797979824142,0.657338007828168,2.5742749894686296,4717.891278000001,27815,9127648,,,,
rgb_texture,SLR_Camera_V1_L3,screen_space,ok,,,/home/29d_kon@lab.graphicon.ru/ssd1_link/projects/REPROJECTING/outputs_batch_20260601/MeshMamba_reference_rgb_screen/rgb_texture/baseline_screen_space/SLR_Camera_V1_L3/sigma0p05_recenter_rotx90p0_horizontaltovertical_blender_rig/SLR_Camera_V1_L3_report.json,/home/29d_kon@lab.graphicon.ru/ssd1_link/projects/REPROJECTING/outputs_batch_20260601/MeshMamba_reference_rgb_screen/_logs/rgb_texture/screen_space/SLR_Camera_V1_L3.log,SLR_Camera_SG_V1_Iteration2.csv,32868,35,35,31072,510,horizontal_to_vertical,json_camera_static.fov_degrees,60.000001669652114,35.98339890412515,0.027081017752707867,0.4475895263703952,1.7600660361576623,0.07087439189724484,0.20938787070193599,0.020995177064098557,0.500222925551268,0.5187707336911915,0.5631523773278151,0.6888249882231572,0.026374967411552784,0.1581634503424158,0.5715515653034872,1.6230651480129308,3082.43652,30367,8425185,,,,
rgb_texture,SeaHorse_v2_L3,screen_space,ok,,,/home/29d_kon@lab.graphicon.ru/ssd1_link/projects/REPROJECTING/outputs_batch_20260601/MeshMamba_reference_rgb_screen/rgb_texture/baseline_screen_space/SeaHorse_v2_L3/sigma0p05_recenter_rotx90p0_horizontaltovertical_blender_rig/SeaHorse_v2_L3_report.json,/home/29d_kon@lab.graphicon.ru/ssd1_link/projects/REPROJECTING/outputs_batch_20260601/MeshMamba_reference_rgb_screen/_logs/rgb_texture/screen_space/SeaHorse_v2_L3.log,SeaHorse_v1_iterations-2.csv,32868,36,36,20596,510,horizontal_to_vertical,json_camera_static.fov_degrees,60.000001669652114,35.98339890412515,-0.09387227811553389,0.6857030757725735,0.7774815049454611,0.0688941026567481,0.19812612611267802,-0.048038476149553644,0.7450634396738707,0.3447394219974059,0.30999579484681133,0.2328871008285498,-0.4858836836248326,-0.634129004451323,-0.784844720453987,4.392792813414335,10811.74927,32099,8616675,,,,
rgb_texture,Seagull_v1_L3,screen_space,ok,,,/home/29d_kon@lab.graphicon.ru/ssd1_link/projects/REPROJECTING/outputs_batch_20260601/MeshMamba_reference_rgb_screen/rgb_texture/baseline_screen_space/Seagull_v1_L3/sigma0p05_recenter_rotx90p0_horizontaltovertical_blender_rig/Seagull_v1_L3_report.json,/home/29d_kon@lab.graphicon.ru/ssd1_link/projects/REPROJECTING/outputs_batch_20260601/MeshMamba_reference_rgb_screen/_logs/rgb_texture/screen_space/Seagull_v1_L3.log,Seagull_v1_L3.csv,32868,35,35,26129,510,horizontal_to_vertical,json_camera_static.fov_degrees,60.000001669652114,35.98339890412515,-0.20591951943122544,0.464755243737734,4.006636228127811,0.14203426652365012,0.31450975885463367,-0.19175344024461435,0.48736762718807364,0.3275497451491317,0.3078056027773258,0.38624219092338197,-0.5275356567352837,-0.6314387602934268,-0.44637679348913506,2.819653474213366,6864.62943,28366,8664147,,,,
rgb_texture,Seal_wooden_v1_L3,screen_space,ok,,,/home/29d_kon@lab.graphicon.ru/ssd1_link/projects/REPROJECTING/outputs_batch_20260601/MeshMamba_reference_rgb_screen/rgb_texture/baseline_screen_space/Seal_wooden_v1_L3/sigma0p05_recenter_rotx90p0_horizontaltovertical_blender_rig/Seal_wooden_v1_L3_report.json,/home/29d_kon@lab.graphicon.ru/ssd1_link/projects/REPROJECTING/outputs_batch_20260601/MeshMamba_reference_rgb_screen/_logs/rgb_texture/screen_space/Seal_wooden_v1_L3.log,Seal_wooden_v1_L3.csv,32868,35,35,24200,510,horizontal_to_vertical,json_camera_static.fov_degrees,60.000001669652114,35.98339890412515,0.5425522893785946,0.6611476107991487,0.9080752615233133,0.07907133707287133,0.22267030044206115,0.5531704938837075,0.7953785520588539,0.8262383813963418,0.8540103419573065,0.9386672397144937,1.0435871373510865,1.2149434257811975,1.6338833276248623,2.576187776382387,7107.087051999999,29605,8739121,,,,
rgb_texture,Sheep_doll_v1_L3,screen_space,ok,,,/home/29d_kon@lab.graphicon.ru/ssd1_link/projects/REPROJECTING/outputs_batch_20260601/MeshMamba_reference_rgb_screen/rgb_texture/baseline_screen_space/Sheep_doll_v1_L3/sigma0p05_recenter_rotx90p0_horizontaltovertical_blender_rig/Sheep_doll_v1_L3_report.json,/home/29d_kon@lab.graphicon.ru/ssd1_link/projects/REPROJECTING/outputs_batch_20260601/MeshMamba_reference_rgb_screen/_logs/rgb_texture/screen_space/Sheep_doll_v1_L3.log,Sheep_doll_v1_iterations-2.csv,32868,36,36,29614,510,horizontal_to_vertical,json_camera_static.fov_degrees,60.000001669652114,35.98339890412515,0.30679968332413043,0.6376813350864827,1.460724181053957,0.050298470202478254,0.17910272643045752,0.34594216670561784,0.7150561394215741,0.658532433522628,0.6096032288158152,0.5544936910404732,0.5881098752327407,0.4843867875162326,0.1525378005865493,3.0884011860690306,4889.002393999999,30964,8893128,,,,
rgb_texture,SittingBaby_v1_L1,screen_space,ok,,,/home/29d_kon@lab.graphicon.ru/ssd1_link/projects/REPROJECTING/outputs_batch_20260601/MeshMamba_reference_rgb_screen/rgb_texture/baseline_screen_space/SittingBaby_v1_L1/sigma0p05_recenter_rotx90p0_horizontaltovertical_blender_rig/SittingBaby_v1_L1_report.json,/home/29d_kon@lab.graphicon.ru/ssd1_link/projects/REPROJECTING/outputs_batch_20260601/MeshMamba_reference_rgb_screen/_logs/rgb_texture/screen_space/SittingBaby_v1_L1.log,SittingBaby.csv,32868,35,35,21469,510,horizontal_to_vertical,json_camera_static.fov_degrees,60.000001669652114,35.98339890412515,0.24082587038899986,0.5654732411422154,1.6123747034524576,0.06808797577463496,0.20998185936872765,0.13059809231425584,0.6217063017078343,0.6480948183023153,0.7094334018750316,0.8028484593330183,0.6284883674486407,0.9051907583538079,1.1430726106908948,2.55639788826571,3591.208147,29981,8928611,,,,
rgb_texture,Sitting_inside_an_egg_v1_L1,screen_space,ok,,,/home/29d_kon@lab.graphicon.ru/ssd1_link/projects/REPROJECTING/outputs_batch_20260601/MeshMamba_reference_rgb_screen/rgb_texture/baseline_screen_space/Sitting_inside_an_egg_v1_L1/sigma0p05_recenter_rotx90p0_horizontaltovertical_blender_rig/Sitting_inside_an_egg_v1_L1_report.json,/home/29d_kon@lab.graphicon.ru/ssd1_link/projects/REPROJECTING/outputs_batch_20260601/MeshMamba_reference_rgb_screen/_logs/rgb_texture/screen_space/Sitting_inside_an_egg_v1_L1.log,Sitting_inside_an_egg_Texture.csv,32868,36,36,24240,510,horizontal_to_vertical,json_camera_static.fov_degrees,60.000001669652114,35.98339890412515,0.2459103932816965,0.5158074825975175,1.6415984639286911,0.07561039646745206,0.22201832304681207,0.21062995724482225,0.5913811902327991,0.6922790477163007,0.7125843154058922,0.8626950908850927,0.6164708026266822,0.7155553799826303,1.2287106305767976,4.041004350380385,3683.201102,30033,8242639,,,,
rgb_texture,Soda_Can_v3_L3,screen_space,ok,,,/home/29d_kon@lab.graphicon.ru/ssd1_link/projects/REPROJECTING/outputs_batch_20260601/MeshMamba_reference_rgb_screen/rgb_texture/baseline_screen_space/Soda_Can_v3_L3/sigma0p05_recenter_rotx90p0_horizontaltovertical_blender_rig/Soda_Can_v3_L3_report.json,/home/29d_kon@lab.graphicon.ru/ssd1_link/projects/REPROJECTING/outputs_batch_20260601/MeshMamba_reference_rgb_screen/_logs/rgb_texture/screen_space/Soda_Can_v3_L3.log,Soda_Can_v3_l3.csv,32868,36,36,24280,510,horizontal_to_vertical,json_camera_static.fov_degrees,60.000001669652114,35.98339890412515,-0.1135921098146275,0.5734061428089974,2.1426951123547955,0.10310894796060155,0.2687812597826232,-0.1868233271167227,0.6395547566819586,0.4430071280409264,0.39380457971689375,0.4478873656498804,-0.10416932041575078,-0.25831149362223743,-0.14365914490135123,1.912019604451849,7743.4137519999995,29151,8732224,,,,
rgb_texture,Spark_Plug_v1_L3,screen_space,ok,,,/home/29d_kon@lab.graphicon.ru/ssd1_link/projects/REPROJECTING/outputs_batch_20260601/MeshMamba_reference_rgb_screen/rgb_texture/baseline_screen_space/Spark_Plug_v1_L3/sigma0p05_recenter_rotx90p0_horizontaltovertical_blender_rig/Spark_Plug_v1_L3_report.json,/home/29d_kon@lab.graphicon.ru/ssd1_link/projects/REPROJECTING/outputs_batch_20260601/MeshMamba_reference_rgb_screen/_logs/rgb_texture/screen_space/Spark_Plug_v1_L3.log,Spark_Plug_v1_l3.csv,32868,36,36,29872,510,horizontal_to_vertical,json_camera_static.fov_degrees,60.000001669652114,35.98339890412515,0.0911252224341792,0.7197368681211236,0.9975553101339679,0.06749162811089077,0.2125409403037093,0.08830377173775425,0.809640207547277,0.5973096183325973,0.6740162170156715,0.6891649123226549,0.23154791221952153,0.46822381445790767,0.5502243204119501,4.564626816366916,10520.210308000002,31021,8649784,,,,
rgb_texture,Spinning_Top_v1_L3,screen_space,ok,,,/home/29d_kon@lab.graphicon.ru/ssd1_link/projects/REPROJECTING/outputs_batch_20260601/MeshMamba_reference_rgb_screen/rgb_texture/baseline_screen_space/Spinning_Top_v1_L3/sigma0p05_recenter_rotx90p0_horizontaltovertical_blender_rig/Spinning_Top_v1_L3_report.json,/home/29d_kon@lab.graphicon.ru/ssd1_link/projects/REPROJECTING/outputs_batch_20260601/MeshMamba_reference_rgb_screen/_logs/rgb_texture/screen_space/Spinning_Top_v1_L3.log,Spinning_Top_v1_L3.csv,32868,37,37,18350,510,horizontal_to_vertical,json_camera_static.fov_degrees,60.000001669652114,35.98339890412515,-0.32353667545890924,0.38996427569650993,5.692237954377884,0.1612196528354329,0.3350007397578623,-0.2413100082803179,0.3993769790739409,0.27568119102919103,0.2649137610472448,0.34359712931809394,-0.7064116183845045,-0.7819478285200063,-0.5697625566574027,2.502716796214063,6838.935173,26780,8938830,,,,
rgb_texture,Squirrel_wooden_v2_L3,screen_space,ok,,,/home/29d_kon@lab.graphicon.ru/ssd1_link/projects/REPROJECTING/outputs_batch_20260601/MeshMamba_reference_rgb_screen/rgb_texture/baseline_screen_space/Squirrel_wooden_v2_L3/sigma0p05_recenter_rotx90p0_horizontaltovertical_blender_rig/Squirrel_wooden_v2_L3_report.json,/home/29d_kon@lab.graphicon.ru/ssd1_link/projects/REPROJECTING/outputs_batch_20260601/MeshMamba_reference_rgb_screen/_logs/rgb_texture/screen_space/Squirrel_wooden_v2_L3.log,Squirrel_wooden_v2_L3.csv,32868,36,36,19449,510,horizontal_to_vertical,json_camera_static.fov_degrees,60.000001669652114,35.98339890412515,0.3658924573778212,0.636014119253213,1.0652190354263273,0.023006414453584926,0.10593321284652146,0.26069150774842,0.70253724838331,0.8065752683095542,0.846697016394526,0.8092023964508896,1.059144997389837,1.2529064523263014,1.0137012999123354,2.0896720248781135,3794.045488,31024,8955174,,,,
rgb_texture,StandingBaby_v2_L1,screen_space,ok,,,/home/29d_kon@lab.graphicon.ru/ssd1_link/projects/REPROJECTING/outputs_batch_20260601/MeshMamba_reference_rgb_screen/rgb_texture/baseline_screen_space/StandingBaby_v2_L1/sigma0p05_recenter_rotx90p0_horizontaltovertical_blender_rig/StandingBaby_v2_L1_report.json,/home/29d_kon@lab.graphicon.ru/ssd1_link/projects/REPROJECTING/outputs_batch_20260601/MeshMamba_reference_rgb_screen/_logs/rgb_texture/screen_space/StandingBaby_v2_L1.log,StandingBaby.csv,32868,35,35,21469,510,horizontal_to_vertical,json_camera_static.fov_degrees,60.000001669652114,35.98339890412515,0.09908974270055393,0.6558689427185169,1.2392949482344628,0.07254751249459229,0.2265981327215915,0.03561187624945743,0.7403795093853575,0.5669682252214885,0.656951693297875,0.8571822300496827,0.2504981879308048,0.5750923449811911,1.3128292711847727,3.7359466160267774,8676.806453000001,31710,8806491,,,,
rgb_texture,Starfruit_L3,screen_space,ok,,,/home/29d_kon@lab.graphicon.ru/ssd1_link/projects/REPROJECTING/outputs_batch_20260601/MeshMamba_reference_rgb_screen/rgb_texture/baseline_screen_space/Starfruit_L3/sigma0p05_recenter_rotx90p0_horizontaltovertical_blender_rig/Starfruit_L3_report.json,/home/29d_kon@lab.graphicon.ru/ssd1_link/projects/REPROJECTING/outputs_batch_20260601/MeshMamba_reference_rgb_screen/_logs/rgb_texture/screen_space/Starfruit_L3.log,Starfruit-L3.csv,32868,35,35,21946,510,horizontal_to_vertical,json_camera_static.fov_degrees,60.000001669652114,35.98339890412515,0.044039031490892666,0.7323900184572677,0.45804309742902527,0.06776235020490548,0.21024970666453827,-0.07569605353003206,0.816989548623575,0.6633726701149356,0.7364429882060902,0.7218509637861734,0.583381634248617,0.9025163520181272,1.1834962498454489,3.2385681741495356,8732.193847999999,32363,8949606,,,,
rgb_texture,Statue_v1_L2_David,screen_space,ok,,,/home/29d_kon@lab.graphicon.ru/ssd1_link/projects/REPROJECTING/outputs_batch_20260601/MeshMamba_reference_rgb_screen/rgb_texture/baseline_screen_space/Statue_v1_L2_David/sigma0p05_recenter_rotx90p0_horizontaltovertical_blender_rig/Statue_v1_L2_David_report.json,/home/29d_kon@lab.graphicon.ru/ssd1_link/projects/REPROJECTING/outputs_batch_20260601/MeshMamba_reference_rgb_screen/_logs/rgb_texture/screen_space/Statue_v1_L2_David.log,Statue_v1_L2_David.csv,32868,36,36,24461,510,horizontal_to_vertical,json_camera_static.fov_degrees,60.000001669652114,35.98339890412515,0.15804540905624562,0.6220761916622803,1.0724182034959624,0.07643531094277399,0.23177506006990842,0.13334640077122298,0.7035300643059964,0.7100124097080175,0.7027849896174444,0.5205385522409348,0.5810512429858693,0.5886688571113852,-0.011229989886205674,4.198533281360875,7071.216439,31165,8147593,,,,
rgb_texture,Statue_v1_L2_Venus,screen_space,ok,,,/home/29d_kon@lab.graphicon.ru/ssd1_link/projects/REPROJECTING/outputs_batch_20260601/MeshMamba_reference_rgb_screen/rgb_texture/baseline_screen_space/Statue_v1_L2_Venus/sigma0p05_recenter_rotx90p0_horizontaltovertical_blender_rig/Statue_v1_L2_Venus_report.json,/home/29d_kon@lab.graphicon.ru/ssd1_link/projects/REPROJECTING/outputs_batch_20260601/MeshMamba_reference_rgb_screen/_logs/rgb_texture/screen_space/Statue_v1_L2_Venus.log,Statue_v1_L2_Venus.csv,32868,35,35,18440,510,horizontal_to_vertical,json_camera_static.fov_degrees,60.000001669652114,35.98339890412515,0.35534061010672513,0.543580542902771,0.8778257646578668,0.08924695196758747,0.2514586115127277,0.5080421944482296,0.6476823139277204,0.7132109103119344,0.7020577568225328,0.851092647205397,0.5307025379445676,0.5481901472446471,1.0501400490231572,4.125526794847305,5311.9028530000005,31067,8555949,,,,
rgb_texture,Statue_v1_L3_eagle,screen_space,ok,,,/home/29d_kon@lab.graphicon.ru/ssd1_link/projects/REPROJECTING/outputs_batch_20260601/MeshMamba_reference_rgb_screen/rgb_texture/baseline_screen_space/Statue_v1_L3_eagle/sigma0p05_recenter_rotx90p0_horizontaltovertical_blender_rig/Statue_v1_L3_eagle_report.json,/home/29d_kon@lab.graphicon.ru/ssd1_link/projects/REPROJECTING/outputs_batch_20260601/MeshMamba_reference_rgb_screen/_logs/rgb_texture/screen_space/Statue_v1_L3_eagle.log,Statue_v1_l3_eagle.csv,32868,35,35,20304,510,horizontal_to_vertical,json_camera_static.fov_degrees,60.000001669652114,35.98339890412515,0.41365874812631065,0.6494489613343453,0.6261175538980501,0.1489587108458813,0.33574943496643145,0.4379954900519535,0.7480438404908933,0.7370010383435942,0.7324393749614277,0.6472217440077285,0.7568487951342566,0.7897493260986663,0.5333937714928358,3.4472750692702427,5278.377661,31496,7703484,,,,
rgb_texture,Statue_willendorf_V1_L3,screen_space,ok,,,/home/29d_kon@lab.graphicon.ru/ssd1_link/projects/REPROJECTING/outputs_batch_20260601/MeshMamba_reference_rgb_screen/rgb_texture/baseline_screen_space/Statue_willendorf_V1_L3/sigma0p05_recenter_rotx90p0_horizontaltovertical_blender_rig/Statue_willendorf_V1_L3_report.json,/home/29d_kon@lab.graphicon.ru/ssd1_link/projects/REPROJECTING/outputs_batch_20260601/MeshMamba_reference_rgb_screen/_logs/rgb_texture/screen_space/Statue_willendorf_V1_L3.log,Statue_willendorf_V1_L3.csv,32868,38,38,25583,510,horizontal_to_vertical,json_camera_static.fov_degrees,60.000001669652114,35.98339890412515,-0.04167783680110072,0.6179296882297012,1.1283615830971094,0.10298828730942297,0.2733837492838261,-0.04385614245194825,0.6699788144283004,0.38159260788960325,0.3667260406400218,0.2249756219588166,-0.21214114278476756,-0.2060489574956751,-0.6291029181287461,3.1989572154174475,6940.340125999999,32235,9014069,,,,
rgb_texture,Stone_Chess_Bishop_Side_A_v2_L1,screen_space,ok,,,/home/29d_kon@lab.graphicon.ru/ssd1_link/projects/REPROJECTING/outputs_batch_20260601/MeshMamba_reference_rgb_screen/rgb_texture/baseline_screen_space/Stone_Chess_Bishop_Side_A_v2_L1/sigma0p05_recenter_rotx90p0_horizontaltovertical_blender_rig/Stone_Chess_Bishop_Side_A_v2_L1_report.json,/home/29d_kon@lab.graphicon.ru/ssd1_link/projects/REPROJECTING/outputs_batch_20260601/MeshMamba_reference_rgb_screen/_logs/rgb_texture/screen_space/Stone_Chess_Bishop_Side_A_v2_L1.log,Stone_Chess_Bishop_V2_l1.csv,32868,36,36,21288,510,horizontal_to_vertical,json_camera_static.fov_degrees,60.000001669652114,35.98339890412515,0.5817486931448401,0.7123706402249381,0.7116359111043774,0.05843566632427439,0.20547296274133833,0.5794453333871936,0.7983399869482749,0.8876077470072916,0.9428174947152137,0.9409601160393826,1.3344654226795678,1.7388460546925808,2.047297249060704,4.328840972980401,3938.411239,30984,8548423,,,,
rgb_texture,Stone_Chess_Knight_Side_A_v2_L1,screen_space,ok,,,/home/29d_kon@lab.graphicon.ru/ssd1_link/projects/REPROJECTING/outputs_batch_20260601/MeshMamba_reference_rgb_screen/rgb_texture/baseline_screen_space/Stone_Chess_Knight_Side_A_v2_L1/sigma0p05_recenter_rotx90p0_horizontaltovertical_blender_rig/Stone_Chess_Knight_Side_A_v2_L1_report.json,/home/29d_kon@lab.graphicon.ru/ssd1_link/projects/REPROJECTING/outputs_batch_20260601/MeshMamba_reference_rgb_screen/_logs/rgb_texture/screen_space/Stone_Chess_Knight_Side_A_v2_L1.log,Stone_Chess_Knight_Side_A_v2_l1.csv,32868,35,35,23270,510,horizontal_to_vertical,json_camera_static.fov_degrees,60.000001669652114,35.98339890412515,-0.012764941706832449,0.6376203236478831,1.508272310459966,0.06205980561386139,0.20154864790476146,0.011156015488273455,0.6950250348750081,0.4289332790320117,0.43103617927877547,0.47224354856472917,-0.20055441837148671,-0.21959933770961887,0.004862944406442034,3.545930796397231,7722.510323,31265,8828065,,,,
rgb_texture,TomatoBeefSteak_V1_L3,screen_space,ok,,,/home/29d_kon@lab.graphicon.ru/ssd1_link/projects/REPROJECTING/outputs_batch_20260601/MeshMamba_reference_rgb_screen/rgb_texture/baseline_screen_space/TomatoBeefSteak_V1_L3/sigma0p05_recenter_rotx90p0_horizontaltovertical_blender_rig/TomatoBeefSteak_V1_L3_report.json,/home/29d_kon@lab.graphicon.ru/ssd1_link/projects/REPROJECTING/outputs_batch_20260601/MeshMamba_reference_rgb_screen/_logs/rgb_texture/screen_space/TomatoBeefSteak_V1_L3.log,TomatoBeefSteak_v1.csv,32868,36,36,20020,510,horizontal_to_vertical,json_camera_static.fov_degrees,60.000001669652114,35.98339890412515,0.4180169158553045,0.6255144085119173,1.3430022389290004,0.07816279353650628,0.18780303051863093,0.5666579424414735,0.6854355327510342,0.683011933212172,0.6719889926521055,0.563074135680625,0.5017839170649167,0.48091504213329345,-0.036729112901435115,3.014618484210799,4836.8679329999995,28246,8833205,,,,
rgb_texture,Tricorn_Hat_v1_L2,screen_space,ok,,,/home/29d_kon@lab.graphicon.ru/ssd1_link/projects/REPROJECTING/outputs_batch_20260601/MeshMamba_reference_rgb_screen/rgb_texture/baseline_screen_space/Tricorn_Hat_v1_L2/sigma0p05_recenter_rotx90p0_horizontaltovertical_blender_rig/Tricorn_Hat_v1_L2_report.json,/home/29d_kon@lab.graphicon.ru/ssd1_link/projects/REPROJECTING/outputs_batch_20260601/MeshMamba_reference_rgb_screen/_logs/rgb_texture/screen_space/Tricorn_Hat_v1_L2.log,Tricorn_Hat_v1_l2.csv,32868,35,35,24101,510,horizontal_to_vertical,json_camera_static.fov_degrees,60.000001669652114,35.98339890412515,-0.01583103687024978,0.4642442630935429,4.754765440359745,0.127789266687355,0.2942504246655071,0.01238502196017985,0.4725308130720022,0.5086748551905049,0.4693223399337836,0.5867269774283487,-0.03867777421016438,-0.22233822587751717,-0.1805276206205125,2.578129511925138,3896.454268,28682,8422688,,,,
rgb_texture,UFO_v1_L2,screen_space,ok,,,/home/29d_kon@lab.graphicon.ru/ssd1_link/projects/REPROJECTING/outputs_batch_20260601/MeshMamba_reference_rgb_screen/rgb_texture/baseline_screen_space/UFO_v1_L2/sigma0p05_recenter_rotx90p0_horizontaltovertical_blender_rig/UFO_v1_L2_report.json,/home/29d_kon@lab.graphicon.ru/ssd1_link/projects/REPROJECTING/outputs_batch_20260601/MeshMamba_reference_rgb_screen/_logs/rgb_texture/screen_space/UFO_v1_L2.log,UFO_V1_l2.csv,32868,37,37,23075,510,horizontal_to_vertical,json_camera_static.fov_degrees,60.000001669652114,35.98339890412515,-0.03486469072895895,0.4863240299415827,5.435247525669768,0.12305876928398901,0.27412895387217967,0.00911276461520195,0.5237066067970674,0.4538621489321905,0.4756745933784792,0.5250443447288085,-0.19655878470458632,-0.12824725418271457,0.02928655485108222,3.475250230785128,6430.99971,22258,9285393,,,,
rgb_texture,Volto_Mask_v1_L2,screen_space,ok,,,/home/29d_kon@lab.graphicon.ru/ssd1_link/projects/REPROJECTING/outputs_batch_20260601/MeshMamba_reference_rgb_screen/rgb_texture/baseline_screen_space/Volto_Mask_v1_L2/sigma0p05_recenter_rotx90p0_horizontaltovertical_blender_rig/Volto_Mask_v1_L2_report.json,/home/29d_kon@lab.graphicon.ru/ssd1_link/projects/REPROJECTING/outputs_batch_20260601/MeshMamba_reference_rgb_screen/_logs/rgb_texture/screen_space/Volto_Mask_v1_L2.log,Volto_Mask_L2.csv,32868,35,35,25408,510,horizontal_to_vertical,json_camera_static.fov_degrees,60.000001669652114,35.98339890412515,0.10058377394488002,0.6967908385843498,0.7592009065079849,0.04574443162677566,0.16606876878871513,0.05936813471397283,0.774759874293389,0.5883834023531188,0.6173797231900349,0.7223989150825884,0.3195533571124782,0.45219709826503174,0.9189824150144098,3.4390875442928417,9545.420637,32254,8461952,,,,
rgb_texture,WWII_Plane-Germany_Focke-Wulf_Fw_190_v1,screen_space,ok,,,/home/29d_kon@lab.graphicon.ru/ssd1_link/projects/REPROJECTING/outputs_batch_20260601/MeshMamba_reference_rgb_screen/rgb_texture/baseline_screen_space/WWII_Plane-Germany_Focke-Wulf_Fw_190_v1/sigma0p05_recenter_rotx90p0_horizontaltovertical_blender_rig/WWII_Plane-Germany_Focke-Wulf_Fw_190_v1_report.json,/home/29d_kon@lab.graphicon.ru/ssd1_link/projects/REPROJECTING/outputs_batch_20260601/MeshMamba_reference_rgb_screen/_logs/rgb_texture/screen_space/WWII_Plane-Germany_Focke-Wulf_Fw_190_v1.log,WWII_Plane-Germany_Focke-Wulf_FW_190_v1_l3.csv,32868,35,35,23014,510,horizontal_to_vertical,json_camera_static.fov_degrees,60.000001669652114,35.98339890412515,0.08470413045471262,0.5829201501716446,3.59360570582282,0.11066711900980555,0.2645079250361129,0.09664911289318172,0.657820271098442,0.5435790526415962,0.5667579465044356,0.5186509412927073,0.135530164464845,0.17152459149858093,0.0003343343776376553,4.281120786144227,8263.411691000001,25766,8800724,,,,
rgb_texture,Watermelon_V1_L3,screen_space,ok,,,/home/29d_kon@lab.graphicon.ru/ssd1_link/projects/REPROJECTING/outputs_batch_20260601/MeshMamba_reference_rgb_screen/rgb_texture/baseline_screen_space/Watermelon_V1_L3/sigma0p05_recenter_rotx90p0_horizontaltovertical_blender_rig/Watermelon_V1_L3_report.json,/home/29d_kon@lab.graphicon.ru/ssd1_link/projects/REPROJECTING/outputs_batch_20260601/MeshMamba_reference_rgb_screen/_logs/rgb_texture/screen_space/Watermelon_V1_L3.log,Watermelon_v1-L3.csv,32868,35,35,23385,510,horizontal_to_vertical,json_camera_static.fov_degrees,60.000001669652114,35.98339890412515,0.7099244932346908,0.5130252040800477,1.123385882865747,0.04374802446281253,0.16319784232557752,0.3956068786820432,0.7583114843743234,0.964461684909509,0.9527870643363113,0.961583625952341,1.8763587174497958,2.0608951353024723,2.2183500933216274,1.595160256175725,4469.440124,29066,9911584,,,,
rgb_texture,Whale_v4_L3,screen_space,ok,,,/home/29d_kon@lab.graphicon.ru/ssd1_link/projects/REPROJECTING/outputs_batch_20260601/MeshMamba_reference_rgb_screen/rgb_texture/baseline_screen_space/Whale_v4_L3/sigma0p05_recenter_rotx90p0_horizontaltovertical_blender_rig/Whale_v4_L3_report.json,/home/29d_kon@lab.graphicon.ru/ssd1_link/projects/REPROJECTING/outputs_batch_20260601/MeshMamba_reference_rgb_screen/_logs/rgb_texture/screen_space/Whale_v4_L3.log,Whale_v2_L3.csv,32868,35,35,25007,510,horizontal_to_vertical,json_camera_static.fov_degrees,60.000001669652114,35.98339890412515,0.06266462635016234,0.610604747129213,2.1215245243545597,0.08541261315567583,0.23261200052116401,0.15747123344184386,0.6671798722978775,0.47048060361803823,0.3245725260935346,0.3817621799830383,-0.1275433461220246,-0.5339468180614614,-0.3392505850432599,3.9883340436984254,7369.718583,28958,8818634,,,,
rgb_texture,White-TailedDeer_V1_L2,screen_space,ok,,,/home/29d_kon@lab.graphicon.ru/ssd1_link/projects/REPROJECTING/outputs_batch_20260601/MeshMamba_reference_rgb_screen/rgb_texture/baseline_screen_space/White-TailedDeer_V1_L2/sigma0p05_recenter_rotx90p0_horizontaltovertical_blender_rig/White-TailedDeer_V1_L2_report.json,/home/29d_kon@lab.graphicon.ru/ssd1_link/projects/REPROJECTING/outputs_batch_20260601/MeshMamba_reference_rgb_screen/_logs/rgb_texture/screen_space/White-TailedDeer_V1_L2.log,White-Tailed_Deer_v1_l2.csv,32868,36,36,22799,510,horizontal_to_vertical,json_camera_static.fov_degrees,60.000001669652114,35.98339890412515,-0.2972972173129438,0.37321348760891093,2.4945310841320527,0.11049475967041479,0.26302325681172845,-0.365534247363008,0.36426701516587157,0.2595347892413242,0.2556152217428355,0.20322940038005363,-0.6777358801359532,-0.7266943500941486,-0.8041542676467824,2.646583163327239,6713.039653999999,30622,8978144,,,,
rgb_texture,Wicker_Basket_v1_L3,screen_space,ok,,,/home/29d_kon@lab.graphicon.ru/ssd1_link/projects/REPROJECTING/outputs_batch_20260601/MeshMamba_reference_rgb_screen/rgb_texture/baseline_screen_space/Wicker_Basket_v1_L3/sigma0p05_recenter_rotx90p0_horizontaltovertical_blender_rig/Wicker_Basket_v1_L3_report.json,/home/29d_kon@lab.graphicon.ru/ssd1_link/projects/REPROJECTING/outputs_batch_20260601/MeshMamba_reference_rgb_screen/_logs/rgb_texture/screen_space/Wicker_Basket_v1_L3.log,Wicker_Basket_v1_L3.csv,32868,38,38,29366,510,horizontal_to_vertical,json_camera_static.fov_degrees,60.000001669652114,35.98339890412515,-0.0027235683934279248,0.560955873427791,1.1648053001228007,0.091048776311864,0.24750642187962896,-0.006137105996781273,0.6288369962280582,0.5299746956650315,0.5161247345139088,0.4349142030265108,0.06765515383075892,0.04221143432865248,-0.21174396214940777,2.5300600859960083,6582.309533,31357,8487836,,,,
rgb_texture,ball_car_v1_L3,screen_space,ok,,,/home/29d_kon@lab.graphicon.ru/ssd1_link/projects/REPROJECTING/outputs_batch_20260601/MeshMamba_reference_rgb_screen/rgb_texture/baseline_screen_space/ball_car_v1_L3/sigma0p05_recenter_rotx90p0_horizontaltovertical_blender_rig/ball_car_v1_L3_report.json,/home/29d_kon@lab.graphicon.ru/ssd1_link/projects/REPROJECTING/outputs_batch_20260601/MeshMamba_reference_rgb_screen/_logs/rgb_texture/screen_space/ball_car_v1_L3.log,ball_car_v1_L3.csv,32868,36,36,21757,510,horizontal_to_vertical,json_camera_static.fov_degrees,60.000001669652114,35.98339890412515,0.06416002536400256,0.5339311882214093,4.220634255320146,0.06802461076455428,0.20236811537281063,0.0071663961164850154,0.5871481551784947,0.5309251316328644,0.5931572732747223,0.7438787740425774,0.1380109579935334,0.32599584910761115,0.7120057075349941,1.0349710859846408,4155.974491,28134,10341402,,,,
rgb_texture,barbiegirl_V1_L3,screen_space,ok,,,/home/29d_kon@lab.graphicon.ru/ssd1_link/projects/REPROJECTING/outputs_batch_20260601/MeshMamba_reference_rgb_screen/rgb_texture/baseline_screen_space/barbiegirl_V1_L3/sigma0p05_recenter_rotx90p0_horizontaltovertical_blender_rig/barbiegirl_V1_L3_report.json,/home/29d_kon@lab.graphicon.ru/ssd1_link/projects/REPROJECTING/outputs_batch_20260601/MeshMamba_reference_rgb_screen/_logs/rgb_texture/screen_space/barbiegirl_V1_L3.log,barbiedoll_v1_L3.csv,32868,35,35,24564,510,horizontal_to_vertical,json_camera_static.fov_degrees,60.000001669652114,35.98339890412515,0.32225616564337245,0.6754529055758293,0.7911356913106907,0.0692238911367811,0.21765805230301996,0.38163303191461506,0.7797061366338879,0.7243719597884034,0.7141349485984018,0.7047940881043286,0.600869033510498,0.5979160050384037,0.5164244932757038,4.846769762042395,8041.550621,31252,8745304,,,,
rgb_texture,cathedral_wood_radio_v2_L1,screen_space,ok,,,/home/29d_kon@lab.graphicon.ru/ssd1_link/projects/REPROJECTING/outputs_batch_20260601/MeshMamba_reference_rgb_screen/rgb_texture/baseline_screen_space/cathedral_wood_radio_v2_L1/sigma0p05_recenter_rotx90p0_horizontaltovertical_blender_rig/cathedral_wood_radio_v2_L1_report.json,/home/29d_kon@lab.graphicon.ru/ssd1_link/projects/REPROJECTING/outputs_batch_20260601/MeshMamba_reference_rgb_screen/_logs/rgb_texture/screen_space/cathedral_wood_radio_v2_L1.log,cathedral_wood_radio_v2_NEW.csv,32868,35,35,24170,510,horizontal_to_vertical,json_camera_static.fov_degrees,60.000001669652114,35.98339890412515,0.0913800533629015,0.40681431704617504,2.5817478329237082,0.06411160087890726,0.19010524198915235,0.11232256726909344,0.45358963283075243,0.5323587690060839,0.6291385381542554,0.6869662881044968,0.14991608507165471,0.46470892288737475,0.5782997613530986,2.14816930531199,3505.498785,29927,8615026,,,,
rgb_texture,doll_v3_L3,screen_space,ok,,,/home/29d_kon@lab.graphicon.ru/ssd1_link/projects/REPROJECTING/outputs_batch_20260601/MeshMamba_reference_rgb_screen/rgb_texture/baseline_screen_space/doll_v3_L3/sigma0p05_recenter_rotx90p0_horizontaltovertical_blender_rig/doll_v3_L3_report.json,/home/29d_kon@lab.graphicon.ru/ssd1_link/projects/REPROJECTING/outputs_batch_20260601/MeshMamba_reference_rgb_screen/_logs/rgb_texture/screen_space/doll_v3_L3.log,doll_v3_L3.csv,32868,36,36,26139,510,horizontal_to_vertical,json_camera_static.fov_degrees,60.000001669652114,35.98339890412515,0.5045331195962932,0.5868055009780829,1.2549924948381395,0.05496996078627103,0.18672082039657648,0.4227220706979397,0.7202847055642159,0.8399338187987222,0.8072286750849212,0.7807109840882079,1.22396756281399,1.2017369660536932,1.125983735915091,3.7501693066279573,5301.94017,30101,8850267,,,,
rgb_texture,dolphin_v1_L3,screen_space,ok,,,/home/29d_kon@lab.graphicon.ru/ssd1_link/projects/REPROJECTING/outputs_batch_20260601/MeshMamba_reference_rgb_screen/rgb_texture/baseline_screen_space/dolphin_v1_L3/sigma0p05_recenter_rotx90p0_horizontaltovertical_blender_rig/dolphin_v1_L3_report.json,/home/29d_kon@lab.graphicon.ru/ssd1_link/projects/REPROJECTING/outputs_batch_20260601/MeshMamba_reference_rgb_screen/_logs/rgb_texture/screen_space/dolphin_v1_L3.log,dolphin_v2_max2011_it2.csv,32868,35,35,24225,510,horizontal_to_vertical,json_camera_static.fov_degrees,60.000001669652114,35.98339890412515,0.02559453190932402,0.6501898743639382,0.6917155123870151,0.05668921888806347,0.1835190473389247,-0.09338213645040618,0.6691036235460891,0.54068476024852,0.6495525152839572,0.8023775724449809,0.07240704704834368,0.4228569559477004,1.0293607900831965,2.9105374725245845,3794.8916879999997,32198,8865606,,,,
rgb_texture,egypt_sphinx_V2_L3,screen_space,ok,,,/home/29d_kon@lab.graphicon.ru/ssd1_link/projects/REPROJECTING/outputs_batch_20260601/MeshMamba_reference_rgb_screen/rgb_texture/baseline_screen_space/egypt_sphinx_V2_L3/sigma0p05_recenter_rotx90p0_horizontaltovertical_blender_rig/egypt_sphinx_V2_L3_report.json,/home/29d_kon@lab.graphicon.ru/ssd1_link/projects/REPROJECTING/outputs_batch_20260601/MeshMamba_reference_rgb_screen/_logs/rgb_texture/screen_space/egypt_sphinx_V2_L3.log,egypt_sphinx_iterations-2.csv,32868,36,36,26010,510,horizontal_to_vertical,json_camera_static.fov_degrees,60.000001669652114,35.98339890412515,0.1672271073805699,0.5953694441566987,2.238041732032146,0.08385665158458921,0.23359559755343512,0.21605490296640964,0.6651437828361086,0.604822390752778,0.4790999444871466,0.453070624345945,0.29434481888111447,-0.08087861219751721,-0.16261993014589507,4.460059930533309,6606.109107,27483,8643047,,,,
rgb_texture,football_v2_L3,screen_space,ok,,,/home/29d_kon@lab.graphicon.ru/ssd1_link/projects/REPROJECTING/outputs_batch_20260601/MeshMamba_reference_rgb_screen/rgb_texture/baseline_screen_space/football_v2_L3/sigma0p05_recenter_rotx90p0_horizontaltovertical_blender_rig/football_v2_L3_report.json,/home/29d_kon@lab.graphicon.ru/ssd1_link/projects/REPROJECTING/outputs_batch_20260601/MeshMamba_reference_rgb_screen/_logs/rgb_texture/screen_space/football_v2_L3.log,football_v2_L3.csv,32868,37,37,23576,510,horizontal_to_vertical,json_camera_static.fov_degrees,60.000001669652114,35.98339890412515,0.06172308838217565,0.5341995334132157,2.3375310983110995,0.09370869379108913,0.22559764204744617,0.119391456933394,0.5799187016649695,0.5094239958066803,0.5253777955911386,0.44667922925503195,-0.016319049313693792,0.04357587947699508,-0.2252229871860388,1.8329043139019214,5599.625503,29105,9868221,,,,
rgb_texture,modern_tabletop_radio_v1_L1,screen_space,ok,,,/home/29d_kon@lab.graphicon.ru/ssd1_link/projects/REPROJECTING/outputs_batch_20260601/MeshMamba_reference_rgb_screen/rgb_texture/baseline_screen_space/modern_tabletop_radio_v1_L1/sigma0p05_recenter_rotx90p0_horizontaltovertical_blender_rig/modern_tabletop_radio_v1_L1_report.json,/home/29d_kon@lab.graphicon.ru/ssd1_link/projects/REPROJECTING/outputs_batch_20260601/MeshMamba_reference_rgb_screen/_logs/rgb_texture/screen_space/modern_tabletop_radio_v1_L1.log,modern_tabletop_radio_v1_NEW.csv,32868,35,35,25456,510,horizontal_to_vertical,json_camera_static.fov_degrees,60.000001669652114,35.98339890412515,0.04965879147699062,0.3868511792540006,3.2186495523775513,0.095555959000015,0.2425690058399856,0.025335371304888856,0.44743593316650176,0.5522548694422879,0.5536616294440673,0.42935837294521767,0.1305760625898914,0.09561487247554609,-0.309830469277436,2.2853826594361477,4440.408199,29132,8591334,,,,
rgb_texture,robot_v1_L3,screen_space,ok,,,/home/29d_kon@lab.graphicon.ru/ssd1_link/projects/REPROJECTING/outputs_batch_20260601/MeshMamba_reference_rgb_screen/rgb_texture/baseline_screen_space/robot_v1_L3/sigma0p05_recenter_rotx90p0_horizontaltovertical_blender_rig/robot_v1_L3_report.json,/home/29d_kon@lab.graphicon.ru/ssd1_link/projects/REPROJECTING/outputs_batch_20260601/MeshMamba_reference_rgb_screen/_logs/rgb_texture/screen_space/robot_v1_L3.log,robot_v1_L3.csv,32868,35,35,22637,510,horizontal_to_vertical,json_camera_static.fov_degrees,60.000001669652114,35.98339890412515,0.1324937983195557,0.6257743294741616,1.967514596289403,0.057692105632195914,0.19168830700674014,0.08980248726070035,0.7035347223088769,0.5115212624816617,0.5325258254770646,0.7071198919491606,0.17357214756606343,0.33256899427036507,1.1505887908521883,3.4870393591237976,7556.589007999999,30190,8891566,,,,
rgb_texture,statue_Terracotta_squat_v2_L1,screen_space,ok,,,/home/29d_kon@lab.graphicon.ru/ssd1_link/projects/REPROJECTING/outputs_batch_20260601/MeshMamba_reference_rgb_screen/rgb_texture/baseline_screen_space/statue_Terracotta_squat_v2_L1/sigma0p05_recenter_rotx90p0_horizontaltovertical_blender_rig/statue_Terracotta_squat_v2_L1_report.json,/home/29d_kon@lab.graphicon.ru/ssd1_link/projects/REPROJECTING/outputs_batch_20260601/MeshMamba_reference_rgb_screen/_logs/rgb_texture/screen_space/statue_Terracotta_squat_v2_L1.log,statue_Terracotta_squat_v2_l1.csv,32868,37,37,26360,510,horizontal_to_vertical,json_camera_static.fov_degrees,60.000001669652114,35.98339890412515,0.22563669304871947,0.6438253962589648,0.9430381118757706,0.062236841448830536,0.19512493785139756,0.3064615787960875,0.6898316359421953,0.6218651983575041,0.528270567340738,0.4036447355060764,0.4414468049808367,0.19314385523263336,-0.3164982139951848,3.662242185577973,6131.827327999999,31247,8195614,,,,
rgb_texture,statue_Terracotta_v2_l1,screen_space,ok,,,/home/29d_kon@lab.graphicon.ru/ssd1_link/projects/REPROJECTING/outputs_batch_20260601/MeshMamba_reference_rgb_screen/rgb_texture/baseline_screen_space/statue_Terracotta_v2_l1/sigma0p05_recenter_rotx90p0_horizontaltovertical_blender_rig/statue_Terracotta_v2_l1_report.json,/home/29d_kon@lab.graphicon.ru/ssd1_link/projects/REPROJECTING/outputs_batch_20260601/MeshMamba_reference_rgb_screen/_logs/rgb_texture/screen_space/statue_Terracotta_v2_l1.log,statue_Terracotta_v2_l1.csv,32868,35,35,19682,510,horizontal_to_vertical,json_camera_static.fov_degrees,60.000001669652114,35.98339890412515,0.12772919450498876,0.7160994921375402,0.7653706917135189,0.04605005722552964,0.17143393196234294,0.1743710486511942,0.7974724833246505,0.489690278934524,0.49483093047770976,0.4256194880849551,-0.006858125401848603,0.009778339189191965,-0.17571207127404675,4.061928956950502,8911.990369,31117,8374359,,,,
rgb_texture,stuffed_animal_v1_L2,screen_space,runtime_error,runtime_error,"Expected a single Trimesh, got <class 'trimesh.scene.scene.Scene'>",/home/29d_kon@lab.graphicon.ru/ssd1_link/projects/REPROJECTING/outputs_batch_20260601/MeshMamba_reference_rgb_screen/rgb_texture/baseline_screen_space/stuffed_animal_v1_L2/sigma0p05_recenter_rotx90p0_horizontaltovertical_blender_rig/stuffed_animal_v1_L2_report.json,/home/29d_kon@lab.graphicon.ru/ssd1_link/projects/REPROJECTING/outputs_batch_20260601/MeshMamba_reference_rgb_screen/_logs/rgb_texture/screen_space/stuffed_animal_v1_L2.log,,,,,,,,,,,,,,,,,,,,,,,,,,,,,,,
rgb_texture,watch_digital_v1_L3,screen_space,ok,,,/home/29d_kon@lab.graphicon.ru/ssd1_link/projects/REPROJECTING/outputs_batch_20260601/MeshMamba_reference_rgb_screen/rgb_texture/baseline_screen_space/watch_digital_v1_L3/sigma0p05_recenter_rotx90p0_horizontaltovertical_blender_rig/watch_digital_v1_L3_report.json,/home/29d_kon@lab.graphicon.ru/ssd1_link/projects/REPROJECTING/outputs_batch_20260601/MeshMamba_reference_rgb_screen/_logs/rgb_texture/screen_space/watch_digital_v1_L3.log,watch_digital_v1_Iteration2.csv,32868,36,36,28640,510,horizontal_to_vertical,json_camera_static.fov_degrees,60.000001669652114,35.98339890412515,-0.10297896713382501,0.36936683936895337,2.755212281125998,0.07591727410331964,0.22657002473097318,-0.037897931665554975,0.3520410728687098,0.40416124929598046,0.40902593488195804,0.37326398408419126,-0.3218729475842256,-0.3357361263721447,-0.4384783805706401,2.2539894886564324,2121.322712,30447,8611115,,,,
