model,screen_space_status,screen_space_error_type,screen_space_error_message,screen_space_report_path,screen_space_stdout_log_path,screen_space_n_vertices,screen_space_n_combined_nonzero,screen_space_n_gt_positive_vertices,screen_space_combined_positive_pct,screen_space_n_covered_vertices,screen_space_covered_support_pct,screen_space_combined_coverage_pct,screen_space_num_participants,screen_space_num_points,screen_space_num_frames_with_points,screen_space_CC,screen_space_SIM,screen_space_KLD,screen_space_MSE,screen_space_MAE,screen_space_Spearman,screen_space_Cosine,screen_space_AUC_Judd_gt_top_10pct_proxy,screen_space_AUC_Judd_gt_top_5pct_proxy,screen_space_AUC_Judd_gt_top_1pct_proxy,screen_space_NSS_gt_top_10pct_proxy,screen_space_NSS_gt_top_5pct_proxy,screen_space_NSS_gt_top_1pct_proxy,screen_space_PredictionSum,screen_space_GroundTruthSum,screen_space_hit_rate,screen_space_successful_hits,screen_space_total_gaze_points,screen_space_nonzero_vertices,cone_status,cone_error_type,cone_error_message,cone_report_path,cone_stdout_log_path,cone_n_vertices,cone_n_combined_nonzero,cone_n_gt_positive_vertices,cone_combined_positive_pct,cone_n_covered_vertices,cone_covered_support_pct,cone_combined_coverage_pct,cone_num_participants,cone_num_points,cone_num_frames_with_points,cone_CC,cone_SIM,cone_KLD,cone_MSE,cone_MAE,cone_Spearman,cone_Cosine,cone_AUC_Judd_gt_top_10pct_proxy,cone_AUC_Judd_gt_top_5pct_proxy,cone_AUC_Judd_gt_top_1pct_proxy,cone_NSS_gt_top_10pct_proxy,cone_NSS_gt_top_5pct_proxy,cone_NSS_gt_top_1pct_proxy,cone_PredictionSum,cone_GroundTruthSum,cone_hit_rate,cone_successful_hits,cone_total_gaze_points,cone_nonzero_vertices,raycast_status,raycast_error_type,raycast_error_message,raycast_report_path,raycast_stdout_log_path,raycast_n_vertices,raycast_n_combined_nonzero,raycast_n_gt_positive_vertices,raycast_combined_positive_pct,raycast_n_covered_vertices,raycast_covered_support_pct,raycast_combined_coverage_pct,raycast_num_participants,raycast_num_points,raycast_num_frames_with_points,raycast_CC,raycast_SIM,raycast_KLD,raycast_MSE,raycast_MAE,raycast_Spearman,raycast_Cosine,raycast_AUC_Judd_gt_top_10pct_proxy,raycast_AUC_Judd_gt_top_5pct_proxy,raycast_AUC_Judd_gt_top_1pct_proxy,raycast_NSS_gt_top_10pct_proxy,raycast_NSS_gt_top_5pct_proxy,raycast_NSS_gt_top_1pct_proxy,raycast_PredictionSum,raycast_GroundTruthSum,raycast_hit_rate,raycast_successful_hits,raycast_total_gaze_points,raycast_nonzero_vertices
A380,ok,,,results/benchmark_runs/3dva/2026-06-07_combined_gt_full/baseline_screen_space/A380/sigpx49p0_recenter_fovh2v_combined/A380_report.json,results/benchmark_runs/3dva/2026-06-07_combined_gt_full/_logs/screen_space/A380.log,47756,20852,20852,43.66,21983,46.03,46.03,528,381478,510,0.34236161581184094,0.7092933362819599,0.36400781827535544,0.04908373491193353,0.16842155327615352,0.35626429386663216,0.787493853776774,0.6368710219529629,0.6670459878195836,0.7080345916547267,0.48921814627392873,0.61905442294268,0.7634165937345201,0.08316644454748681,1.9298351174000001,,,,38210,ok,,,results/benchmark_runs/3dva/2026-06-07_combined_gt_full/baseline_cone/A380/recenter_fovh2v_combined/A380_report.json,results/benchmark_runs/3dva/2026-06-07_combined_gt_full/_logs/cone/A380.log,47756,20852,20852,43.66,21983,46.03,46.03,528,381478,510,0.23526341969038836,0.6769733714267983,0.34315478320606363,0.05663014252441682,0.1845525430235199,0.26338220524754885,0.7571225367074703,0.618958225414743,0.645018936673153,0.5521743534689821,0.35008047733285474,0.44774878032677673,0.08855881557671678,48785.256481653894,1.9298351174000001,0.772652682461374,294750,381478,,ok,,,results/benchmark_runs/3dva/2026-06-07_combined_gt_full/baseline_cone/A380/recenter_fovh2v_combined/A380_report.json,results/benchmark_runs/3dva/2026-06-07_combined_gt_full/_logs/raycast/A380.log,47756,20852,20852,43.66,21983,46.03,46.03,528,381478,510,0.2220267992549136,0.6006901576856492,1.5654608638543863,0.06210362846606226,0.1772710200717796,0.24664331420431249,0.6524908536489613,0.6127878564623445,0.6346138659980062,0.5606021270463214,0.37811387277781483,0.4590335894370513,0.09958840793371289,15059.062015503876,1.9298351174000001,0.772652682461374,294750,381478,
Harley,ok,,,results/benchmark_runs/3dva/2026-06-07_combined_gt_full/baseline_screen_space/Harley/sigpx49p0_recenter_fovh2v_combined/Harley_report.json,results/benchmark_runs/3dva/2026-06-07_combined_gt_full/_logs/screen_space/Harley.log,54853,28631,28631,52.2,32817,59.83,59.83,36,26913,510,0.445419267346138,0.6780353813583211,0.5343155521073839,0.04945728039267449,0.1760097062169612,0.4603827958142755,0.7832635297174902,0.7560614107329049,0.7459192190996153,0.7729660668722947,0.9037600800460682,0.9866832899768166,1.1063244372481371,0.12819205060068084,2.2547626186,,,,51976,ok,,,results/benchmark_runs/3dva/2026-06-07_combined_gt_full/baseline_cone/Harley/recenter_fovh2v_combined/Harley_report.json,results/benchmark_runs/3dva/2026-06-07_combined_gt_full/_logs/cone/Harley.log,54853,28631,28631,52.2,32817,59.83,59.83,36,26913,510,0.608628634277224,0.715290278253083,0.2997755828281411,0.04718760443608581,0.1696735847426783,0.5475717045415687,0.8372440689107377,0.8702759623648577,0.9196996623287307,0.9783739649673782,1.3646713435160616,1.781888329622977,2.506200100647802,77274.5285961139,2.2547626186,0.8365473934529781,22514,26913,,ok,,,results/benchmark_runs/3dva/2026-06-07_combined_gt_full/baseline_cone/Harley/recenter_fovh2v_combined/Harley_report.json,results/benchmark_runs/3dva/2026-06-07_combined_gt_full/_logs/raycast/Harley.log,54853,28631,28631,52.2,32817,59.83,59.83,36,26913,510,0.12618558195629404,0.3394526650496612,10.969755935391744,0.06438752821569581,0.1806504688442522,0.17323652643359883,0.39898965779014406,0.5639674811291451,0.5558777517886304,0.5466662369233924,0.22181995805588037,0.20752268195073206,0.19041288393213335,5259.434782608696,2.2547626186,0.8365473934529781,22514,26913,
Max-Planck,ok,,,results/benchmark_runs/3dva/2026-06-07_combined_gt_full/baseline_screen_space/Max-Planck/sigpx49p0_recenter_fovh2v_combined/Max-Planck_report.json,results/benchmark_runs/3dva/2026-06-07_combined_gt_full/_logs/screen_space/Max-Planck.log,19999,15447,15447,77.24,16345,81.73,81.73,35,22246,510,0.7019693691146055,0.6822685580933364,0.35374363476584225,0.020614758756228795,0.10190002587333,0.6982260164509376,0.8152755111708246,0.9195164204175734,0.9203099246788817,0.8703781233937424,1.6488088846676536,1.9119417672062373,1.6219352815205152,0.026275706344498974,1.8676155884999999,,,,19371,ok,,,results/benchmark_runs/3dva/2026-06-07_combined_gt_full/baseline_cone/Max-Planck/recenter_fovh2v_combined/Max-Planck_report.json,results/benchmark_runs/3dva/2026-06-07_combined_gt_full/_logs/cone/Max-Planck.log,19999,15447,15447,77.24,16345,81.73,81.73,35,22246,510,0.6677805209334474,0.6636019694172756,0.3837294397285285,0.01759381190749639,0.08702222355660881,0.6736065770125674,0.7927873484754872,0.9160749827968657,0.9197450123556362,0.9049937746920884,1.5532548129333075,1.7741605528406181,1.6272524418688192,16096.91435580129,1.8676155884999999,0.9741077047559111,21670,22246,,ok,,,results/benchmark_runs/3dva/2026-06-07_combined_gt_full/baseline_cone/Max-Planck/recenter_fovh2v_combined/Max-Planck_report.json,results/benchmark_runs/3dva/2026-06-07_combined_gt_full/_logs/raycast/Max-Planck.log,19999,15447,15447,77.24,16345,81.73,81.73,35,22246,510,0.3450586151979163,0.44505512627116717,6.81579000149773,0.02851149083737238,0.09759448961577295,0.36437304346527394,0.5286901103423866,0.7129312477521583,0.7045038510880093,0.5689914473614793,0.8304460017189165,0.8999229620919644,0.33697357081359014,4547.75,1.8676155884999999,0.9741077047559111,21670,22246,
bimba,ok,,,results/benchmark_runs/3dva/2026-06-07_combined_gt_full/baseline_screen_space/bimba/sigpx49p0_recenter_fovh2v_combined/bimba_report.json,results/benchmark_runs/3dva/2026-06-07_combined_gt_full/_logs/screen_space/bimba.log,20000,12519,12519,62.59,13621,68.11,68.11,35,29768,510,0.6709944932363459,0.6843046064397724,0.487288333072909,0.023947286793062458,0.11165485747059102,0.6944278139687103,0.8007198391130097,0.8432504647271245,0.8536533030355158,0.9069429678212836,1.426636911198315,1.8585211747412849,2.39758724637107,0.020900928902074577,1.9230511684,,,,17744,ok,,,results/benchmark_runs/3dva/2026-06-07_combined_gt_full/baseline_cone/bimba/recenter_fovh2v_combined/bimba_report.json,results/benchmark_runs/3dva/2026-06-07_combined_gt_full/_logs/cone/bimba.log,20000,12519,12519,62.59,13621,68.11,68.11,35,29768,510,0.6093559274067438,0.6559141978725122,0.4338042062586259,0.0183943860047664,0.08519727564702233,0.6539960379517595,0.7634571636051358,0.8232146775364154,0.8226874513139594,0.8931821331364341,1.2993261093945103,1.6284492131560768,1.9595038023188645,11899.075429906134,1.9230511684,0.9495767266863746,28267,29768,,ok,,,results/benchmark_runs/3dva/2026-06-07_combined_gt_full/baseline_cone/bimba/recenter_fovh2v_combined/bimba_report.json,results/benchmark_runs/3dva/2026-06-07_combined_gt_full/_logs/raycast/bimba.log,20000,12519,12519,62.59,13621,68.11,68.11,35,29768,510,0.29980432570915583,0.4527972476706565,6.298008468256063,0.03646821552982774,0.10921552854306121,0.335638644133383,0.4973391513442535,0.6211506414964063,0.6190114045173393,0.5995662336762467,0.6170948137227821,0.8944777880092347,0.807981724462817,1753.311827956989,1.9230511684,0.9495767266863746,28267,29768,
blade-200k,ok,,,results/benchmark_runs/3dva/2026-06-07_combined_gt_full/baseline_screen_space/blade-200k/sigpx49p0_recenter_fovh2v_combined/blade-200k_report.json,results/benchmark_runs/3dva/2026-06-07_combined_gt_full/_logs/screen_space/blade-200k.log,20000,16015,16015,80.08,16874,84.37,84.37,35,32712,510,0.43801288428133456,0.6528785452250301,1.0772193576053406,0.05260195489693476,0.1979929131918106,0.48151681294180537,0.7582116128615479,0.7518867933360922,0.7406146059077618,0.805172777168725,0.9497846016032168,0.928801367011686,1.2093450044921423,0.04436430685231457,1.9678674623,,,,18671,ok,,,results/benchmark_runs/3dva/2026-06-07_combined_gt_full/baseline_cone/blade-200k/recenter_fovh2v_combined/blade-200k_report.json,results/benchmark_runs/3dva/2026-06-07_combined_gt_full/_logs/cone/blade-200k.log,20000,16015,16015,80.08,16874,84.37,84.37,35,32712,510,0.24333923070650734,0.6161403280921847,0.47132004892823576,0.09067398561559024,0.25492239089718266,0.31242900263300066,0.7001196402675359,0.6073237861574923,0.5625075022247977,0.6273211259074543,0.3675129345997545,0.24517071785672104,0.4124257105569761,44474.0531911209,1.9678674623,0.9093910491562729,29748,32712,,ok,,,results/benchmark_runs/3dva/2026-06-07_combined_gt_full/baseline_cone/blade-200k/recenter_fovh2v_combined/blade-200k_report.json,results/benchmark_runs/3dva/2026-06-07_combined_gt_full/_logs/raycast/blade-200k.log,20000,16015,16015,80.08,16874,84.37,84.37,35,32712,510,0.06202168565612577,0.43422092812116675,6.642256413919493,0.04246182784035394,0.1380665733844869,0.1407650717001277,0.4547539749067167,0.5460032563042913,0.520119525593304,0.5386862878102258,0.05218438350247457,-0.027346204602754953,-0.029909446520788276,7301.538461538461,1.9678674623,0.9093910491562729,29748,32712,
bunny,ok,,,results/benchmark_runs/3dva/2026-06-07_combined_gt_full/baseline_screen_space/bunny/sigpx49p0_recenter_fovh2v_combined/bunny_report.json,results/benchmark_runs/3dva/2026-06-07_combined_gt_full/_logs/screen_space/bunny.log,20000,15932,15932,79.66,16707,83.53,83.53,36,26979,510,0.4952470645043665,0.6625303874880584,0.5368969193999277,0.024359763071077283,0.11428652052952627,0.3022806223369152,0.7714515977152795,0.8099745927945681,0.8260918472770444,0.9609159734998661,1.2691162619697771,1.8022739467643447,3.590321953207189,0.020390523737302116,2.2421995595,,,,17841,ok,,,results/benchmark_runs/3dva/2026-06-07_combined_gt_full/baseline_cone/bunny/recenter_fovh2v_combined/bunny_report.json,results/benchmark_runs/3dva/2026-06-07_combined_gt_full/_logs/cone/bunny.log,20000,15932,15932,79.66,16707,83.53,83.53,36,26979,510,0.5399312655968169,0.6322745277446902,0.4850417835956819,0.02545096012297777,0.1121890245553914,0.22415823390374534,0.7485555464473042,0.7908620149462952,0.8121783464107597,0.9694630512583533,1.3734613276726984,2.273405905068428,5.017754063842515,9376.25160442925,2.2421995595,0.9584491641647207,25858,26979,,ok,,,results/benchmark_runs/3dva/2026-06-07_combined_gt_full/baseline_cone/bunny/recenter_fovh2v_combined/bunny_report.json,results/benchmark_runs/3dva/2026-06-07_combined_gt_full/_logs/raycast/bunny.log,20000,15932,15932,79.66,16707,83.53,83.53,36,26979,510,0.35251260543663093,0.44998660001345625,7.155298584686863,0.03992648563025755,0.1405701461669606,0.1431408770771223,0.5516046141698704,0.6717553514891609,0.7271423399001338,0.9101452843063581,0.8813036544121845,1.5109924567142512,3.3136509906733687,3760.9782608695655,2.2421995595,0.9584491641647207,25858,26979,
camel,ok,,,results/benchmark_runs/3dva/2026-06-07_combined_gt_full/baseline_screen_space/camel/sigpx49p0_recenter_fovh2v_combined/camel_report.json,results/benchmark_runs/3dva/2026-06-07_combined_gt_full/_logs/screen_space/camel.log,20000,15561,15561,77.81,16170,80.85,80.85,35,20977,510,0.6960916712846457,0.7395437180160003,0.2537713136297717,0.016335383780031618,0.0957460862934415,0.3767685229653774,0.8676803364482235,0.9019281069373833,0.9796915180748059,0.9920510423800445,1.9352354122777065,2.788871119960634,3.898999571768523,0.028126248901798857,2.0847574561,,,,19206,ok,,,results/benchmark_runs/3dva/2026-06-07_combined_gt_full/baseline_cone/camel/recenter_fovh2v_combined/camel_report.json,results/benchmark_runs/3dva/2026-06-07_combined_gt_full/_logs/cone/camel.log,20000,15561,15561,77.81,16170,80.85,80.85,35,20977,510,0.7653330749450241,0.7273659577463074,0.2907698195761398,0.012349088456553817,0.08609455918942013,0.3190222309308667,0.8720995606936697,0.9049047303310047,0.9910022886366666,0.9966147327570782,2.0911258481877546,3.3094542554439594,5.172544381606868,12250.798511493012,2.0847574561,0.8101730466701625,16995,20977,,ok,,,results/benchmark_runs/3dva/2026-06-07_combined_gt_full/baseline_cone/camel/recenter_fovh2v_combined/camel_report.json,results/benchmark_runs/3dva/2026-06-07_combined_gt_full/_logs/raycast/camel.log,20000,15561,15561,77.81,16170,80.85,80.85,35,20977,510,0.45052677745388553,0.4329844181008879,8.91797481726676,0.035489403742570536,0.13853893830137265,0.15767893065520444,0.591221717680911,0.6905528513886143,0.7971281436163968,0.9338791252521887,1.1076099390192518,1.950934759070866,3.741569842920378,3297.205882352941,2.0847574561,0.8101730466701625,16995,20977,
car-vasa,ok,,,results/benchmark_runs/3dva/2026-06-07_combined_gt_full/baseline_screen_space/car-vasa/sigpx49p0_recenter_fovh2v_combined/car-vasa_report.json,results/benchmark_runs/3dva/2026-06-07_combined_gt_full/_logs/screen_space/car-vasa.log,20890,10691,10691,51.18,11496,55.03,55.03,35,27107,510,0.16244005416390134,0.5986877483911124,0.5312420071275368,0.08097749241422157,0.24325526345988602,0.28741605384503144,0.653394761130433,0.5784716630665916,0.583235569286138,0.5858948743710913,0.20852384928778464,0.1961745028072056,0.14747737076620993,0.024558077784682993,2.1997571283,,,,16565,ok,,,results/benchmark_runs/3dva/2026-06-07_combined_gt_full/baseline_cone/car-vasa/recenter_fovh2v_combined/car-vasa_report.json,results/benchmark_runs/3dva/2026-06-07_combined_gt_full/_logs/cone/car-vasa.log,20890,10691,10691,51.18,11496,55.03,55.03,35,27107,510,0.32366689933958825,0.6220304023114758,0.5282033784457204,0.05792533994457177,0.18924159566742435,0.33388190067975565,0.6849255638337878,0.6682667949806268,0.7009758622199752,0.7490386341843577,0.6939918599034447,0.8315661599597672,0.9521292444154443,22152.823238455938,2.1997571283,0.9500129117940016,25752,27107,,ok,,,results/benchmark_runs/3dva/2026-06-07_combined_gt_full/baseline_cone/car-vasa/recenter_fovh2v_combined/car-vasa_report.json,results/benchmark_runs/3dva/2026-06-07_combined_gt_full/_logs/raycast/car-vasa.log,20890,10691,10691,51.18,11496,55.03,55.03,35,27107,510,0.12125779781229545,0.4476136177954566,6.510765654779722,0.024307145703270125,0.0982343682571951,0.1802225417079757,0.4554479261885092,0.5551180880659612,0.5469317589168057,0.5152745040360938,0.2634211942027201,0.2358624557829435,-0.01344799178201213,3210.083333333333,2.1997571283,0.9500129117940016,25752,27107,
carter,ok,,,results/benchmark_runs/3dva/2026-06-07_combined_gt_full/baseline_screen_space/carter/sigpx49p0_recenter_fovh2v_combined/carter_report.json,results/benchmark_runs/3dva/2026-06-07_combined_gt_full/_logs/screen_space/carter.log,20000,14246,14246,71.23,14870,74.35,74.35,36,22751,510,-0.002829696599783332,0.5179943105369256,2.331649931331502,0.09982716547464411,0.24910771164762285,0.02150897323122419,0.5340018365733397,0.5275401332457578,0.480489819733002,0.4699361137287781,0.046463412764541086,-0.1308646573335766,-0.25616603502012497,0.022400676973179347,2.2814449958000003,,,,17993,ok,,,results/benchmark_runs/3dva/2026-06-07_combined_gt_full/baseline_cone/carter/recenter_fovh2v_combined/carter_report.json,results/benchmark_runs/3dva/2026-06-07_combined_gt_full/_logs/cone/carter.log,20000,14246,14246,71.23,14870,74.35,74.35,36,22751,510,-0.2643261327859121,0.44262822693299275,2.0610473856644056,0.11096706793564169,0.2670762222438654,-0.287118163109803,0.395907816168686,0.2944028450310422,0.1800210357169499,0.16856552001455255,-0.5122935769525717,-0.9130834847385416,-1.0661893861198992,29490.856483569267,2.2814449958000003,0.9669025537339018,21998,22751,,ok,,,results/benchmark_runs/3dva/2026-06-07_combined_gt_full/baseline_cone/carter/recenter_fovh2v_combined/carter_report.json,results/benchmark_runs/3dva/2026-06-07_combined_gt_full/_logs/raycast/carter.log,20000,14246,14246,71.23,14870,74.35,74.35,36,22751,510,-0.14421016561893274,0.2542721065791168,13.075975174274058,0.04282813402400836,0.13557268579052673,-0.18686454506449812,0.22560686384691975,0.377358889247171,0.3157266247398605,0.29960144595516885,-0.28295212527200514,-0.4876102841632599,-0.55410523995395,5141.04347826087,2.2814449958000003,0.9669025537339018,21998,22751,
casting,ok,,,results/benchmark_runs/3dva/2026-06-07_combined_gt_full/baseline_screen_space/casting/sigpx49p0_recenter_fovh2v_combined/casting_report.json,results/benchmark_runs/3dva/2026-06-07_combined_gt_full/_logs/screen_space/casting.log,20000,9312,9312,46.56,9565,47.83,47.83,35,22454,510,0.16974308911032196,0.5057868278128077,5.792305134907737,0.054198176055589256,0.17542448701451785,0.17157995329742656,0.576138099614151,0.6636399082479713,0.7417424407092147,0.7360553736755026,0.34713414881639537,0.5868273456458535,0.4617021468438147,0.009229407551465854,1.8902004069,,,,16390,ok,,,results/benchmark_runs/3dva/2026-06-07_combined_gt_full/baseline_cone/casting/recenter_fovh2v_combined/casting_report.json,results/benchmark_runs/3dva/2026-06-07_combined_gt_full/_logs/cone/casting.log,20000,9312,9312,46.56,9565,47.83,47.83,35,22454,510,0.1459379871118961,0.592827874532345,1.3919122296902156,0.04391236524594254,0.16021699354429,-0.040953363467817305,0.6592398708405047,0.6029633195821827,0.6632436421722009,0.89869409388531,0.47247337114094073,0.7333646519870722,1.6567020184615877,12306.6956855932,1.8902004069,0.9664202369288323,21700,22454,,ok,,,results/benchmark_runs/3dva/2026-06-07_combined_gt_full/baseline_cone/casting/recenter_fovh2v_combined/casting_report.json,results/benchmark_runs/3dva/2026-06-07_combined_gt_full/_logs/raycast/casting.log,20000,9312,9312,46.56,9565,47.83,47.83,35,22454,510,-0.010243753090220459,0.18818621014161382,14.80031188952394,0.06205964151659793,0.19031847056661438,-0.09955231125728427,0.26209354056526274,0.507763670547288,0.538525281731467,0.6175359506459674,0.05726939432912572,0.20915502432551583,0.6317166929285675,1213.4594594594594,1.8902004069,0.9664202369288323,21700,22454,
chair107,ok,,,results/benchmark_runs/3dva/2026-06-07_combined_gt_full/baseline_screen_space/chair107/sigpx49p0_recenter_fovh2v_combined/chair107_report.json,results/benchmark_runs/3dva/2026-06-07_combined_gt_full/_logs/screen_space/chair107.log,20000,12531,12531,62.66,13066,65.33,65.33,35,24350,510,0.41111394986370675,0.6736011113141485,0.3743530888102126,0.05767357315753359,0.17129352014235194,0.47302568201813566,0.7553909360973509,0.7432505913034233,0.7798848850032671,0.7159924696884303,0.7035910667161648,0.8180544397615062,0.26546345190993215,0.03398615738501591,1.6102928301000001,,,,17550,ok,,,results/benchmark_runs/3dva/2026-06-07_combined_gt_full/baseline_cone/chair107/recenter_fovh2v_combined/chair107_report.json,results/benchmark_runs/3dva/2026-06-07_combined_gt_full/_logs/cone/chair107.log,20000,12531,12531,62.66,13066,65.33,65.33,35,24350,510,0.53118709400226,0.7229913130355796,0.2723840179592792,0.05077165474044894,0.17589065791130382,0.5085160644896541,0.8242091913903284,0.784559197132568,0.8619569229146895,0.8663880175982673,1.1033378651174741,1.63887090538922,2.0711372526614364,30793.481237456508,1.6102928301000001,0.7743737166324436,18856,24350,,ok,,,results/benchmark_runs/3dva/2026-06-07_combined_gt_full/baseline_cone/chair107/recenter_fovh2v_combined/chair107_report.json,results/benchmark_runs/3dva/2026-06-07_combined_gt_full/_logs/raycast/chair107.log,20000,12531,12531,62.66,13066,65.33,65.33,35,24350,510,0.14617450177544414,0.44708537933773396,7.98819405465199,0.07038917619814761,0.18925860378394965,0.19985697647046288,0.5033620020405848,0.5833758485336697,0.6198353226284912,0.6069000315730149,0.21190821759127124,0.36854050435244967,0.33102642571091373,3843.2800000000007,1.6102928301000001,0.7743737166324436,18856,24350,
cow,ok,,,results/benchmark_runs/3dva/2026-06-07_combined_gt_full/baseline_screen_space/cow/sigpx49p0_recenter_fovh2v_combined/cow_report.json,results/benchmark_runs/3dva/2026-06-07_combined_gt_full/_logs/screen_space/cow.log,20000,15670,15670,78.35,16304,81.52,81.52,35,24733,510,0.3971486053661253,0.6462798904126756,0.6129618243797981,0.030513695419867898,0.12430134472064475,0.27995554279661383,0.7162471563538797,0.6709428216501293,0.7128702107134176,0.8493454755644211,0.928059109687669,1.2157012187495229,1.8912901383096214,0.036531943679286305,2.1401303336,,,,18817,ok,,,results/benchmark_runs/3dva/2026-06-07_combined_gt_full/baseline_cone/cow/recenter_fovh2v_combined/cow_report.json,results/benchmark_runs/3dva/2026-06-07_combined_gt_full/_logs/cone/cow.log,20000,15670,15670,78.35,16304,81.52,81.52,35,24733,510,0.4518735398316674,0.6036353193992513,0.650259272713723,0.018626459835723367,0.08738314315659451,0.2804194131792101,0.6628321805717319,0.6945611134504109,0.7244212945379598,0.8047027533472362,1.1645598527190666,1.5270279166695375,2.122073527464263,9505.551789394704,2.1401303336,0.9057130150002022,22401,24733,,ok,,,results/benchmark_runs/3dva/2026-06-07_combined_gt_full/baseline_cone/cow/recenter_fovh2v_combined/cow_report.json,results/benchmark_runs/3dva/2026-06-07_combined_gt_full/_logs/raycast/cow.log,20000,15670,15670,78.35,16304,81.52,81.52,35,24733,510,0.23619117110388488,0.37099650981349264,9.593601701321845,0.0269935351773517,0.11092169801657843,0.08925607270393347,0.4029562331406606,0.5842137464496303,0.6483730921345812,0.7481675204763201,0.6315321834316027,1.0095487598214414,1.1995603261391932,2159.0882352941176,2.1401303336,0.9057130150002022,22401,24733,
dinosaur-40K,ok,,,results/benchmark_runs/3dva/2026-06-07_combined_gt_full/baseline_screen_space/dinosaur-40K/sigpx49p0_recenter_fovh2v_combined/dinosaur-40K_report.json,results/benchmark_runs/3dva/2026-06-07_combined_gt_full/_logs/screen_space/dinosaur-40K.log,20000,17736,17736,88.68,18274,91.37,91.37,36,22113,510,0.48922530655536883,0.7217051635492863,0.30428258772303296,0.02511674283318781,0.11796173792546154,0.44331864110473057,0.8210357061365468,0.8222393372275183,0.8213427961358893,0.8125902956304994,1.152051949005471,1.4116439513605554,1.5775741735952993,0.04091029245144545,2.2274441772,,,,19306,ok,,,results/benchmark_runs/3dva/2026-06-07_combined_gt_full/baseline_cone/dinosaur-40K/recenter_fovh2v_combined/dinosaur-40K_report.json,results/benchmark_runs/3dva/2026-06-07_combined_gt_full/_logs/cone/dinosaur-40K.log,20000,17736,17736,88.68,18274,91.37,91.37,36,22113,510,0.4052112851412534,0.6911329310100103,0.33073112865428606,0.032121158570932805,0.12892808697068497,0.3487588579914303,0.7676861510616295,0.7844011273816757,0.8071894316772378,0.8282340372125981,1.0509843147173843,1.3433200363973636,1.252030819291746,22302.679613464148,2.2274441772,0.8350291683625017,18465,22113,,ok,,,results/benchmark_runs/3dva/2026-06-07_combined_gt_full/baseline_cone/dinosaur-40K/recenter_fovh2v_combined/dinosaur-40K_report.json,results/benchmark_runs/3dva/2026-06-07_combined_gt_full/_logs/raycast/dinosaur-40K.log,20000,17736,17736,88.68,18274,91.37,91.37,36,22113,510,0.26580892936696354,0.4321534626918564,8.586599374359373,0.06157200085881758,0.18824889637341494,0.2585050003081482,0.4933733832183073,0.6830208658480735,0.7028050600490072,0.7009783266322385,0.6535240125638447,0.7824344155513485,0.5519963913759187,4481.75,2.2274441772,0.8350291683625017,18465,22113,
dragon,ok,,,results/benchmark_runs/3dva/2026-06-07_combined_gt_full/baseline_screen_space/dragon/sigpx49p0_recenter_fovh2v_combined/dragon_report.json,results/benchmark_runs/3dva/2026-06-07_combined_gt_full/_logs/screen_space/dragon.log,20000,12119,12119,60.59,13039,65.19,65.19,36,33718,510,0.6306971040127756,0.6947767401664141,0.36484821379497406,0.016614479924280563,0.09878949660440173,0.540565154994472,0.8180084434081403,0.8209227744072187,0.8752311695271267,0.9545917438028844,1.3979251477448544,2.056581326772637,3.754208141985844,0.024611306765112282,2.2390677379,,,,18918,ok,,,results/benchmark_runs/3dva/2026-06-07_combined_gt_full/baseline_cone/dragon/recenter_fovh2v_combined/dragon_report.json,results/benchmark_runs/3dva/2026-06-07_combined_gt_full/_logs/cone/dragon.log,20000,12119,12119,60.59,13039,65.19,65.19,36,33718,510,0.4092485157459757,0.6054747704691968,0.5969603189878854,0.022849541104682614,0.10740570257195568,0.31291259655248527,0.6939288624239285,0.6871816194018732,0.8258733181085852,0.8739266376021024,0.9595282033961396,1.4701092900331318,1.9406281056396488,13294.364022377378,2.2390677379,0.927041936057892,31258,33718,,ok,,,results/benchmark_runs/3dva/2026-06-07_combined_gt_full/baseline_cone/dragon/recenter_fovh2v_combined/dragon_report.json,results/benchmark_runs/3dva/2026-06-07_combined_gt_full/_logs/raycast/dragon.log,20000,12119,12119,60.59,13039,65.19,65.19,36,33718,510,0.14581171386272457,0.3801171701721439,8.694724301069977,0.026860075272001,0.10641847398659979,0.10731595740573846,0.42160130951915153,0.5026519300190035,0.5465289034961947,0.5923419880445762,0.24581145407881974,0.4087490178185909,0.8351654819771797,3429.406779661017,2.2390677379,0.927041936057892,31258,33718,
fandisk,ok,,,results/benchmark_runs/3dva/2026-06-07_combined_gt_full/baseline_screen_space/fandisk/sigpx49p0_recenter_fovh2v_combined/fandisk_report.json,results/benchmark_runs/3dva/2026-06-07_combined_gt_full/_logs/screen_space/fandisk.log,20000,11368,11368,56.84,11643,58.22,58.22,36,29793,510,0.46315181240992576,0.6226980544117406,3.4037578467746386,0.05431755459155677,0.188569339772088,0.320032265989538,0.7569631977769965,0.8316400518724293,0.8321674384846107,0.8605482810324039,1.202060791012102,1.2471158012588823,1.3333889944222708,0.011874061726349604,1.3257289124,,,,17131,ok,,,results/benchmark_runs/3dva/2026-06-07_combined_gt_full/baseline_cone/fandisk/recenter_fovh2v_combined/fandisk_report.json,results/benchmark_runs/3dva/2026-06-07_combined_gt_full/_logs/cone/fandisk.log,20000,11368,11368,56.84,11643,58.22,58.22,36,29793,510,0.14968551615447853,0.5409294395890802,1.7424657514002853,0.06670043186781663,0.19657380083651266,0.09562177324895904,0.6139607262902379,0.6677543055672749,0.6069364359070593,0.5581472434673893,0.4825943021059274,0.22143815231566744,0.010186187530917656,15878.342431866426,1.3257289124,0.9731816198435874,28994,29793,,ok,,,results/benchmark_runs/3dva/2026-06-07_combined_gt_full/baseline_cone/fandisk/recenter_fovh2v_combined/fandisk_report.json,results/benchmark_runs/3dva/2026-06-07_combined_gt_full/_logs/raycast/fandisk.log,20000,11368,11368,56.84,11643,58.22,58.22,36,29793,510,0.011343222453488932,0.3375165872939218,10.322080488415452,0.08627480036675983,0.21155985173670844,-0.03909092515394163,0.37766793241632657,0.5536987368588343,0.5055483267628001,0.46580417962510623,0.14696303058922158,-0.057806200501923186,-0.1910926953015835,3353.7999999999993,1.3257289124,0.9731816198435874,28994,29793,
flowerpot,ok,,,results/benchmark_runs/3dva/2026-06-07_combined_gt_full/baseline_screen_space/flowerpot/sigpx49p0_recenter_fovh2v_combined/flowerpot_report.json,results/benchmark_runs/3dva/2026-06-07_combined_gt_full/_logs/screen_space/flowerpot.log,20000,10018,10018,50.09,10386,51.93,51.93,36,25169,509,0.3367492949746105,0.6778130482341086,0.3904675967712936,0.04977574332521881,0.18625931859621464,0.4252612050753748,0.7246610358898822,0.6854334428972233,0.6874118963339518,0.613875256235692,0.6641746758093361,0.6689337751464891,0.37167368255639066,0.017271478884971853,2.2168826677,,,,19110,ok,,,results/benchmark_runs/3dva/2026-06-07_combined_gt_full/baseline_cone/flowerpot/recenter_fovh2v_combined/flowerpot_report.json,results/benchmark_runs/3dva/2026-06-07_combined_gt_full/_logs/cone/flowerpot.log,20000,10018,10018,50.09,10386,51.93,51.93,36,25169,509,0.29535433573564446,0.6633222761881645,0.4219662496299652,0.06873107632595496,0.2053514954480562,0.4251627833161223,0.698749754276845,0.6415004201705333,0.5975874799232797,0.6174962219262938,0.412563324473563,0.26999659694623296,0.38718957998239506,20966.933353570756,2.2168826677,0.9210139457268862,23181,25169,,ok,,,results/benchmark_runs/3dva/2026-06-07_combined_gt_full/baseline_cone/flowerpot/recenter_fovh2v_combined/flowerpot_report.json,results/benchmark_runs/3dva/2026-06-07_combined_gt_full/_logs/raycast/flowerpot.log,20000,10018,10018,50.09,10386,51.93,51.93,36,25169,509,0.11846044810655806,0.4152870526497428,8.403624415705712,0.01404354588424053,0.07798323697010129,0.1703343666306411,0.4343271582383267,0.5295074938220362,0.5474657526236181,0.6332332081456766,0.11526003658929769,0.17308914412480728,0.4122195572919888,3010.0,2.2168826677,0.9210139457268862,23181,25169,
gorgoile,ok,,,results/benchmark_runs/3dva/2026-06-07_combined_gt_full/baseline_screen_space/gorgoile/sigpx49p0_recenter_fovh2v_combined/gorgoile_report.json,results/benchmark_runs/3dva/2026-06-07_combined_gt_full/_logs/screen_space/gorgoile.log,20000,13990,13990,69.95,14617,73.08,73.08,36,29706,510,0.5822025010953779,0.6981337332306226,0.32141444694920274,0.024961317706417213,0.11797907074024648,0.5273201068026211,0.8077410013367432,0.8680087881987936,0.8740425505085085,0.9481822583905711,1.379499782069423,1.6622053277010482,2.558968383907673,0.02201240727441853,2.1782286397,,,,18917,ok,,,results/benchmark_runs/3dva/2026-06-07_combined_gt_full/baseline_cone/gorgoile/recenter_fovh2v_combined/gorgoile_report.json,results/benchmark_runs/3dva/2026-06-07_combined_gt_full/_logs/cone/gorgoile.log,20000,13990,13990,69.95,14617,73.08,73.08,36,29706,510,0.47415526109808365,0.6690987373307654,0.36501240764632226,0.018415673066819363,0.08974487265511036,0.510932347088594,0.7444368150851022,0.8267691696550806,0.8179761308272777,0.9076480073715734,1.1670685277108386,1.2721049404279365,1.4758621328453125,13813.973304311972,2.1782286397,0.9636100451087323,28625,29706,,ok,,,results/benchmark_runs/3dva/2026-06-07_combined_gt_full/baseline_cone/gorgoile/recenter_fovh2v_combined/gorgoile_report.json,results/benchmark_runs/3dva/2026-06-07_combined_gt_full/_logs/raycast/gorgoile.log,20000,13990,13990,69.95,14617,73.08,73.08,36,29706,510,0.20512085510905864,0.4208439448285047,7.467925940930926,0.03262339099736756,0.12076904575899196,0.24646008733951807,0.4541631839027329,0.6502959036761002,0.6249489934946141,0.6482255099690187,0.5676702462097465,0.5801862361275038,0.43499649594209233,2241.5135135135133,2.1782286397,0.9636100451087323,28625,29706,
hand-35K,ok,,,results/benchmark_runs/3dva/2026-06-07_combined_gt_full/baseline_screen_space/hand-35K/sigpx49p0_recenter_fovh2v_combined/hand-35K_report.json,results/benchmark_runs/3dva/2026-06-07_combined_gt_full/_logs/screen_space/hand-35K.log,20000,17091,17091,85.45,17403,87.02,87.02,35,22385,510,0.6972871112886891,0.7729680401158897,0.19830747063613874,0.029014634333931522,0.12575434512517525,0.7640416014039015,0.8683616348551049,0.8461351411872768,0.7950469992719128,0.6155635344455869,1.2868019089454779,1.153020039048089,0.16573720717827975,0.044564533268188655,2.1418045351,,,,20000,ok,,,results/benchmark_runs/3dva/2026-06-07_combined_gt_full/baseline_cone/hand-35K/recenter_fovh2v_combined/hand-35K_report.json,results/benchmark_runs/3dva/2026-06-07_combined_gt_full/_logs/cone/hand-35K.log,20000,17091,17091,85.45,17403,87.02,87.02,35,22385,510,0.6147178467225611,0.7358093175914315,0.23826134629092055,0.0437532871385154,0.15811136727420538,0.6664371995152183,0.8379550808623156,0.8100706143590061,0.7964339000339736,0.7068403595475804,1.0489425070355274,1.1591977319584172,0.743765735908179,39551.96849052836,2.1418045351,0.91364753182935,20452,22385,,ok,,,results/benchmark_runs/3dva/2026-06-07_combined_gt_full/baseline_cone/hand-35K/recenter_fovh2v_combined/hand-35K_report.json,results/benchmark_runs/3dva/2026-06-07_combined_gt_full/_logs/raycast/hand-35K.log,20000,17091,17091,85.45,17403,87.02,87.02,35,22385,510,0.22257873412509543,0.4639249194501982,7.360480468072705,0.06641719163048838,0.1801864788662202,0.24494784165076794,0.5327815706520057,0.6171687935788271,0.6341019594465647,0.5788523665793226,0.4064132067995831,0.5400378430819374,0.4337918506797715,5213.040000000001,2.1418045351,0.91364753182935,20452,22385,
horse-110k,ok,,,results/benchmark_runs/3dva/2026-06-07_combined_gt_full/baseline_screen_space/horse-110k/sigpx49p0_recenter_fovh2v_combined/horse-110k_report.json,results/benchmark_runs/3dva/2026-06-07_combined_gt_full/_logs/screen_space/horse-110k.log,20000,16313,16313,81.56,16938,84.69,84.69,35,22618,510,0.36875941130146245,0.6798381923494532,0.4867307523511044,0.03645613995862705,0.14637358625194627,0.2674884979398923,0.7743139843152809,0.6727315169504049,0.7333788267540055,0.9528241819151325,0.8144682576467586,1.2999161042901124,2.847866203875089,0.026794749268457357,2.2123475721,,,,19083,ok,,,results/benchmark_runs/3dva/2026-06-07_combined_gt_full/baseline_cone/horse-110k/recenter_fovh2v_combined/horse-110k_report.json,results/benchmark_runs/3dva/2026-06-07_combined_gt_full/_logs/cone/horse-110k.log,20000,16313,16313,81.56,16938,84.69,84.69,35,22618,510,0.4052706860175893,0.6436737760674562,0.49822470765002536,0.03435365037817184,0.1351704280755512,0.2332521366936179,0.7182353282576242,0.6657961426827269,0.7160324576638608,0.9554529636281993,1.0293126687500427,1.6270140200392191,3.916560361859635,12974.019953600855,2.2123475721,0.8461402422849058,19138,22618,,ok,,,results/benchmark_runs/3dva/2026-06-07_combined_gt_full/baseline_cone/horse-110k/recenter_fovh2v_combined/horse-110k_report.json,results/benchmark_runs/3dva/2026-06-07_combined_gt_full/_logs/raycast/horse-110k.log,20000,16313,16313,81.56,16938,84.69,84.69,35,22618,510,0.22431239608839387,0.3914509734273102,9.653598797339717,0.05902596956715013,0.18304784761064752,0.11241905862559182,0.47530360776511704,0.5873528501507319,0.6120942012434151,0.8342013499101931,0.578725255049524,0.8691213006172486,2.441096479805299,2679.911111111111,2.2123475721,0.8461402422849058,19138,22618,
house,ok,,,results/benchmark_runs/3dva/2026-06-07_combined_gt_full/baseline_screen_space/house/sigpx49p0_recenter_fovh2v_combined/house_report.json,results/benchmark_runs/3dva/2026-06-07_combined_gt_full/_logs/screen_space/house.log,55560,19766,19766,35.58,20465,36.83,36.83,36,30282,510,0.3593647253359056,0.6897008813455585,0.3917515974570732,0.04162536321560816,0.15371571190475186,0.4927492670028019,0.7621512684549375,0.6921359746468364,0.7005915685198165,0.726283076108155,0.5409048786846276,0.5944567368156777,0.76640339179097,0.02406169607334455,2.101263205,,,,47123,ok,,,results/benchmark_runs/3dva/2026-06-07_combined_gt_full/baseline_cone/house/recenter_fovh2v_combined/house_report.json,results/benchmark_runs/3dva/2026-06-07_combined_gt_full/_logs/cone/house.log,55560,19766,19766,35.58,20465,36.83,36.83,36,30282,510,0.41030139465374427,0.6771248478411708,0.35450618446031035,0.02797422447454027,0.11569195341006094,0.45507837199572976,0.7520307817760375,0.6946958628808938,0.7092742394054448,0.7578851756434641,0.7314824495142989,0.8788735592760175,1.502501819545382,24947.445354179967,2.101263205,0.9663826695726835,29264,30282,,ok,,,results/benchmark_runs/3dva/2026-06-07_combined_gt_full/baseline_cone/house/recenter_fovh2v_combined/house_report.json,results/benchmark_runs/3dva/2026-06-07_combined_gt_full/_logs/raycast/house.log,55560,19766,19766,35.58,20465,36.83,36.83,36,30282,510,0.17678468190524543,0.35842839271504723,10.183059904668475,0.052936007505830496,0.1658842971898004,0.13686869187329292,0.4309249321925104,0.5723609388300978,0.5843105572228152,0.6340278814436714,0.29873252500483416,0.37259630443851754,0.852471792439505,3338.511627906977,2.101263205,0.9663826695726835,29264,30282,
igea-100K,ok,,,results/benchmark_runs/3dva/2026-06-07_combined_gt_full/baseline_screen_space/igea-100K/sigpx49p0_recenter_fovh2v_combined/igea-100K_report.json,results/benchmark_runs/3dva/2026-06-07_combined_gt_full/_logs/screen_space/igea-100K.log,20000,15046,15046,75.23,16942,84.71,84.71,36,26742,510,0.6626833976897594,0.6663326970900889,0.4515461260853253,0.02026527851207418,0.1055362460063326,0.5588012067585851,0.8139083659535494,0.8860599106202622,0.921576451789135,0.9556343906510851,1.6665343890644495,2.0830251287012773,2.552037290359355,0.018357200745339444,2.0367888265999996,,,,18938,ok,,,results/benchmark_runs/3dva/2026-06-07_combined_gt_full/baseline_cone/igea-100K/recenter_fovh2v_combined/igea-100K_report.json,results/benchmark_runs/3dva/2026-06-07_combined_gt_full/_logs/cone/igea-100K.log,20000,15046,15046,75.23,16942,84.71,84.71,36,26742,510,0.6322570093939845,0.6389021649498632,0.5063858484813606,0.017903634407857583,0.09585701050113807,0.46056909865831386,0.7868813086685305,0.8836167780382543,0.9259377322733656,0.9565161122879869,1.6791085618850454,2.194006451384421,2.540951046307714,16069.940308406394,2.0367888265999996,0.961371625158926,25709,26742,,ok,,,results/benchmark_runs/3dva/2026-06-07_combined_gt_full/baseline_cone/igea-100K/recenter_fovh2v_combined/igea-100K_report.json,results/benchmark_runs/3dva/2026-06-07_combined_gt_full/_logs/raycast/igea-100K.log,20000,15046,15046,75.23,16942,84.71,84.71,36,26742,510,0.3739294497081582,0.4586637308047682,6.87654967313367,0.030471296903614744,0.11184770860221661,0.25763948748585214,0.5652781290227306,0.7302255504395372,0.7757979139653592,0.748077503121449,1.0218644865077136,1.3615239406195914,1.1243195393978034,4194.925,2.0367888265999996,0.961371625158926,25709,26742,
james,ok,,,results/benchmark_runs/3dva/2026-06-07_combined_gt_full/baseline_screen_space/james/sigpx49p0_recenter_fovh2v_combined/james_report.json,results/benchmark_runs/3dva/2026-06-07_combined_gt_full/_logs/screen_space/james.log,20000,7523,7523,37.62,7808,39.04,39.04,35,20368,510,0.6594426923009502,0.7680719522976109,0.22688085909307829,0.026315661447275502,0.11615148587638008,0.6107810394406911,0.8765645804118126,0.8489466365966867,0.8896497194700638,0.9326644185715152,1.4050416737245441,1.8932729915476216,2.2404467053882384,0.026386415878696345,1.9205746058,,,,19275,ok,,,results/benchmark_runs/3dva/2026-06-07_combined_gt_full/baseline_cone/james/recenter_fovh2v_combined/james_report.json,results/benchmark_runs/3dva/2026-06-07_combined_gt_full/_logs/cone/james.log,20000,7523,7523,37.62,7808,39.04,39.04,35,20368,510,0.6726955195296649,0.7545427109589128,0.2190706158982282,0.029707295572179018,0.1208828589717247,0.5872581196002217,0.864167841181204,0.8588815191887448,0.9155841267400149,0.9708544672292909,1.7143427550534664,2.503202553014442,3.4846753117837603,10913.538189268824,1.9205746058,0.8838373919874313,18002,20368,,ok,,,results/benchmark_runs/3dva/2026-06-07_combined_gt_full/baseline_cone/james/recenter_fovh2v_combined/james_report.json,results/benchmark_runs/3dva/2026-06-07_combined_gt_full/_logs/raycast/james.log,20000,7523,7523,37.62,7808,39.04,39.04,35,20368,510,0.24027233340569726,0.4667728162417857,7.375108964511406,0.07983126879183465,0.20870923797245805,0.10265298437047736,0.5576790527229225,0.5864543510334294,0.6853038933506941,0.6280218673383657,0.6481361816368167,1.1214891937919618,0.7520663962272136,3193.1666666666665,1.9205746058,0.8838373919874313,18002,20368,
jessi,ok,,,results/benchmark_runs/3dva/2026-06-07_combined_gt_full/baseline_screen_space/jessi/sigpx49p0_recenter_fovh2v_combined/jessi_report.json,results/benchmark_runs/3dva/2026-06-07_combined_gt_full/_logs/screen_space/jessi.log,25645,11051,11051,43.09,14438,56.3,56.3,35,1922,41,0.41536047930984915,0.3986853188664187,5.6363520354151255,0.019097205785621747,0.07292589540507219,0.3489277517767764,0.5064571668950012,0.7632011972711035,0.8501257503823102,0.9444731807467847,0.9735739547880262,1.5303809714472565,2.4264139150004738,0.013731342221428085,2.0829877751,,,,13251,ok,,,results/benchmark_runs/3dva/2026-06-07_combined_gt_full/baseline_cone/jessi/recenter_fovh2v_combined/jessi_report.json,results/benchmark_runs/3dva/2026-06-07_combined_gt_full/_logs/cone/jessi.log,25645,11051,11051,43.09,14438,56.3,56.3,35,1922,41,0.4524675192638515,0.3329421907153103,6.911620102645712,0.01542453759401061,0.06737812724703152,0.24852695738985384,0.491237475023232,0.777662884681061,0.8545103015747224,0.9478276079199609,1.173377064843999,1.8134352373846678,2.772073053945082,1555.96863493556,2.0829877751,0.985952133194589,1895,1922,,ok,,,results/benchmark_runs/3dva/2026-06-07_combined_gt_full/baseline_cone/jessi/recenter_fovh2v_combined/jessi_report.json,results/benchmark_runs/3dva/2026-06-07_combined_gt_full/_logs/raycast/jessi.log,25645,11051,11051,43.09,14438,56.3,56.3,35,1922,41,0.3078911491039448,0.1458385209418216,15.797830514446957,0.018259251031083303,0.07198935710236071,0.21095373676898158,0.32711927722646117,0.5910936093666925,0.640455744913234,0.7296583569965523,0.7473210416783787,1.3067748738423917,2.2492173132397784,471.42307692307696,2.0829877751,0.985952133194589,1895,1922,
meca-15k,ok,,,results/benchmark_runs/3dva/2026-06-07_combined_gt_full/baseline_screen_space/meca-15k/sigpx49p0_recenter_fovh2v_combined/meca-15k_report.json,results/benchmark_runs/3dva/2026-06-07_combined_gt_full/_logs/screen_space/meca-15k.log,15000,13447,13447,89.65,13818,92.12,92.12,35,27756,510,0.10602427582055024,0.5412098069818825,4.639889965218182,0.09839935618250237,0.2482050893996894,0.16736281426373487,0.6200780025730063,0.45097984168086763,0.3937051229572129,0.29237880256508286,-0.18111194216250184,-0.3978287596924731,-0.757996349255886,0.025860897048269018,2.0629830722,,,,11198,ok,,,results/benchmark_runs/3dva/2026-06-07_combined_gt_full/baseline_cone/meca-15k/recenter_fovh2v_combined/meca-15k_report.json,results/benchmark_runs/3dva/2026-06-07_combined_gt_full/_logs/cone/meca-15k.log,15000,13447,13447,89.65,13818,92.12,92.12,35,27756,510,0.2186260317928496,0.6336255651022139,0.7510163923361417,0.057069893028192924,0.17502616354307365,0.31434954731785836,0.6957031167830996,0.5028025400324626,0.4067419621096674,0.2558795422905772,-0.006414475008707167,-0.24394456306841747,-0.6966620937186071,21024.71570158593,2.0629830722,0.9682951433924196,26876,27756,,ok,,,results/benchmark_runs/3dva/2026-06-07_combined_gt_full/baseline_cone/meca-15k/recenter_fovh2v_combined/meca-15k_report.json,results/benchmark_runs/3dva/2026-06-07_combined_gt_full/_logs/raycast/meca-15k.log,15000,13447,13447,89.65,13818,92.12,92.12,35,27756,510,0.12286072568457918,0.4434799189228555,7.75062820160629,0.0837179880057429,0.2162055443902191,0.21602398407438525,0.48614420494696187,0.5041299150638243,0.437262788541243,0.3574762238604467,-0.03459622583704734,-0.2007556915645565,-0.4020260569857001,5050.088235294117,2.0629830722,0.9682951433924196,26876,27756,
michael3,ok,,,results/benchmark_runs/3dva/2026-06-07_combined_gt_full/baseline_screen_space/michael3/sigpx49p0_recenter_fovh2v_combined/michael3_report.json,results/benchmark_runs/3dva/2026-06-07_combined_gt_full/_logs/screen_space/michael3.log,20000,13630,13630,68.15,14196,70.98,70.98,35,21211,510,0.6371904682517884,0.7731691157245526,0.20972464903836993,0.02691961998316713,0.129119518253565,0.6593592636459409,0.8804343753663229,0.8252055460502526,0.8130328687235381,0.7520589597067249,1.1036488887322629,1.1220474564187082,0.7668664255607867,0.04468391469186699,1.9340201984999998,,,,19569,ok,,,results/benchmark_runs/3dva/2026-06-07_combined_gt_full/baseline_cone/michael3/recenter_fovh2v_combined/michael3_report.json,results/benchmark_runs/3dva/2026-06-07_combined_gt_full/_logs/cone/michael3.log,20000,13630,13630,68.15,14196,70.98,70.98,35,21211,510,0.7356240151287833,0.7899816617090432,0.18970075536069433,0.023685901728504564,0.11000067243469723,0.6561365725273761,0.8965123224105277,0.9205328598075616,0.9227132780369001,0.8862874486136972,1.7981216622290144,2.067216778223354,1.9430103431571915,23401.43080011166,1.9340201984999998,0.8246664466550375,17492,21211,,ok,,,results/benchmark_runs/3dva/2026-06-07_combined_gt_full/baseline_cone/michael3/recenter_fovh2v_combined/michael3_report.json,results/benchmark_runs/3dva/2026-06-07_combined_gt_full/_logs/raycast/michael3.log,20000,13630,13630,68.15,14196,70.98,70.98,35,21211,510,0.22414221817543295,0.42938018814499435,8.956583867668893,0.09258341963851371,0.23192589283655102,0.25667350476593953,0.5117005556767384,0.54292051227213,0.551505891346895,0.6466233361460925,0.27796970967807866,0.2813996633151157,0.5740890403422705,3758.0,1.9340201984999998,0.8246664466550375,17492,21211,
michael8,ok,,,results/benchmark_runs/3dva/2026-06-07_combined_gt_full/baseline_screen_space/michael8/sigpx49p0_recenter_fovh2v_combined/michael8_report.json,results/benchmark_runs/3dva/2026-06-07_combined_gt_full/_logs/screen_space/michael8.log,20000,13612,13612,68.06,14371,71.86,71.86,35,25696,510,0.4418203405920188,0.667683869199071,0.6452333305727509,0.027554476956183318,0.12134503408712795,0.4581296828372039,0.7544979717207816,0.7770128694726764,0.7560923279924139,0.5603959704942871,1.0237672501877855,1.0741763779942741,-0.04396071371990537,0.03521566395655961,2.0863469291,,,,19015,ok,,,results/benchmark_runs/3dva/2026-06-07_combined_gt_full/baseline_cone/michael8/recenter_fovh2v_combined/michael8_report.json,results/benchmark_runs/3dva/2026-06-07_combined_gt_full/_logs/cone/michael8.log,20000,13612,13612,68.06,14371,71.86,71.86,35,25696,510,0.5470864119166532,0.6377987590109389,0.4702800970985321,0.027022791497790452,0.10836554090400037,0.42856835879631205,0.7417386382312123,0.8161489615840793,0.8127505911904372,0.6441449356856681,1.5502632921852264,1.8222387992933302,0.28944990958951267,13921.890866242713,2.0863469291,0.8371341843088418,21511,25696,,ok,,,results/benchmark_runs/3dva/2026-06-07_combined_gt_full/baseline_cone/michael8/recenter_fovh2v_combined/michael8_report.json,results/benchmark_runs/3dva/2026-06-07_combined_gt_full/_logs/raycast/michael8.log,20000,13612,13612,68.06,14371,71.86,71.86,35,25696,510,0.16266785711346748,0.37304421716505154,9.29910978847479,0.040475914330352254,0.13721906383931015,0.09674528436710199,0.42943436013736974,0.5875955644728095,0.5985408405316008,0.6028726677756692,0.44177796793567103,0.5714859482602038,0.43135527843389143,3355.8,2.0863469291,0.8371341843088418,21511,25696,
octopus,ok,,,results/benchmark_runs/3dva/2026-06-07_combined_gt_full/baseline_screen_space/octopus/sigpx49p0_recenter_fovh2v_combined/octopus_report.json,results/benchmark_runs/3dva/2026-06-07_combined_gt_full/_logs/screen_space/octopus.log,20000,14676,14676,73.38,15611,78.06,78.06,36,26173,510,0.5787145027537337,0.6421284032638095,0.4198383483180889,0.021977958987613545,0.10950302478699633,0.5530420974943079,0.7419231481085686,0.8788132381734353,0.8951613808394412,0.9041208385848613,1.4983024781400678,1.6716554795572776,1.7662529220395575,0.03069033788294357,2.1101037156,,,,19191,ok,,,results/benchmark_runs/3dva/2026-06-07_combined_gt_full/baseline_cone/octopus/recenter_fovh2v_combined/octopus_report.json,results/benchmark_runs/3dva/2026-06-07_combined_gt_full/_logs/cone/octopus.log,20000,14676,14676,73.38,15611,78.06,78.06,36,26173,510,0.5715148590383915,0.6352724545263277,0.4853429103520476,0.026849133569902418,0.09849354379692526,0.5284160343575006,0.724708658389454,0.8931584706864186,0.9142516164849082,0.9136869311760647,1.5773332277772787,1.742792758103978,1.587024663334414,16435.566889506106,2.1101037156,0.6698888167195202,17533,26173,,ok,,,results/benchmark_runs/3dva/2026-06-07_combined_gt_full/baseline_cone/octopus/recenter_fovh2v_combined/octopus_report.json,results/benchmark_runs/3dva/2026-06-07_combined_gt_full/_logs/raycast/octopus.log,20000,14676,14676,73.38,15611,78.06,78.06,36,26173,510,0.22079399382750203,0.354084943416724,9.427949648938851,0.028038427103552418,0.09445487372595761,0.2931192063193537,0.4010813102015261,0.6325144325207483,0.6407406000398886,0.671023477111856,0.5102541150931983,0.5412867595594857,0.5407889487966389,3948.25,2.1101037156,0.6698888167195202,17533,26173,
prot,ok,,,results/benchmark_runs/3dva/2026-06-07_combined_gt_full/baseline_screen_space/prot/sigpx49p0_recenter_fovh2v_combined/prot_report.json,results/benchmark_runs/3dva/2026-06-07_combined_gt_full/_logs/screen_space/prot.log,20000,9535,9535,47.67,10246,51.23,51.23,36,29226,510,-0.001127755880503505,0.6016151071945608,1.2315524169222412,0.06848663008258175,0.20906976654448148,0.023825980964694005,0.6594792438811105,0.46823729503968936,0.46076990540211166,0.2907572202934924,-0.08782801818183086,-0.11834204213900533,-0.7058948860497151,0.011557198297295988,2.3732574084999998,,,,19278,ok,,,results/benchmark_runs/3dva/2026-06-07_combined_gt_full/baseline_cone/prot/recenter_fovh2v_combined/prot_report.json,results/benchmark_runs/3dva/2026-06-07_combined_gt_full/_logs/cone/prot.log,20000,9535,9535,47.67,10246,51.23,51.23,36,29226,510,-0.22619495700487827,0.5057246897364662,1.0283946208596833,0.0703114621639001,0.20134447011483222,-0.1973941608365103,0.5033191523412851,0.3691021290215071,0.36652851405429454,0.29305446675645075,-0.4241249036765046,-0.444254120147548,-0.6761713790192208,15707.50734945363,2.3732574084999998,0.9747485115992609,28488,29226,,ok,,,results/benchmark_runs/3dva/2026-06-07_combined_gt_full/baseline_cone/prot/recenter_fovh2v_combined/prot_report.json,results/benchmark_runs/3dva/2026-06-07_combined_gt_full/_logs/raycast/prot.log,20000,9535,9535,47.67,10246,51.23,51.23,36,29226,510,-0.16882022903443197,0.29133403504331623,11.677988007456587,0.058295963907195394,0.18163628505842494,-0.17684783642889004,0.27293110433679696,0.40495554950127094,0.3997035667127108,0.34529528710316265,-0.28937812344349967,-0.30257850931035957,-0.4332335595157185,2427.463414634147,2.3732574084999998,0.9747485115992609,28488,29226,
rockerArm,ok,,,results/benchmark_runs/3dva/2026-06-07_combined_gt_full/baseline_screen_space/rockerArm/sigpx49p0_recenter_fovh2v_combined/rockerArm_report.json,results/benchmark_runs/3dva/2026-06-07_combined_gt_full/_logs/screen_space/rockerArm.log,20000,11332,11332,56.66,11731,58.66,58.66,36,24178,510,-0.009797259292019354,0.5942727860011773,1.793900602623522,0.11635685218565152,0.30257800921702666,0.17509641396953196,0.5350489379718846,0.44500371069100175,0.36025910154324803,0.2455696932280743,-0.1898733497556997,-0.42513240245732675,-0.697912764429777,0.02427041105121975,2.1782232367,,,,19291,ok,,,results/benchmark_runs/3dva/2026-06-07_combined_gt_full/baseline_cone/rockerArm/recenter_fovh2v_combined/rockerArm_report.json,results/benchmark_runs/3dva/2026-06-07_combined_gt_full/_logs/cone/rockerArm.log,20000,11332,11332,56.66,11731,58.66,58.66,36,24178,510,-0.04000468175738924,0.5815483238843023,0.7719215783416644,0.054716064918076984,0.20006401751786615,0.0006455843246523298,0.5182055011238055,0.49751341746814853,0.41654671507941265,0.3464921690624329,0.0014272282177218581,-0.23838402477862689,-0.4814719318617905,19555.80075299146,2.1782232367,0.9306394242699976,22501,24178,,ok,,,results/benchmark_runs/3dva/2026-06-07_combined_gt_full/baseline_cone/rockerArm/recenter_fovh2v_combined/rockerArm_report.json,results/benchmark_runs/3dva/2026-06-07_combined_gt_full/_logs/raycast/rockerArm.log,20000,11332,11332,56.66,11731,58.66,58.66,36,24178,510,-0.04984586544670354,0.3280772257897926,11.619127588507162,0.008870437694603042,0.05817756621935469,-0.045138978666707186,0.2805180908995322,0.4716110353481441,0.41547120183541214,0.33671134190642565,-0.02030203434076452,-0.19794902544334148,-0.3801408708114144,2954.8076923076924,2.1782232367,0.9306394242699976,22501,24178,
torso,ok,,,results/benchmark_runs/3dva/2026-06-07_combined_gt_full/baseline_screen_space/torso/sigpx49p0_recenter_fovh2v_combined/torso_report.json,results/benchmark_runs/3dva/2026-06-07_combined_gt_full/_logs/screen_space/torso.log,20000,12973,12973,64.86,13355,66.78,66.78,37,29837,510,0.6829700233853524,0.6974076609288407,0.2994492525457376,0.053766070732673456,0.19652195513322385,0.5625098228277772,0.8264184487802392,0.9300368603005321,0.9246411409859402,0.9246461136568124,1.7253964932030037,1.8639759889734653,1.9063915878143476,0.03656593995113756,1.9402283656,,,,17689,ok,,,results/benchmark_runs/3dva/2026-06-07_combined_gt_full/baseline_cone/torso/recenter_fovh2v_combined/torso_report.json,results/benchmark_runs/3dva/2026-06-07_combined_gt_full/_logs/cone/torso.log,20000,12973,12973,64.86,13355,66.78,66.78,37,29837,510,0.6849420511981942,0.7048314600502842,0.29682653817925464,0.01856931323159044,0.09281220626370475,0.46190991660605174,0.8305194186414305,0.9404244489637915,0.9456701399754286,0.9416972320155518,1.8972464139024958,2.1307021807307716,1.9841275637908355,16364.864202194694,1.9402283656,0.9325669470791299,27825,29837,,ok,,,results/benchmark_runs/3dva/2026-06-07_combined_gt_full/baseline_cone/torso/recenter_fovh2v_combined/torso_report.json,results/benchmark_runs/3dva/2026-06-07_combined_gt_full/_logs/raycast/torso.log,20000,12973,12973,64.86,13355,66.78,66.78,37,29837,510,0.21803317313751555,0.4614199984910444,6.346484801999445,0.02956234575926005,0.11090635544948851,0.17027363639674914,0.5101549136646072,0.6435503130522382,0.6164902991368881,0.5564174814604084,0.6504620372667529,0.5021224107668425,0.24751414667027147,5352.433333333333,1.9402283656,0.9325669470791299,27825,29837,
turbine,ok,,,results/benchmark_runs/3dva/2026-06-07_combined_gt_full/baseline_screen_space/turbine/sigpx49p0_recenter_fovh2v_combined/turbine_report.json,results/benchmark_runs/3dva/2026-06-07_combined_gt_full/_logs/screen_space/turbine.log,20000,10140,10140,50.7,11223,56.12,56.12,36,24535,510,0.31589331988717506,0.6455875359142017,0.4826107641243487,0.05886727129588493,0.20122489455559195,0.48728066404597736,0.7035582647399736,0.6585634306974777,0.6109041969916625,0.6572130664393873,0.38216447889945987,0.27188602927354016,0.4440108219231883,0.02097189387270364,2.3099765155,,,,18135,ok,,,results/benchmark_runs/3dva/2026-06-07_combined_gt_full/baseline_cone/turbine/recenter_fovh2v_combined/turbine_report.json,results/benchmark_runs/3dva/2026-06-07_combined_gt_full/_logs/cone/turbine.log,20000,10140,10140,50.7,11223,56.12,56.12,36,24535,510,0.20747645915705906,0.6025249052708018,0.5287911525533957,0.07986186353344113,0.23345242864364152,0.30142436363207514,0.6657258108763568,0.5633197411459757,0.5761690513298713,0.709914929546052,0.19059490781311783,0.21967883124125753,0.6006679152286082,25393.83746410025,2.3099765155,0.9570409618911758,23481,24535,,ok,,,results/benchmark_runs/3dva/2026-06-07_combined_gt_full/baseline_cone/turbine/recenter_fovh2v_combined/turbine_report.json,results/benchmark_runs/3dva/2026-06-07_combined_gt_full/_logs/raycast/turbine.log,20000,10140,10140,50.7,11223,56.12,56.12,36,24535,510,-0.009856498887738093,0.40115540817508344,8.589831942658797,0.03056300128398791,0.11619523644589515,0.06677926874918824,0.38788296093399166,0.42863872406831066,0.40748624463863864,0.35709438200457216,-0.18386420068861248,-0.26493474213130946,-0.4240550552191262,5530.700000000001,2.3099765155,0.9570409618911758,23481,24535,
vase-15k,ok,,,results/benchmark_runs/3dva/2026-06-07_combined_gt_full/baseline_screen_space/vase-15k/sigpx49p0_recenter_fovh2v_combined/vase-15k_report.json,results/benchmark_runs/3dva/2026-06-07_combined_gt_full/_logs/screen_space/vase-15k.log,20000,15661,15661,78.31,16261,81.31,81.31,35,21669,510,0.5012239623531829,0.668436922216366,0.3742316676566509,0.037705973220412935,0.1454822004732459,0.5096111151621154,0.7799684507965657,0.7551680802610115,0.7515705203605767,0.8322614858226491,0.8312273040448974,0.8199368986291107,1.08246500384583,0.033176550649799366,2.1133535087,,,,19266,ok,,,results/benchmark_runs/3dva/2026-06-07_combined_gt_full/baseline_cone/vase-15k/recenter_fovh2v_combined/vase-15k_report.json,results/benchmark_runs/3dva/2026-06-07_combined_gt_full/_logs/cone/vase-15k.log,20000,15661,15661,78.31,16261,81.31,81.31,35,21669,510,0.46519680595691815,0.6624393812941354,0.41330641164252213,0.0393321092849216,0.1370152216516353,0.5111863731001501,0.7595821984865374,0.7150389184694961,0.6898498456082452,0.796681674437323,0.6783085757080987,0.49458396440711955,0.6768926507192523,19803.06122176018,2.1133535087,0.8276800959896626,17935,21669,,ok,,,results/benchmark_runs/3dva/2026-06-07_combined_gt_full/baseline_cone/vase-15k/recenter_fovh2v_combined/vase-15k_report.json,results/benchmark_runs/3dva/2026-06-07_combined_gt_full/_logs/raycast/vase-15k.log,20000,15661,15661,78.31,16261,81.31,81.31,35,21669,510,0.2509872339826492,0.4407872141613598,7.997596611648076,0.07272936998563387,0.18553899192501988,0.26610295254780203,0.5140623292088382,0.6260455587551164,0.6268426126651025,0.7021445334443099,0.3735733729666467,0.36259677524192585,0.6660517484109586,4760.0,2.1133535087,0.8276800959896626,17935,21669,
