texture_type,model,screen_space_status,screen_space_error_type,screen_space_error_message,screen_space_report_path,screen_space_stdout_log_path,screen_space_gt_file,screen_space_n_faces,screen_space_num_rows,screen_space_num_participants,screen_space_num_points,screen_space_num_frames_with_points,screen_space_projection_fov_mode,screen_space_projection_fov_source,screen_space_input_fov_deg,screen_space_effective_vertical_fov_deg,screen_space_CC,screen_space_SIM,screen_space_KLD,screen_space_MSE,screen_space_MAE,screen_space_Spearman,screen_space_Cosine,screen_space_AUC_Judd_gt_top_10pct_proxy,screen_space_AUC_Judd_gt_top_5pct_proxy,screen_space_AUC_Judd_gt_top_1pct_proxy,screen_space_NSS_gt_top_10pct_proxy,screen_space_NSS_gt_top_5pct_proxy,screen_space_NSS_gt_top_1pct_proxy,screen_space_PredictionSum,screen_space_GroundTruthSum,screen_space_nonzero_faces,screen_space_culled_back_faces,screen_space_hit_rate,screen_space_successful_hits,screen_space_total_gaze_points,screen_space_cone_nonzero_faces,cone_status,cone_error_type,cone_error_message,cone_report_path,cone_stdout_log_path,cone_gt_file,cone_n_faces,cone_num_rows,cone_num_participants,cone_num_points,cone_num_frames_with_points,cone_projection_fov_mode,cone_projection_fov_source,cone_input_fov_deg,cone_effective_vertical_fov_deg,cone_CC,cone_SIM,cone_KLD,cone_MSE,cone_MAE,cone_Spearman,cone_Cosine,cone_AUC_Judd_gt_top_10pct_proxy,cone_AUC_Judd_gt_top_5pct_proxy,cone_AUC_Judd_gt_top_1pct_proxy,cone_NSS_gt_top_10pct_proxy,cone_NSS_gt_top_5pct_proxy,cone_NSS_gt_top_1pct_proxy,cone_PredictionSum,cone_GroundTruthSum,cone_nonzero_faces,cone_culled_back_faces,cone_hit_rate,cone_successful_hits,cone_total_gaze_points,cone_cone_nonzero_faces
rgb_texture,Apple_Red_v1_L3,,,,,,,,,,,,,,,,,,,,,,,,,,,,,,,,,,,,,ok,,,/home/29d_kon@lab.graphicon.ru/ssd1_link/projects/REPROJECTING/outputs_batch_20260601/MeshMamba_reference_rgb_cone/rgb_texture/baseline_cone/Apple_Red_v1_L3/recenter_rotx90p0_horizontaltovertical_blender_rig/Apple_Red_v1_L3_report.json,/home/29d_kon@lab.graphicon.ru/ssd1_link/projects/REPROJECTING/outputs_batch_20260601/MeshMamba_reference_rgb_cone/_logs/rgb_texture/cone/Apple_Red_v1_L3.log,Apple_v01_l3.csv,32868,36,36,22635,510,horizontal_to_vertical,json_camera_static.fov_degrees,60.000001669652114,35.98339890412515,0.8594726738110615,0.7230819216827692,0.6261633248371279,0.02472619718661388,0.10278599498161826,0.607754323498927,0.8900972208407708,0.9647239268062642,0.9093670556774284,0.9286688566658985,2.031374490468853,1.7277175410429921,2.169041914622093,5290310.921789111,4181.260346,,,0.9208305721228186,20843,22635,28889
rgb_texture,Aquarium_Deep_Sea_Diver_v1_L1,,,,,,,,,,,,,,,,,,,,,,,,,,,,,,,,,,,,,ok,,,/home/29d_kon@lab.graphicon.ru/ssd1_link/projects/REPROJECTING/outputs_batch_20260601/MeshMamba_reference_rgb_cone/rgb_texture/baseline_cone/Aquarium_Deep_Sea_Diver_v1_L1/recenter_rotx90p0_horizontaltovertical_blender_rig/Aquarium_Deep_Sea_Diver_v1_L1_report.json,/home/29d_kon@lab.graphicon.ru/ssd1_link/projects/REPROJECTING/outputs_batch_20260601/MeshMamba_reference_rgb_cone/_logs/rgb_texture/cone/Aquarium_Deep_Sea_Diver_v1_L1.log,Aquarium_Deep_Sea_Diver_v1_L1.csv,32868,563,528,366588,510,horizontal_to_vertical,json_camera_static.fov_degrees,60.000001669652114,35.98339890412515,0.02896510524370413,0.6288539854839965,0.5896195696239288,0.04209918240070627,0.1516159767004401,0.0901856895539228,0.65735829772237,0.4703962287520273,0.45370608687060243,0.43795759327759226,-0.11260712148255225,-0.19379455368415055,-0.2848870554838055,92480974.78435166,7268.490005,,,0.9390351020764455,344239,366588,32868
rgb_texture,Aquarium_Skull_v1_L1,,,,,,,,,,,,,,,,,,,,,,,,,,,,,,,,,,,,,ok,,,/home/29d_kon@lab.graphicon.ru/ssd1_link/projects/REPROJECTING/outputs_batch_20260601/MeshMamba_reference_rgb_cone/rgb_texture/baseline_cone/Aquarium_Skull_v1_L1/recenter_rotx90p0_horizontaltovertical_blender_rig/Aquarium_Skull_v1_L1_report.json,/home/29d_kon@lab.graphicon.ru/ssd1_link/projects/REPROJECTING/outputs_batch_20260601/MeshMamba_reference_rgb_cone/_logs/rgb_texture/cone/Aquarium_Skull_v1_L1.log,Aquarium_Skull_v1_L1.csv,32868,35,35,27321,510,horizontal_to_vertical,json_camera_static.fov_degrees,60.000001669652114,35.98339890412515,0.24795497295072183,0.5577223526334685,1.1755882718634336,0.04512335148575174,0.14488279882879018,0.41102051902963466,0.6091950417901274,0.6640270227066608,0.662332705579899,0.6164165311656408,0.3087842642202118,0.23927545557236574,0.05587187305247932,3451696.6839979663,3553.773486,,,0.9837853665678415,26878,27321,30890
rgb_texture,BastetCat_v2_L2,,,,,,,,,,,,,,,,,,,,,,,,,,,,,,,,,,,,,ok,,,/home/29d_kon@lab.graphicon.ru/ssd1_link/projects/REPROJECTING/outputs_batch_20260601/MeshMamba_reference_rgb_cone/rgb_texture/baseline_cone/BastetCat_v2_L2/recenter_rotx90p0_horizontaltovertical_blender_rig/BastetCat_v2_L2_report.json,/home/29d_kon@lab.graphicon.ru/ssd1_link/projects/REPROJECTING/outputs_batch_20260601/MeshMamba_reference_rgb_cone/_logs/rgb_texture/cone/BastetCat_v2_L2.log,Bastet_Cat_v2_l2.csv,32868,35,35,25203,510,horizontal_to_vertical,json_camera_static.fov_degrees,60.000001669652114,35.98339890412515,0.6246121611100484,0.6847802552385782,0.3809613832284894,0.03276704352636781,0.12445041692155225,0.6308594387690295,0.7969201300988349,0.8994156516014096,0.8830252463480273,0.8377646613635767,1.3638952302287914,1.3347065558836864,1.0630595239116416,9555010.416735185,7021.170288,,,0.902194183232155,22738,25203,32868
rgb_texture,Beauceron_v1_L3,,,,,,,,,,,,,,,,,,,,,,,,,,,,,,,,,,,,,ok,,,/home/29d_kon@lab.graphicon.ru/ssd1_link/projects/REPROJECTING/outputs_batch_20260601/MeshMamba_reference_rgb_cone/rgb_texture/baseline_cone/Beauceron_v1_L3/recenter_rotx90p0_horizontaltovertical_blender_rig/Beauceron_v1_L3_report.json,/home/29d_kon@lab.graphicon.ru/ssd1_link/projects/REPROJECTING/outputs_batch_20260601/MeshMamba_reference_rgb_cone/_logs/rgb_texture/cone/Beauceron_v1_L3.log,Beauceron_v1_L3.csv,32868,37,37,26058,510,horizontal_to_vertical,json_camera_static.fov_degrees,60.000001669652114,35.98339890412515,0.49141460394529524,0.5343261391672297,0.9296638955832837,0.060436431030438685,0.1597194515895553,0.1945535222001578,0.6731177086025687,0.5938807529525006,0.5342000359384166,0.3066416162190595,1.2528759996640786,1.1401994558227464,-0.20318839924837362,8280898.129609831,7157.521755,,,0.8624606646711183,22474,26058,32868
rgb_texture,BellPepper_v1_L3,,,,,,,,,,,,,,,,,,,,,,,,,,,,,,,,,,,,,ok,,,/home/29d_kon@lab.graphicon.ru/ssd1_link/projects/REPROJECTING/outputs_batch_20260601/MeshMamba_reference_rgb_cone/rgb_texture/baseline_cone/BellPepper_v1_L3/recenter_rotx90p0_horizontaltovertical_blender_rig/BellPepper_v1_L3_report.json,/home/29d_kon@lab.graphicon.ru/ssd1_link/projects/REPROJECTING/outputs_batch_20260601/MeshMamba_reference_rgb_cone/_logs/rgb_texture/cone/BellPepper_v1_L3.log,BellPepper_v01_L3.csv,32868,35,35,26436,510,horizontal_to_vertical,json_camera_static.fov_degrees,60.000001669652114,35.98339890412515,0.22926481748027933,0.486095924084057,2.2403645080481045,0.030255189590641447,0.12131122238831317,0.012315008906065239,0.5591723796745156,0.5386470825513138,0.6189906595961806,0.8897112569429193,0.4080305193052253,0.6809781247718159,1.367601108140443,3001628.9735443527,3125.621448,,,0.9612649417461038,25412,26436,31453
rgb_texture,Bird_Toucan_V3_L2,,,,,,,,,,,,,,,,,,,,,,,,,,,,,,,,,,,,,ok,,,/home/29d_kon@lab.graphicon.ru/ssd1_link/projects/REPROJECTING/outputs_batch_20260601/MeshMamba_reference_rgb_cone/rgb_texture/baseline_cone/Bird_Toucan_V3_L2/recenter_rotx90p0_horizontaltovertical_blender_rig/Bird_Toucan_V3_L2_report.json,/home/29d_kon@lab.graphicon.ru/ssd1_link/projects/REPROJECTING/outputs_batch_20260601/MeshMamba_reference_rgb_cone/_logs/rgb_texture/cone/Bird_Toucan_V3_L2.log,Bird_Toucan_v3_l2.csv,32868,35,35,22723,510,horizontal_to_vertical,json_camera_static.fov_degrees,60.000001669652114,35.98339890412515,0.04388349621538956,0.5549368947237519,0.7477264947924702,0.0946569349644378,0.21380222855830877,0.08912688354490104,0.5876128101369561,0.23867540222842826,0.16352684752448832,0.043210620951374595,-0.6340888010945058,-0.747971910290256,-0.9542773520382414,7692294.131481587,9594.299801,,,0.8686353034370462,19738,22723,32868
rgb_texture,Bird_v1_L3,,,,,,,,,,,,,,,,,,,,,,,,,,,,,,,,,,,,,ok,,,/home/29d_kon@lab.graphicon.ru/ssd1_link/projects/REPROJECTING/outputs_batch_20260601/MeshMamba_reference_rgb_cone/rgb_texture/baseline_cone/Bird_v1_L3/recenter_rotx90p0_horizontaltovertical_blender_rig/Bird_v1_L3_report.json,/home/29d_kon@lab.graphicon.ru/ssd1_link/projects/REPROJECTING/outputs_batch_20260601/MeshMamba_reference_rgb_cone/_logs/rgb_texture/cone/Bird_v1_L3.log,Chick.csv,32868,35,35,24235,510,horizontal_to_vertical,json_camera_static.fov_degrees,60.000001669652114,35.98339890412515,0.18708340538565738,0.47384498764118177,1.1574329833496326,0.07889648630653928,0.20048750363533452,0.22347640760735682,0.5258465994434964,0.5714354856188523,0.47533142708553466,0.4446177329780835,0.3199681618954576,0.30211287677241727,0.24982426329811902,6049014.873749591,6813.040331,,,0.9160717969878275,22201,24235,32866
rgb_texture,Blackberry_v02_L3,,,,,,,,,,,,,,,,,,,,,,,,,,,,,,,,,,,,,ok,,,/home/29d_kon@lab.graphicon.ru/ssd1_link/projects/REPROJECTING/outputs_batch_20260601/MeshMamba_reference_rgb_cone/rgb_texture/baseline_cone/Blackberry_v02_L3/recenter_rotx90p0_horizontaltovertical_blender_rig/Blackberry_v02_L3_report.json,/home/29d_kon@lab.graphicon.ru/ssd1_link/projects/REPROJECTING/outputs_batch_20260601/MeshMamba_reference_rgb_cone/_logs/rgb_texture/cone/Blackberry_v02_L3.log,Blackberry_v2_L3.csv,32868,35,35,26853,510,horizontal_to_vertical,json_camera_static.fov_degrees,60.000001669652114,35.98339890412515,0.6371211326063517,0.6266570208401003,0.8188887061808043,0.02216265320930257,0.1083056692422445,0.20681911501468558,0.785769443335421,0.902235591472079,0.9591670488824803,0.976616416624577,1.9435636857507834,2.5787431686957403,3.1672158561144763,4256859.458441295,3217.884181,,,0.9519606747849402,25563,26853,32687
rgb_texture,Boombox_v2_L3,,,,,,,,,,,,,,,,,,,,,,,,,,,,,,,,,,,,,ok,,,/home/29d_kon@lab.graphicon.ru/ssd1_link/projects/REPROJECTING/outputs_batch_20260601/MeshMamba_reference_rgb_cone/rgb_texture/baseline_cone/Boombox_v2_L3/recenter_rotx90p0_horizontaltovertical_blender_rig/Boombox_v2_L3_report.json,/home/29d_kon@lab.graphicon.ru/ssd1_link/projects/REPROJECTING/outputs_batch_20260601/MeshMamba_reference_rgb_cone/_logs/rgb_texture/cone/Boombox_v2_L3.log,Boombox_v2_Iteration2.csv,32868,36,36,25692,510,horizontal_to_vertical,json_camera_static.fov_degrees,60.000001669652114,35.98339890412515,0.21426270861665786,0.496036522658339,0.8278409766590835,0.04013179608761129,0.155385886061258,0.3491232292805467,0.5785548736537673,0.6637503206610011,0.6905654409578258,0.7645328761903767,0.31633381940863375,0.40824663073250955,0.6277665959893407,4520963.999895366,3872.5252760000003,,,0.9741164564845088,25027,25692,32569
rgb_texture,Camel_toy_v03_L3,,,,,,,,,,,,,,,,,,,,,,,,,,,,,,,,,,,,,ok,,,/home/29d_kon@lab.graphicon.ru/ssd1_link/projects/REPROJECTING/outputs_batch_20260601/MeshMamba_reference_rgb_cone/rgb_texture/baseline_cone/Camel_toy_v03_L3/recenter_rotx90p0_horizontaltovertical_blender_rig/Camel_toy_v03_L3_report.json,/home/29d_kon@lab.graphicon.ru/ssd1_link/projects/REPROJECTING/outputs_batch_20260601/MeshMamba_reference_rgb_cone/_logs/rgb_texture/cone/Camel_toy_v03_L3.log,Camel_toy.csv,32868,36,36,27508,510,horizontal_to_vertical,json_camera_static.fov_degrees,60.000001669652114,35.98339890412515,0.4993280163509433,0.666700821899609,0.376138374967411,0.04985869636784932,0.15190264087585684,0.6627505002295412,0.7496215545839349,0.782833308206339,0.8017428748894262,0.8347428958525429,0.4359237993252979,0.5828933468736598,0.89465138536977,9875744.336426385,8050.347979000001,,,0.7677402937327323,21119,27508,32868
rgb_texture,Cardigan_Welsh_Corgi_v1_L3,,,,,,,,,,,,,,,,,,,,,,,,,,,,,,,,,,,,,ok,,,/home/29d_kon@lab.graphicon.ru/ssd1_link/projects/REPROJECTING/outputs_batch_20260601/MeshMamba_reference_rgb_cone/rgb_texture/baseline_cone/Cardigan_Welsh_Corgi_v1_L3/recenter_rotx90p0_horizontaltovertical_blender_rig/Cardigan_Welsh_Corgi_v1_L3_report.json,/home/29d_kon@lab.graphicon.ru/ssd1_link/projects/REPROJECTING/outputs_batch_20260601/MeshMamba_reference_rgb_cone/_logs/rgb_texture/cone/Cardigan_Welsh_Corgi_v1_L3.log,Cardigan_Welsh_Corgi_v1_L3.csv,32868,35,35,23758,510,horizontal_to_vertical,json_camera_static.fov_degrees,60.000001669652114,35.98339890412515,0.717309175789152,0.6725307776138547,0.5592738486171339,0.02712401273880244,0.12059769613974528,0.4312173602303857,0.8311299682486456,0.7725895577135138,0.9899391817106186,0.9955062575832545,1.7945283361347477,3.022680633277418,3.9042901391208167,15460467.490581691,7268.839112000001,,,0.8663608047815473,20583,23758,32868
rgb_texture,Cat_v1_L3,,,,,,,,,,,,,,,,,,,,,,,,,,,,,,,,,,,,,ok,,,/home/29d_kon@lab.graphicon.ru/ssd1_link/projects/REPROJECTING/outputs_batch_20260601/MeshMamba_reference_rgb_cone/rgb_texture/baseline_cone/Cat_v1_L3/recenter_rotx90p0_horizontaltovertical_blender_rig/Cat_v1_L3_report.json,/home/29d_kon@lab.graphicon.ru/ssd1_link/projects/REPROJECTING/outputs_batch_20260601/MeshMamba_reference_rgb_cone/_logs/rgb_texture/cone/Cat_v1_L3.log,Cat_v1_l3.csv,32868,35,35,24219,510,horizontal_to_vertical,json_camera_static.fov_degrees,60.000001669652114,35.98339890412515,0.7377937711665933,0.6605661914286218,0.4820098357976446,0.03399823017903932,0.12460005912366051,0.3245811707301394,0.8337492043431105,0.9204615549944299,0.8644732076455007,0.8015862377351993,1.6024298326006703,1.1437132271292727,0.5000420478844733,11795015.994940327,7004.478064999999,,,0.9036706717866139,21886,24219,32868
rgb_texture,Charging_Bull_Statue_of_Wall_Street_v1,,,,,,,,,,,,,,,,,,,,,,,,,,,,,,,,,,,,,ok,,,/home/29d_kon@lab.graphicon.ru/ssd1_link/projects/REPROJECTING/outputs_batch_20260601/MeshMamba_reference_rgb_cone/rgb_texture/baseline_cone/Charging_Bull_Statue_of_Wall_Street_v1/recenter_rotx90p0_horizontaltovertical_blender_rig/Charging_Bull_Statue_of_Wall_Street_v1_report.json,/home/29d_kon@lab.graphicon.ru/ssd1_link/projects/REPROJECTING/outputs_batch_20260601/MeshMamba_reference_rgb_cone/_logs/rgb_texture/cone/Charging_Bull_Statue_of_Wall_Street_v1.log,Charging_Bull_Statue_of_Wall_Street_v1_L1.csv,32868,35,35,27465,510,horizontal_to_vertical,json_camera_static.fov_degrees,60.000001669652114,35.98339890412515,0.21648222292847485,0.4718649115074299,0.9623798083588146,0.042026287773477874,0.13184472469070724,0.15332928035436902,0.49588793027905664,0.7529508705539297,0.7684755857993072,0.6048274920224326,0.5855628886106822,0.586977860162627,-0.2704596369993888,5744280.3376915995,4472.733864,,,0.8980156562898234,24664,27465,32868
rgb_texture,Chinese_coin,,,,,,,,,,,,,,,,,,,,,,,,,,,,,,,,,,,,,ok,,,/home/29d_kon@lab.graphicon.ru/ssd1_link/projects/REPROJECTING/outputs_batch_20260601/MeshMamba_reference_rgb_cone/rgb_texture/baseline_cone/Chinese_coin/recenter_rotx90p0_horizontaltovertical_blender_rig/Chinese_coin_report.json,/home/29d_kon@lab.graphicon.ru/ssd1_link/projects/REPROJECTING/outputs_batch_20260601/MeshMamba_reference_rgb_cone/_logs/rgb_texture/cone/Chinese_coin.log,chinese_coin.csv,32868,36,36,30224,510,horizontal_to_vertical,json_camera_static.fov_degrees,60.000001669652114,35.98339890412515,-0.021790672683064283,0.5765824009125606,0.7824056182571244,0.04209116256226283,0.1522854488668562,-0.02271591949195083,0.5936641500420372,0.5417992456022598,0.6087955884892337,0.8495720963695564,0.061799425975027994,0.2934151813953759,1.1069354131410676,7158060.62718318,6439.756262000001,,,0.9721744309158284,29383,30224,32868
rgb_texture,Chips_v1_L3,,,,,,,,,,,,,,,,,,,,,,,,,,,,,,,,,,,,,ok,,,/home/29d_kon@lab.graphicon.ru/ssd1_link/projects/REPROJECTING/outputs_batch_20260601/MeshMamba_reference_rgb_cone/rgb_texture/baseline_cone/Chips_v1_L3/recenter_rotx90p0_horizontaltovertical_blender_rig/Chips_v1_L3_report.json,/home/29d_kon@lab.graphicon.ru/ssd1_link/projects/REPROJECTING/outputs_batch_20260601/MeshMamba_reference_rgb_cone/_logs/rgb_texture/cone/Chips_v1_L3.log,Chips_v1_L3.csv,32868,35,35,23995,510,horizontal_to_vertical,json_camera_static.fov_degrees,60.000001669652114,35.98339890412515,-0.39376764720052293,0.28495611750990424,2.0473692953706513,0.12963743527115656,0.27611486137021807,-0.5456068890999044,0.23985199374840277,0.09176406895096773,0.10522789997774501,0.14476446361163423,-0.7947909052447089,-0.8001553593719997,-0.792432543079149,3425952.040931788,8154.516186000001,,,0.970493852886018,23287,23995,32868
rgb_texture,Christmas_Bear,,,,,,,,,,,,,,,,,,,,,,,,,,,,,,,,,,,,,ok,,,/home/29d_kon@lab.graphicon.ru/ssd1_link/projects/REPROJECTING/outputs_batch_20260601/MeshMamba_reference_rgb_cone/rgb_texture/baseline_cone/Christmas_Bear/recenter_rotx90p0_horizontaltovertical_blender_rig/Christmas_Bear_report.json,/home/29d_kon@lab.graphicon.ru/ssd1_link/projects/REPROJECTING/outputs_batch_20260601/MeshMamba_reference_rgb_cone/_logs/rgb_texture/cone/Christmas_Bear.log,Christmas_Bear.csv,32868,36,36,23231,510,horizontal_to_vertical,json_camera_static.fov_degrees,60.000001669652114,35.98339890412515,0.23240475969093155,0.6454199689602111,0.4407846866569724,0.0223244866965552,0.09944781848330453,0.47956854501341717,0.6552649286063095,0.7155150620191776,0.7386159591349347,0.723264044801604,0.2968253952911998,0.3681115057670989,0.37804436876747743,3823768.034491668,4777.231648999999,,,0.9520898799018552,22118,23231,32868
rgb_texture,CrawlingBaby_v1_L1,,,,,,,,,,,,,,,,,,,,,,,,,,,,,,,,,,,,,ok,,,/home/29d_kon@lab.graphicon.ru/ssd1_link/projects/REPROJECTING/outputs_batch_20260601/MeshMamba_reference_rgb_cone/rgb_texture/baseline_cone/CrawlingBaby_v1_L1/recenter_rotx90p0_horizontaltovertical_blender_rig/CrawlingBaby_v1_L1_report.json,/home/29d_kon@lab.graphicon.ru/ssd1_link/projects/REPROJECTING/outputs_batch_20260601/MeshMamba_reference_rgb_cone/_logs/rgb_texture/cone/CrawlingBaby_v1_L1.log,CrawlingBaby.csv,32868,35,35,22307,509,horizontal_to_vertical,json_camera_static.fov_degrees,60.000001669652114,35.98339890412515,0.5610650139970196,0.6612042685377647,0.4812384147189348,0.03352344599220319,0.14527065729124103,0.344226061917082,0.7995173285289244,0.8376901148334316,0.9067969173223168,0.9582093258022568,1.4489838042426855,2.2581912450736006,3.3567563365348083,4674568.500407548,8154.6519450000005,,,0.9020935132469629,20123,22307,32868
rgb_texture,Deathstroke-obj,,,,,,,,,,,,,,,,,,,,,,,,,,,,,,,,,,,,,ok,,,/home/29d_kon@lab.graphicon.ru/ssd1_link/projects/REPROJECTING/outputs_batch_20260601/MeshMamba_reference_rgb_cone/rgb_texture/baseline_cone/Deathstroke-obj/recenter_rotx90p0_horizontaltovertical_blender_rig/Deathstroke-obj_report.json,/home/29d_kon@lab.graphicon.ru/ssd1_link/projects/REPROJECTING/outputs_batch_20260601/MeshMamba_reference_rgb_cone/_logs/rgb_texture/cone/Deathstroke-obj.log,Deathstroke.csv,32868,35,35,20667,510,horizontal_to_vertical,json_camera_static.fov_degrees,60.000001669652114,35.98339890412515,0.38865185386583845,0.7587378984133846,0.1840836709678417,0.035327605088419436,0.13618944264766653,0.40739045293907433,0.8351569075956857,0.7262099413893963,0.7862937681912908,0.9177098307376017,0.7934221343756523,1.0078528580066328,1.474403661393162,8337425.750028956,8869.612038,,,0.8660182900275802,17898,20667,32868
rgb_texture,Diavolo_Mask_v1_L3,,,,,,,,,,,,,,,,,,,,,,,,,,,,,,,,,,,,,ok,,,/home/29d_kon@lab.graphicon.ru/ssd1_link/projects/REPROJECTING/outputs_batch_20260601/MeshMamba_reference_rgb_cone/rgb_texture/baseline_cone/Diavolo_Mask_v1_L3/recenter_rotx90p0_horizontaltovertical_blender_rig/Diavolo_Mask_v1_L3_report.json,/home/29d_kon@lab.graphicon.ru/ssd1_link/projects/REPROJECTING/outputs_batch_20260601/MeshMamba_reference_rgb_cone/_logs/rgb_texture/cone/Diavolo_Mask_v1_L3.log,Diavolo_Mask_v1_l3.csv,32868,35,35,27538,510,horizontal_to_vertical,json_camera_static.fov_degrees,60.000001669652114,35.98339890412515,0.07701741916342861,0.5695954702674839,0.6698167233040313,0.06535603164331502,0.19715383563057312,0.11199891857724438,0.6308663414386364,0.538414223759409,0.5624321966289578,0.5661187869856616,0.026648408675848567,0.1445376400888962,0.35298208736134246,4652720.446328639,7124.251009,,,0.9247585155058464,25466,27538,32868
rgb_texture,Domestic_cat_V2_L3,,,,,,,,,,,,,,,,,,,,,,,,,,,,,,,,,,,,,ok,,,/home/29d_kon@lab.graphicon.ru/ssd1_link/projects/REPROJECTING/outputs_batch_20260601/MeshMamba_reference_rgb_cone/rgb_texture/baseline_cone/Domestic_cat_V2_L3/recenter_rotx90p0_horizontaltovertical_blender_rig/Domestic_cat_V2_L3_report.json,/home/29d_kon@lab.graphicon.ru/ssd1_link/projects/REPROJECTING/outputs_batch_20260601/MeshMamba_reference_rgb_cone/_logs/rgb_texture/cone/Domestic_cat_V2_L3.log,Domestic_cat_V1_iterations-2.csv,32868,35,35,21267,510,horizontal_to_vertical,json_camera_static.fov_degrees,60.000001669652114,35.98339890412515,0.5773467008803106,0.5865759587309437,1.4276193304187943,0.01374155137810122,0.08263761927993077,0.2401567561881129,0.7186764058920503,0.7284895386119247,0.8859084042594972,0.9768737650428557,1.337125227225908,2.546661635073478,3.1151412410619823,3546199.5385330655,3796.7092660000003,,,0.9713640852024263,20658,21267,31455
rgb_texture,Eagle_wood_v1_L3,,,,,,,,,,,,,,,,,,,,,,,,,,,,,,,,,,,,,ok,,,/home/29d_kon@lab.graphicon.ru/ssd1_link/projects/REPROJECTING/outputs_batch_20260601/MeshMamba_reference_rgb_cone/rgb_texture/baseline_cone/Eagle_wood_v1_L3/recenter_rotx90p0_horizontaltovertical_blender_rig/Eagle_wood_v1_L3_report.json,/home/29d_kon@lab.graphicon.ru/ssd1_link/projects/REPROJECTING/outputs_batch_20260601/MeshMamba_reference_rgb_cone/_logs/rgb_texture/cone/Eagle_wood_v1_L3.log,Eagle_v1_max2011_it2.csv,32868,35,35,26001,510,horizontal_to_vertical,json_camera_static.fov_degrees,60.000001669652114,35.98339890412515,0.10296962165872113,0.5719424660809387,0.6525209050718135,0.04320564723050337,0.14923007970044144,0.02678994009826624,0.5862018866817661,0.48396133454915147,0.43688275652642267,0.3083520257337209,0.2034672646236013,0.14350680769892493,-0.479621297110814,4550658.294108408,6640.40646,,,0.9214645590554209,23959,26001,32868
rgb_texture,Elephant_v01_l3,,,,,,,,,,,,,,,,,,,,,,,,,,,,,,,,,,,,,ok,,,/home/29d_kon@lab.graphicon.ru/ssd1_link/projects/REPROJECTING/outputs_batch_20260601/MeshMamba_reference_rgb_cone/rgb_texture/baseline_cone/Elephant_v01_l3/recenter_rotx90p0_horizontaltovertical_blender_rig/Elephant_v01_l3_report.json,/home/29d_kon@lab.graphicon.ru/ssd1_link/projects/REPROJECTING/outputs_batch_20260601/MeshMamba_reference_rgb_cone/_logs/rgb_texture/cone/Elephant_v01_l3.log,statue_Elephant_v1_L3.csv,32868,35,35,23885,510,horizontal_to_vertical,json_camera_static.fov_degrees,60.000001669652114,35.98339890412515,0.3688065578467954,0.5185397704592221,1.069309894671126,0.033299011717646175,0.12241643392204145,0.3224980760457171,0.609234264292364,0.8161406465251877,0.8485347789896476,0.8833895934651623,0.9221298049074419,1.1439902292679511,1.1865078550716757,2655442.0130549227,4025.626563,,,0.9427255599748796,22517,23885,31653
rgb_texture,Fighter_Jet_SG_v1_L3,,,,,,,,,,,,,,,,,,,,,,,,,,,,,,,,,,,,,ok,,,/home/29d_kon@lab.graphicon.ru/ssd1_link/projects/REPROJECTING/outputs_batch_20260601/MeshMamba_reference_rgb_cone/rgb_texture/baseline_cone/Fighter_Jet_SG_v1_L3/recenter_rotx90p0_horizontaltovertical_blender_rig/Fighter_Jet_SG_v1_L3_report.json,/home/29d_kon@lab.graphicon.ru/ssd1_link/projects/REPROJECTING/outputs_batch_20260601/MeshMamba_reference_rgb_cone/_logs/rgb_texture/cone/Fighter_Jet_SG_v1_L3.log,Fighter_Jet_SG_v1_iterations-2.csv,32868,33,33,23979,510,horizontal_to_vertical,json_camera_static.fov_degrees,60.000001669652114,35.98339890412515,0.43936089867444356,0.6730075794768546,0.3949036868758215,0.047939262006550215,0.16841803645537123,0.3866306960233977,0.7822914443252275,0.7903725737585094,0.8371651345306156,0.8897062127270982,0.9290378880406559,1.1331793497490008,1.5339593385050798,7339094.379974328,8103.355491,,,0.8866508194670336,21261,23979,32868
rgb_texture,Flying_saucer_v1_L3,,,,,,,,,,,,,,,,,,,,,,,,,,,,,,,,,,,,,ok,,,/home/29d_kon@lab.graphicon.ru/ssd1_link/projects/REPROJECTING/outputs_batch_20260601/MeshMamba_reference_rgb_cone/rgb_texture/baseline_cone/Flying_saucer_v1_L3/recenter_rotx90p0_horizontaltovertical_blender_rig/Flying_saucer_v1_L3_report.json,/home/29d_kon@lab.graphicon.ru/ssd1_link/projects/REPROJECTING/outputs_batch_20260601/MeshMamba_reference_rgb_cone/_logs/rgb_texture/cone/Flying_saucer_v1_L3.log,Flying_saucer_v1_L3.csv,32868,35,35,24555,510,horizontal_to_vertical,json_camera_static.fov_degrees,60.000001669652114,35.98339890412515,-0.26875927696211055,0.08908573284796137,16.874407696084713,0.05904240978281781,0.16705505389099332,-0.4701302610454513,0.06539788626924113,0.5,0.5,0.5,-0.7890427796022104,-0.7890427796022105,-0.7890427796022104,2368480.4527874975,2581.479386,,,0.9285277947464875,22800,24555,19693
rgb_texture,Frog_v1_L3,,,,,,,,,,,,,,,,,,,,,,,,,,,,,,,,,,,,,ok,,,/home/29d_kon@lab.graphicon.ru/ssd1_link/projects/REPROJECTING/outputs_batch_20260601/MeshMamba_reference_rgb_cone/rgb_texture/baseline_cone/Frog_v1_L3/recenter_rotx90p0_horizontaltovertical_blender_rig/Frog_v1_L3_report.json,/home/29d_kon@lab.graphicon.ru/ssd1_link/projects/REPROJECTING/outputs_batch_20260601/MeshMamba_reference_rgb_cone/_logs/rgb_texture/cone/Frog_v1_L3.log,Frog_v1_L3.csv,32868,35,35,24271,510,horizontal_to_vertical,json_camera_static.fov_degrees,60.000001669652114,35.98339890412515,-0.05589295517661272,0.5091736562887195,0.8988462074571448,0.06762188824559831,0.17492602092556578,0.14732040080612652,0.4339640443668149,0.36935087825915275,0.385966058066881,0.43868279271327537,-0.46249108661827093,-0.4501228893289591,-0.3860803669768318,4801079.185060208,4224.881885,,,0.7682419348193317,18646,24271,32868
rgb_texture,Gold_Doubloon_v1_L1,,,,,,,,,,,,,,,,,,,,,,,,,,,,,,,,,,,,,ok,,,/home/29d_kon@lab.graphicon.ru/ssd1_link/projects/REPROJECTING/outputs_batch_20260601/MeshMamba_reference_rgb_cone/rgb_texture/baseline_cone/Gold_Doubloon_v1_L1/recenter_rotx90p0_horizontaltovertical_blender_rig/Gold_Doubloon_v1_L1_report.json,/home/29d_kon@lab.graphicon.ru/ssd1_link/projects/REPROJECTING/outputs_batch_20260601/MeshMamba_reference_rgb_cone/_logs/rgb_texture/cone/Gold_Doubloon_v1_L1.log,Gold_Doubloon_v1_l1.csv,32868,35,35,27161,510,horizontal_to_vertical,json_camera_static.fov_degrees,60.000001669652114,35.98339890412515,0.35769558895987363,0.6559273810545225,0.41572114916654335,0.0439270263326231,0.15288919651724578,0.4208213601844424,0.7382117411334808,0.7183747621570333,0.6793189646681416,0.6447240631793636,0.7272025568784481,0.5610167604344914,0.2668308797673409,6614562.352940178,7094.053067999999,,,0.9620779794558374,26131,27161,32868
rgb_texture,GrayAlien_v01_L3,,,,,,,,,,,,,,,,,,,,,,,,,,,,,,,,,,,,,ok,,,/home/29d_kon@lab.graphicon.ru/ssd1_link/projects/REPROJECTING/outputs_batch_20260601/MeshMamba_reference_rgb_cone/rgb_texture/baseline_cone/GrayAlien_v01_L3/recenter_rotx90p0_horizontaltovertical_blender_rig/GrayAlien_v01_L3_report.json,/home/29d_kon@lab.graphicon.ru/ssd1_link/projects/REPROJECTING/outputs_batch_20260601/MeshMamba_reference_rgb_cone/_logs/rgb_texture/cone/GrayAlien_v01_L3.log,GrayAlien_v01.csv,32868,35,35,21539,510,horizontal_to_vertical,json_camera_static.fov_degrees,60.000001669652114,35.98339890412515,0.6857906335379045,0.6836950628997169,0.3910543045264181,0.03399351291145196,0.14507463288668493,0.2532940620797628,0.843268978879157,0.875812194218888,0.9952899693323434,0.9862445168673439,1.998728748362268,2.8161847226257386,3.0001412156598013,11196195.861729633,7181.619656,,,0.7737128000371419,16665,21539,32868
rgb_texture,Great_Dane_v1_L3,,,,,,,,,,,,,,,,,,,,,,,,,,,,,,,,,,,,,ok,,,/home/29d_kon@lab.graphicon.ru/ssd1_link/projects/REPROJECTING/outputs_batch_20260601/MeshMamba_reference_rgb_cone/rgb_texture/baseline_cone/Great_Dane_v1_L3/recenter_rotx90p0_horizontaltovertical_blender_rig/Great_Dane_v1_L3_report.json,/home/29d_kon@lab.graphicon.ru/ssd1_link/projects/REPROJECTING/outputs_batch_20260601/MeshMamba_reference_rgb_cone/_logs/rgb_texture/cone/Great_Dane_v1_L3.log,Great_Dane_v1_l3.csv,32868,35,35,22015,510,horizontal_to_vertical,json_camera_static.fov_degrees,60.000001669652114,35.98339890412515,0.45809586926801005,0.6063970120143869,0.6649743253692445,0.07206049431339893,0.18869817620808904,0.3674126864229224,0.7092162498035826,0.6432384503134525,0.42625911473674566,0.15937615567421504,1.0436937814277518,0.23148216757290138,-0.3840579156428229,8359946.642273482,9149.205681,,,0.8225755166931638,18109,22015,32868
rgb_texture,Gun_Powder_Keg_v1_L3,,,,,,,,,,,,,,,,,,,,,,,,,,,,,,,,,,,,,ok,,,/home/29d_kon@lab.graphicon.ru/ssd1_link/projects/REPROJECTING/outputs_batch_20260601/MeshMamba_reference_rgb_cone/rgb_texture/baseline_cone/Gun_Powder_Keg_v1_L3/recenter_rotx90p0_horizontaltovertical_blender_rig/Gun_Powder_Keg_v1_L3_report.json,/home/29d_kon@lab.graphicon.ru/ssd1_link/projects/REPROJECTING/outputs_batch_20260601/MeshMamba_reference_rgb_cone/_logs/rgb_texture/cone/Gun_Powder_Keg_v1_L3.log,Gun_Powder_Keg_v1_L3.csv,32868,36,36,23165,510,horizontal_to_vertical,json_camera_static.fov_degrees,60.000001669652114,35.98339890412515,-0.0030651175999632727,0.3092834135081181,1.6253956850071343,0.026611549001285057,0.08689803928066274,0.09649716658839584,0.2826183039772435,0.5327355556456715,0.5572249250062183,0.580454541760549,-0.05017362139024073,0.007183263442634758,0.09548064619962966,1136257.1957928226,2411.3684630000002,,,0.973364990287071,22548,23165,31707
rgb_texture,Handheld_Game_unit_v1_L3,,,,,,,,,,,,,,,,,,,,,,,,,,,,,,,,,,,,,ok,,,/home/29d_kon@lab.graphicon.ru/ssd1_link/projects/REPROJECTING/outputs_batch_20260601/MeshMamba_reference_rgb_cone/rgb_texture/baseline_cone/Handheld_Game_unit_v1_L3/recenter_rotx90p0_horizontaltovertical_blender_rig/Handheld_Game_unit_v1_L3_report.json,/home/29d_kon@lab.graphicon.ru/ssd1_link/projects/REPROJECTING/outputs_batch_20260601/MeshMamba_reference_rgb_cone/_logs/rgb_texture/cone/Handheld_Game_unit_v1_L3.log,Handheld_Game_unit_v1_L3.csv,32868,35,35,23108,510,horizontal_to_vertical,json_camera_static.fov_degrees,60.000001669652114,35.98339890412515,0.14097079673869597,0.5197349658200408,1.047981200177264,0.07734300993123232,0.1994575860636232,0.25122852920898026,0.501828416252667,0.5789304296833246,0.5779084402602527,0.12689079861239227,0.3805561772831707,0.48394485436833257,-0.9305572571059502,4952052.6462791525,3187.400668,,,0.9417084992210489,21761,23108,32868
rgb_texture,Holsteind_v2_L3,,,,,,,,,,,,,,,,,,,,,,,,,,,,,,,,,,,,,ok,,,/home/29d_kon@lab.graphicon.ru/ssd1_link/projects/REPROJECTING/outputs_batch_20260601/MeshMamba_reference_rgb_cone/rgb_texture/baseline_cone/Holsteind_v2_L3/recenter_rotx90p0_horizontaltovertical_blender_rig/Holsteind_v2_L3_report.json,/home/29d_kon@lab.graphicon.ru/ssd1_link/projects/REPROJECTING/outputs_batch_20260601/MeshMamba_reference_rgb_cone/_logs/rgb_texture/cone/Holsteind_v2_L3.log,Holsteind_v2_l3.csv,32868,35,35,24263,510,horizontal_to_vertical,json_camera_static.fov_degrees,60.000001669652114,35.98339890412515,-0.0380226272799208,0.4516101736680148,1.1409256709373636,0.04397299261142955,0.14527645502506653,-0.09917329216889438,0.4046883953032271,0.4627732516906059,0.41551082422716823,0.2778414324601453,-0.12417009384940618,-0.2425141065097352,-0.4942863751105245,4331876.927363697,5277.208095,,,0.898734698924288,21806,24263,32861
rgb_texture,Horse_v01_L3,,,,,,,,,,,,,,,,,,,,,,,,,,,,,,,,,,,,,ok,,,/home/29d_kon@lab.graphicon.ru/ssd1_link/projects/REPROJECTING/outputs_batch_20260601/MeshMamba_reference_rgb_cone/rgb_texture/baseline_cone/Horse_v01_L3/recenter_rotx90p0_horizontaltovertical_blender_rig/Horse_v01_L3_report.json,/home/29d_kon@lab.graphicon.ru/ssd1_link/projects/REPROJECTING/outputs_batch_20260601/MeshMamba_reference_rgb_cone/_logs/rgb_texture/cone/Horse_v01_L3.log,Horse_v01-it2.csv,32868,35,35,23448,510,horizontal_to_vertical,json_camera_static.fov_degrees,60.000001669652114,35.98339890412515,0.5722713662414437,0.6274544085451734,0.5255062276091591,0.028503303472827826,0.11902797284960642,0.44005929350963774,0.7577459371952476,0.89046481428731,0.8707236927206161,0.8253172648281497,1.4211766714190341,1.4321205864066653,0.5712361601673411,6917890.111635312,5749.785538,,,0.8929972705561242,20939,23448,32868
rgb_texture,Hover_Truck_v1_L2,,,,,,,,,,,,,,,,,,,,,,,,,,,,,,,,,,,,,ok,,,/home/29d_kon@lab.graphicon.ru/ssd1_link/projects/REPROJECTING/outputs_batch_20260601/MeshMamba_reference_rgb_cone/rgb_texture/baseline_cone/Hover_Truck_v1_L2/recenter_rotx90p0_horizontaltovertical_blender_rig/Hover_Truck_v1_L2_report.json,/home/29d_kon@lab.graphicon.ru/ssd1_link/projects/REPROJECTING/outputs_batch_20260601/MeshMamba_reference_rgb_cone/_logs/rgb_texture/cone/Hover_Truck_v1_L2.log,Hover_Truck_V1_l2.csv,32868,35,35,28748,510,horizontal_to_vertical,json_camera_static.fov_degrees,60.000001669652114,35.98339890412515,0.20578579043671225,0.5992949810904574,0.6865908439298506,0.03482210860748571,0.13831135874073433,0.28310119930637734,0.6613893526832186,0.5917274043486604,0.5988671625887629,0.7683860966092501,0.2306911873665466,0.21753305086512273,0.7858300084502539,3303360.3854690725,4870.425046,,,0.9817030749965215,28222,28748,32096
rgb_texture,Ice_Cream_V1_L3,,,,,,,,,,,,,,,,,,,,,,,,,,,,,,,,,,,,,ok,,,/home/29d_kon@lab.graphicon.ru/ssd1_link/projects/REPROJECTING/outputs_batch_20260601/MeshMamba_reference_rgb_cone/rgb_texture/baseline_cone/Ice_Cream_V1_L3/recenter_rotx90p0_horizontaltovertical_blender_rig/Ice_Cream_V1_L3_report.json,/home/29d_kon@lab.graphicon.ru/ssd1_link/projects/REPROJECTING/outputs_batch_20260601/MeshMamba_reference_rgb_cone/_logs/rgb_texture/cone/Ice_Cream_V1_L3.log,Ice_Cream_v1_LOD1.csv,32868,35,35,23099,510,horizontal_to_vertical,json_camera_static.fov_degrees,60.000001669652114,35.98339890412515,0.33469265589760044,0.6296998826929212,0.5241161775417944,0.05939377195541581,0.1786042444433674,0.5141795096764475,0.7125545898943293,0.72752378373101,0.722745665025905,0.7478107869808043,0.3327375353373961,0.33248728808791383,0.3910824374751323,13218195.843633156,7277.817188999999,,,0.8809905190700896,20350,23099,32459
rgb_texture,Ichthyosaurus_V1_L2,,,,,,,,,,,,,,,,,,,,,,,,,,,,,,,,,,,,,ok,,,/home/29d_kon@lab.graphicon.ru/ssd1_link/projects/REPROJECTING/outputs_batch_20260601/MeshMamba_reference_rgb_cone/rgb_texture/baseline_cone/Ichthyosaurus_V1_L2/recenter_rotx90p0_horizontaltovertical_blender_rig/Ichthyosaurus_V1_L2_report.json,/home/29d_kon@lab.graphicon.ru/ssd1_link/projects/REPROJECTING/outputs_batch_20260601/MeshMamba_reference_rgb_cone/_logs/rgb_texture/cone/Ichthyosaurus_V1_L2.log,Ichthyosaurus_v1_L2.csv,32868,35,35,21624,510,horizontal_to_vertical,json_camera_static.fov_degrees,60.000001669652114,35.98339890412515,0.6106452495098635,0.6659694516665371,0.5050963278237082,0.047009108555954617,0.15254751336239378,0.45525292783148974,0.7953399990618162,0.7345779709381244,0.8897155133801249,0.9731798577736643,1.4483739585715856,2.1972355336618725,2.786436965351767,15905852.728989307,9063.878693999999,,,0.7949963004069552,17191,21624,32868
rgb_texture,Impact_Driver_v2_L3,,,,,,,,,,,,,,,,,,,,,,,,,,,,,,,,,,,,,ok,,,/home/29d_kon@lab.graphicon.ru/ssd1_link/projects/REPROJECTING/outputs_batch_20260601/MeshMamba_reference_rgb_cone/rgb_texture/baseline_cone/Impact_Driver_v2_L3/recenter_rotx90p0_horizontaltovertical_blender_rig/Impact_Driver_v2_L3_report.json,/home/29d_kon@lab.graphicon.ru/ssd1_link/projects/REPROJECTING/outputs_batch_20260601/MeshMamba_reference_rgb_cone/_logs/rgb_texture/cone/Impact_Driver_v2_L3.log,Impact_Driver_v2_L3.csv,32868,36,36,24655,510,horizontal_to_vertical,json_camera_static.fov_degrees,60.000001669652114,35.98339890412515,0.5921624361420089,0.708362646551552,0.3270976440418307,0.03709504450034462,0.1413756167489027,0.5606511395477523,0.822919074088514,0.8517231545458651,0.8370801782021815,0.9978516311172443,1.6245951626899078,1.828710386567451,3.6393038168158105,8351323.726618659,7978.725249000001,,,0.9398499290204827,23172,24655,32850
rgb_texture,Jambu_Fruit_Dove_v1_L3,,,,,,,,,,,,,,,,,,,,,,,,,,,,,,,,,,,,,ok,,,/home/29d_kon@lab.graphicon.ru/ssd1_link/projects/REPROJECTING/outputs_batch_20260601/MeshMamba_reference_rgb_cone/rgb_texture/baseline_cone/Jambu_Fruit_Dove_v1_L3/recenter_rotx90p0_horizontaltovertical_blender_rig/Jambu_Fruit_Dove_v1_L3_report.json,/home/29d_kon@lab.graphicon.ru/ssd1_link/projects/REPROJECTING/outputs_batch_20260601/MeshMamba_reference_rgb_cone/_logs/rgb_texture/cone/Jambu_Fruit_Dove_v1_L3.log,Jambu_fruit_dove_v1_L3.csv,32868,35,35,27097,510,horizontal_to_vertical,json_camera_static.fov_degrees,60.000001669652114,35.98339890412515,0.11476372623294706,0.48993799503431573,0.9443517256015149,0.08271132797472355,0.1999980493807264,0.2811388879903254,0.4941944615949895,0.40765684630919663,0.405019662490579,0.42808073846572325,-0.44172611503528997,-0.4511487844965079,-0.4256853212489264,10812731.403432894,5204.197679999999,,,0.8625678119349005,23373,27097,32868
rgb_texture,Jukebox_bubbler_style_V2_L1,,,,,,,,,,,,,,,,,,,,,,,,,,,,,,,,,,,,,ok,,,/home/29d_kon@lab.graphicon.ru/ssd1_link/projects/REPROJECTING/outputs_batch_20260601/MeshMamba_reference_rgb_cone/rgb_texture/baseline_cone/Jukebox_bubbler_style_V2_L1/recenter_rotx90p0_horizontaltovertical_blender_rig/Jukebox_bubbler_style_V2_L1_report.json,/home/29d_kon@lab.graphicon.ru/ssd1_link/projects/REPROJECTING/outputs_batch_20260601/MeshMamba_reference_rgb_cone/_logs/rgb_texture/cone/Jukebox_bubbler_style_V2_L1.log,Jukebox_bubbler_style_V2_Textured.csv,32868,35,35,25909,510,horizontal_to_vertical,json_camera_static.fov_degrees,60.000001669652114,35.98339890412515,0.7525300020961898,0.6945396003633414,0.3465692747308993,0.03982286761448095,0.14048281171616261,0.7149712587393281,0.8452389519576622,0.9328084806654696,0.9574083009326534,0.9690911004993679,1.806962875920472,2.2568034323848996,2.632458121271548,5402792.205927916,3582.6426920000004,,,0.9347331043266819,24218,25909,32660
rgb_texture,Kangaroo_v1_L3,,,,,,,,,,,,,,,,,,,,,,,,,,,,,,,,,,,,,ok,,,/home/29d_kon@lab.graphicon.ru/ssd1_link/projects/REPROJECTING/outputs_batch_20260601/MeshMamba_reference_rgb_cone/rgb_texture/baseline_cone/Kangaroo_v1_L3/recenter_rotx90p0_horizontaltovertical_blender_rig/Kangaroo_v1_L3_report.json,/home/29d_kon@lab.graphicon.ru/ssd1_link/projects/REPROJECTING/outputs_batch_20260601/MeshMamba_reference_rgb_cone/_logs/rgb_texture/cone/Kangaroo_v1_L3.log,Kangaroo_v1_L3.csv,32868,35,35,21453,510,horizontal_to_vertical,json_camera_static.fov_degrees,60.000001669652114,35.98339890412515,0.8603304186381318,0.7404428268738192,0.3746008860742936,0.018432052709898745,0.10063695819460405,0.45639435104150755,0.911461357806935,0.9845061715678979,0.9705108324091583,0.9449496704025312,2.2687777087609176,2.3859824410279478,2.3143270821237616,13210693.758076603,6227.7460360000005,,,0.7740176199132989,16605,21453,32868
rgb_texture,King_Cake_v2_L2,,,,,,,,,,,,,,,,,,,,,,,,,,,,,,,,,,,,,ok,,,/home/29d_kon@lab.graphicon.ru/ssd1_link/projects/REPROJECTING/outputs_batch_20260601/MeshMamba_reference_rgb_cone/rgb_texture/baseline_cone/King_Cake_v2_L2/recenter_rotx90p0_horizontaltovertical_blender_rig/King_Cake_v2_L2_report.json,/home/29d_kon@lab.graphicon.ru/ssd1_link/projects/REPROJECTING/outputs_batch_20260601/MeshMamba_reference_rgb_cone/_logs/rgb_texture/cone/King_Cake_v2_L2.log,King_Cake_v2_L2.csv,32868,35,35,21578,510,horizontal_to_vertical,json_camera_static.fov_degrees,60.000001669652114,35.98339890412515,0.031206134404375807,0.5289370248555691,1.3823011464242763,0.08115063101624759,0.23516821706185856,0.09486089416772726,0.6022914326868439,0.5010745916702322,0.49439650577601735,0.4833818776831842,-0.09119360537916296,-0.11538112908643562,-0.17736452258304197,3488398.747392432,6516.072204,,,0.9506441746223004,20513,21578,31646
rgb_texture,Lamb_v1_L2,,,,,,,,,,,,,,,,,,,,,,,,,,,,,,,,,,,,,ok,,,/home/29d_kon@lab.graphicon.ru/ssd1_link/projects/REPROJECTING/outputs_batch_20260601/MeshMamba_reference_rgb_cone/rgb_texture/baseline_cone/Lamb_v1_L2/recenter_rotx90p0_horizontaltovertical_blender_rig/Lamb_v1_L2_report.json,/home/29d_kon@lab.graphicon.ru/ssd1_link/projects/REPROJECTING/outputs_batch_20260601/MeshMamba_reference_rgb_cone/_logs/rgb_texture/cone/Lamb_v1_L2.log,Lamb_v1_l2.csv,32868,36,36,27766,510,horizontal_to_vertical,json_camera_static.fov_degrees,60.000001669652114,35.98339890412515,0.174921152539098,0.45822180391217227,1.3145419421872855,0.04852398637151979,0.14259671905394095,0.15444143389754142,0.4817001581274477,0.3614214715130902,0.25643660586435163,0.208065262064293,-0.22249194008405088,-0.47124590408892525,-0.5659035245077316,6920072.692552466,4783.453008,,,0.915364114384499,25416,27766,32816
rgb_texture,Laser_Pistol_v2_L3,,,,,,,,,,,,,,,,,,,,,,,,,,,,,,,,,,,,,ok,,,/home/29d_kon@lab.graphicon.ru/ssd1_link/projects/REPROJECTING/outputs_batch_20260601/MeshMamba_reference_rgb_cone/rgb_texture/baseline_cone/Laser_Pistol_v2_L3/recenter_rotx90p0_horizontaltovertical_blender_rig/Laser_Pistol_v2_L3_report.json,/home/29d_kon@lab.graphicon.ru/ssd1_link/projects/REPROJECTING/outputs_batch_20260601/MeshMamba_reference_rgb_cone/_logs/rgb_texture/cone/Laser_Pistol_v2_L3.log,Laser_Pistol_v2_l3.csv,32868,36,36,33228,510,horizontal_to_vertical,json_camera_static.fov_degrees,60.000001669652114,35.98339890412515,0.10770323193177356,0.544729924945868,0.6073559035115503,0.0641464333949199,0.1951766437334736,0.09685397801988771,0.6139678169864192,0.6581408473423054,0.7895312062653159,0.8654702969950205,0.18244821016303978,0.5580870551726163,0.9957294389170281,7552089.207132878,7003.3235190000005,,,0.9135367762128326,30355,33228,32868
rgb_texture,Mango_L3,,,,,,,,,,,,,,,,,,,,,,,,,,,,,,,,,,,,,ok,,,/home/29d_kon@lab.graphicon.ru/ssd1_link/projects/REPROJECTING/outputs_batch_20260601/MeshMamba_reference_rgb_cone/rgb_texture/baseline_cone/Mango_L3/recenter_rotx90p0_horizontaltovertical_blender_rig/Mango_L3_report.json,/home/29d_kon@lab.graphicon.ru/ssd1_link/projects/REPROJECTING/outputs_batch_20260601/MeshMamba_reference_rgb_cone/_logs/rgb_texture/cone/Mango_L3.log,Mango-L3.csv,32868,35,35,22422,510,horizontal_to_vertical,json_camera_static.fov_degrees,60.000001669652114,35.98339890412515,0.3796658817022813,0.6126537739422964,1.4393970167436274,0.051502321062001394,0.17272108935015237,0.13806186314226526,0.7034781069766732,0.6901675060152317,0.6982199165374693,0.5226881821776458,1.1060869180911599,1.3572028117562174,0.7201238100269584,3229536.2555067926,5543.188086,,,0.9572295067344573,21463,22422,32695
rgb_texture,MansWorkCasual_v02_L3,,,,,,,,,,,,,,,,,,,,,,,,,,,,,,,,,,,,,ok,,,/home/29d_kon@lab.graphicon.ru/ssd1_link/projects/REPROJECTING/outputs_batch_20260601/MeshMamba_reference_rgb_cone/rgb_texture/baseline_cone/MansWorkCasual_v02_L3/recenter_rotx90p0_horizontaltovertical_blender_rig/MansWorkCasual_v02_L3_report.json,/home/29d_kon@lab.graphicon.ru/ssd1_link/projects/REPROJECTING/outputs_batch_20260601/MeshMamba_reference_rgb_cone/_logs/rgb_texture/cone/MansWorkCasual_v02_L3.log,MansWorkCasual_v02_L3.csv,32868,36,36,25073,510,horizontal_to_vertical,json_camera_static.fov_degrees,60.000001669652114,35.98339890412515,0.2795106059980892,0.719183254287101,0.29330450992435597,0.04453259381950212,0.16210201161318175,0.1622433309946181,0.8064427058783761,0.6709494076105862,0.5943562951918575,0.3625980364362391,0.8447652973489438,0.5523922827708454,-0.4280065759459762,9135657.625937985,8977.135985,,,0.8800303114904479,22065,25073,32868
rgb_texture,Marco_Polo_Sheep_v1_L3,,,,,,,,,,,,,,,,,,,,,,,,,,,,,,,,,,,,,ok,,,/home/29d_kon@lab.graphicon.ru/ssd1_link/projects/REPROJECTING/outputs_batch_20260601/MeshMamba_reference_rgb_cone/rgb_texture/baseline_cone/Marco_Polo_Sheep_v1_L3/recenter_rotx90p0_horizontaltovertical_blender_rig/Marco_Polo_Sheep_v1_L3_report.json,/home/29d_kon@lab.graphicon.ru/ssd1_link/projects/REPROJECTING/outputs_batch_20260601/MeshMamba_reference_rgb_cone/_logs/rgb_texture/cone/Marco_Polo_Sheep_v1_L3.log,Marco_Polo_Sheep_v1_L3.csv,32868,35,35,27640,510,horizontal_to_vertical,json_camera_static.fov_degrees,60.000001669652114,35.98339890412515,0.12420221739476912,0.4669480993617083,1.1087215163648874,0.05038076899831319,0.15132926350480025,0.16538187477576682,0.4828741565750792,0.48543940654067913,0.37713151551336455,0.1106615479708194,-0.10142062921852997,-0.2887075942437279,-0.6538118982301763,6798528.932122395,4953.424639,,,0.8877351664254703,24537,27640,32868
rgb_texture,Military_Action_Figure_SG_v2_L3,,,,,,,,,,,,,,,,,,,,,,,,,,,,,,,,,,,,,ok,,,/home/29d_kon@lab.graphicon.ru/ssd1_link/projects/REPROJECTING/outputs_batch_20260601/MeshMamba_reference_rgb_cone/rgb_texture/baseline_cone/Military_Action_Figure_SG_v2_L3/recenter_rotx90p0_horizontaltovertical_blender_rig/Military_Action_Figure_SG_v2_L3_report.json,/home/29d_kon@lab.graphicon.ru/ssd1_link/projects/REPROJECTING/outputs_batch_20260601/MeshMamba_reference_rgb_cone/_logs/rgb_texture/cone/Military_Action_Figure_SG_v2_L3.log,Military_Action_Figure_SG_v2_L3.csv,32868,35,35,22385,510,horizontal_to_vertical,json_camera_static.fov_degrees,60.000001669652114,35.98339890412515,0.7680715805837484,0.6757278215850072,0.3903710738063315,0.03728357890490201,0.13950770103354143,0.5963174955095409,0.8495918109573394,0.9357488737822042,0.9170525448949682,0.9126870528337705,1.7221807508255347,1.7497398262045227,1.846159251855366,14069351.25387434,5633.912237999999,,,0.852356488720125,19080,22385,32868
rgb_texture,Moai_v3_L3,,,,,,,,,,,,,,,,,,,,,,,,,,,,,,,,,,,,,ok,,,/home/29d_kon@lab.graphicon.ru/ssd1_link/projects/REPROJECTING/outputs_batch_20260601/MeshMamba_reference_rgb_cone/rgb_texture/baseline_cone/Moai_v3_L3/recenter_rotx90p0_horizontaltovertical_blender_rig/Moai_v3_L3_report.json,/home/29d_kon@lab.graphicon.ru/ssd1_link/projects/REPROJECTING/outputs_batch_20260601/MeshMamba_reference_rgb_cone/_logs/rgb_texture/cone/Moai_v3_L3.log,Moai_L3.csv,32868,36,36,32364,510,horizontal_to_vertical,json_camera_static.fov_degrees,60.000001669652114,35.98339890412515,0.26528021874528085,0.6067204526333625,0.5502881399943277,0.04318763765634576,0.1581099339749778,0.21913606741784689,0.688180248665521,0.7223549798505642,0.8012364876384939,0.8046759600427114,0.6328650326145563,0.8831506237642412,0.6773037372574149,6691311.6129289325,6807.74085,,,0.9709862810530219,31425,32364,32818
rgb_texture,MushroomShitake_L3,,,,,,,,,,,,,,,,,,,,,,,,,,,,,,,,,,,,,ok,,,/home/29d_kon@lab.graphicon.ru/ssd1_link/projects/REPROJECTING/outputs_batch_20260601/MeshMamba_reference_rgb_cone/rgb_texture/baseline_cone/MushroomShitake_L3/recenter_rotx90p0_horizontaltovertical_blender_rig/MushroomShitake_L3_report.json,/home/29d_kon@lab.graphicon.ru/ssd1_link/projects/REPROJECTING/outputs_batch_20260601/MeshMamba_reference_rgb_cone/_logs/rgb_texture/cone/MushroomShitake_L3.log,MushroomShitake_v1-L3.csv,32868,38,38,26803,510,horizontal_to_vertical,json_camera_static.fov_degrees,60.000001669652114,35.98339890412515,-0.1681138818483176,0.31449141495805855,6.653782500056931,0.0717427916149431,0.21873600058907836,-0.19944038369801226,0.36541157263424995,0.446616827559135,0.5121912818326162,0.782717414342443,-0.07964912367509193,0.23437225089300945,1.3198445344968888,1579932.9724332043,6076.509468,,,0.9700779763459314,26001,26803,23994
rgb_texture,Mushroom_v2_L1,,,,,,,,,,,,,,,,,,,,,,,,,,,,,,,,,,,,,ok,,,/home/29d_kon@lab.graphicon.ru/ssd1_link/projects/REPROJECTING/outputs_batch_20260601/MeshMamba_reference_rgb_cone/rgb_texture/baseline_cone/Mushroom_v2_L1/recenter_rotx90p0_horizontaltovertical_blender_rig/Mushroom_v2_L1_report.json,/home/29d_kon@lab.graphicon.ru/ssd1_link/projects/REPROJECTING/outputs_batch_20260601/MeshMamba_reference_rgb_cone/_logs/rgb_texture/cone/Mushroom_v2_L1.log,Mushroom_v2_NEW.csv,32868,37,37,22640,510,horizontal_to_vertical,json_camera_static.fov_degrees,60.000001669652114,35.98339890412515,0.6136822108658199,0.6691914051000272,0.7715803791222617,0.02832300111419716,0.12040816821201078,0.5594313339901724,0.7969034529401805,0.8500990155096615,0.8892318798534785,0.9783148694795145,1.4199054680529763,2.0169911867021275,3.2338173056044437,4569571.370394341,6076.976556,,,0.976678445229682,22112,22640,31876
rgb_texture,NYC_Fire_Hydrant_v2_L3,,,,,,,,,,,,,,,,,,,,,,,,,,,,,,,,,,,,,ok,,,/home/29d_kon@lab.graphicon.ru/ssd1_link/projects/REPROJECTING/outputs_batch_20260601/MeshMamba_reference_rgb_cone/rgb_texture/baseline_cone/NYC_Fire_Hydrant_v2_L3/recenter_rotx90p0_horizontaltovertical_blender_rig/NYC_Fire_Hydrant_v2_L3_report.json,/home/29d_kon@lab.graphicon.ru/ssd1_link/projects/REPROJECTING/outputs_batch_20260601/MeshMamba_reference_rgb_cone/_logs/rgb_texture/cone/NYC_Fire_Hydrant_v2_L3.log,NYC_Fire_Hydrant_v2_l3.csv,32868,35,35,23835,510,horizontal_to_vertical,json_camera_static.fov_degrees,60.000001669652114,35.98339890412515,0.4819673020902123,0.6719408928599807,0.40936700250138236,0.015900875405032273,0.08569303145972494,0.3494274404191588,0.7485994325460216,0.8423765863572691,0.8827807996593798,0.9083444500688489,1.38952367915416,1.9959757276682568,1.8763030226814947,7589962.662729345,3791.892776,,,0.9536396056219845,22730,23835,32868
rgb_texture,Peach_L3,,,,,,,,,,,,,,,,,,,,,,,,,,,,,,,,,,,,,ok,,,/home/29d_kon@lab.graphicon.ru/ssd1_link/projects/REPROJECTING/outputs_batch_20260601/MeshMamba_reference_rgb_cone/rgb_texture/baseline_cone/Peach_L3/recenter_rotx90p0_horizontaltovertical_blender_rig/Peach_L3_report.json,/home/29d_kon@lab.graphicon.ru/ssd1_link/projects/REPROJECTING/outputs_batch_20260601/MeshMamba_reference_rgb_cone/_logs/rgb_texture/cone/Peach_L3.log,Peach.csv,32868,35,35,26016,510,horizontal_to_vertical,json_camera_static.fov_degrees,60.000001669652114,35.98339890412515,0.4255145748735273,0.5108861567080472,1.112412495693596,0.07483701485238482,0.21675021745350784,0.360411482835208,0.6408302004775634,0.6758823598802572,0.5239779447838802,0.3880718400953693,0.6318539376928279,-0.20872647607024325,-0.44825810800559557,6321727.367215748,4259.352887,,,0.952759840098401,24787,26016,30822
rgb_texture,Peanut_L3,,,,,,,,,,,,,,,,,,,,,,,,,,,,,,,,,,,,,ok,,,/home/29d_kon@lab.graphicon.ru/ssd1_link/projects/REPROJECTING/outputs_batch_20260601/MeshMamba_reference_rgb_cone/rgb_texture/baseline_cone/Peanut_L3/recenter_rotx90p0_horizontaltovertical_blender_rig/Peanut_L3_report.json,/home/29d_kon@lab.graphicon.ru/ssd1_link/projects/REPROJECTING/outputs_batch_20260601/MeshMamba_reference_rgb_cone/_logs/rgb_texture/cone/Peanut_L3.log,Peanut_v1_L3.csv,32868,35,35,19724,510,horizontal_to_vertical,json_camera_static.fov_degrees,60.000001669652114,35.98339890412515,-0.16987158096788532,0.6343385573352234,0.6845534974715224,0.08156973041035129,0.22999877174546557,-0.17697871058690637,0.6945475754969344,0.39196105916867696,0.3952473372687926,0.3011904536160535,-0.36442655907569327,-0.3755876681441205,-0.6577625993226646,4338851.806091129,8688.371176,,,0.9672987223686879,19079,19724,32810
rgb_texture,Pear_L3,,,,,,,,,,,,,,,,,,,,,,,,,,,,,,,,,,,,,ok,,,/home/29d_kon@lab.graphicon.ru/ssd1_link/projects/REPROJECTING/outputs_batch_20260601/MeshMamba_reference_rgb_cone/rgb_texture/baseline_cone/Pear_L3/recenter_rotx90p0_horizontaltovertical_blender_rig/Pear_L3_report.json,/home/29d_kon@lab.graphicon.ru/ssd1_link/projects/REPROJECTING/outputs_batch_20260601/MeshMamba_reference_rgb_cone/_logs/rgb_texture/cone/Pear_L3.log,Pear.csv,32868,36,36,24162,510,horizontal_to_vertical,json_camera_static.fov_degrees,60.000001669652114,35.98339890412515,0.2853687892031714,0.6360092267965611,1.4763630042839542,0.05208954812502589,0.17446405155308406,0.26176981566257407,0.7196178224687011,0.7110001993464197,0.7333515791708046,0.719709974404341,0.6914036602412216,0.6075583215379927,0.33181348472677363,5754189.047509364,8760.290675,,,0.9153629666418343,22117,24162,30980
rgb_texture,Penguin_V2_L3,,,,,,,,,,,,,,,,,,,,,,,,,,,,,,,,,,,,,ok,,,/home/29d_kon@lab.graphicon.ru/ssd1_link/projects/REPROJECTING/outputs_batch_20260601/MeshMamba_reference_rgb_cone/rgb_texture/baseline_cone/Penguin_V2_L3/recenter_rotx90p0_horizontaltovertical_blender_rig/Penguin_V2_L3_report.json,/home/29d_kon@lab.graphicon.ru/ssd1_link/projects/REPROJECTING/outputs_batch_20260601/MeshMamba_reference_rgb_cone/_logs/rgb_texture/cone/Penguin_V2_L3.log,Penguin_v1_iterations-2.csv,32868,36,36,20175,510,horizontal_to_vertical,json_camera_static.fov_degrees,60.000001669652114,35.98339890412515,0.045405375524069515,0.649449901636046,0.40573993363381555,0.05336659717538696,0.18267729639983699,0.1219295175613976,0.6017481839116926,0.5490066890735895,0.5288475632163917,0.41943243044049733,0.014337484198106466,-0.050863470861991195,-0.3146710032635076,4770327.275884634,8140.140431,,,0.9236679058240397,18635,20175,32868
rgb_texture,Pierrot_Mask_v1_L3,,,,,,,,,,,,,,,,,,,,,,,,,,,,,,,,,,,,,ok,,,/home/29d_kon@lab.graphicon.ru/ssd1_link/projects/REPROJECTING/outputs_batch_20260601/MeshMamba_reference_rgb_cone/rgb_texture/baseline_cone/Pierrot_Mask_v1_L3/recenter_rotx90p0_horizontaltovertical_blender_rig/Pierrot_Mask_v1_L3_report.json,/home/29d_kon@lab.graphicon.ru/ssd1_link/projects/REPROJECTING/outputs_batch_20260601/MeshMamba_reference_rgb_cone/_logs/rgb_texture/cone/Pierrot_Mask_v1_L3.log,Pierrot_Mask_v1_l3.csv,32868,36,36,24249,510,horizontal_to_vertical,json_camera_static.fov_degrees,60.000001669652114,35.98339890412515,0.17959252925044147,0.6158314355586387,0.560531181222814,0.06493836195340008,0.1905572478814655,0.16461173789164915,0.6860614197366807,0.6701764015779581,0.6457624714565439,0.6887389563199866,0.470652160569605,0.32353326336100685,0.28898798006951704,8556215.11189087,6802.562759,,,0.8542207926100045,20714,24249,32868
rgb_texture,Pirate_Shipmate_Old_v1_L1,,,,,,,,,,,,,,,,,,,,,,,,,,,,,,,,,,,,,ok,,,/home/29d_kon@lab.graphicon.ru/ssd1_link/projects/REPROJECTING/outputs_batch_20260601/MeshMamba_reference_rgb_cone/rgb_texture/baseline_cone/Pirate_Shipmate_Old_v1_L1/recenter_rotx90p0_horizontaltovertical_blender_rig/Pirate_Shipmate_Old_v1_L1_report.json,/home/29d_kon@lab.graphicon.ru/ssd1_link/projects/REPROJECTING/outputs_batch_20260601/MeshMamba_reference_rgb_cone/_logs/rgb_texture/cone/Pirate_Shipmate_Old_v1_L1.log,Pirate_Shipmate_Old_v1_L1.csv,32868,35,35,23364,510,horizontal_to_vertical,json_camera_static.fov_degrees,60.000001669652114,35.98339890412515,0.32869052226452933,0.6629160672122725,0.3592204353318075,0.04998155656967942,0.15627574193590946,0.546877393405795,0.6981788210241816,0.742874933894442,0.7850280922778847,0.8127670690425172,0.34776300003154614,0.44726765698949766,0.5768552863936681,9858115.199811753,5490.046625000001,,,0.7262455059065228,16968,23364,32868
rgb_texture,Plate,,,,,,,,,,,,,,,,,,,,,,,,,,,,,,,,,,,,,ok,,,/home/29d_kon@lab.graphicon.ru/ssd1_link/projects/REPROJECTING/outputs_batch_20260601/MeshMamba_reference_rgb_cone/rgb_texture/baseline_cone/Plate/recenter_rotx90p0_horizontaltovertical_blender_rig/Plate_report.json,/home/29d_kon@lab.graphicon.ru/ssd1_link/projects/REPROJECTING/outputs_batch_20260601/MeshMamba_reference_rgb_cone/_logs/rgb_texture/cone/Plate.log,Plate.csv,32868,35,35,25112,510,horizontal_to_vertical,json_camera_static.fov_degrees,60.000001669652114,35.98339890412515,0.08292079165709887,0.5982822728637661,0.6156398536565957,0.01819937114223355,0.08571122613834177,0.04843282335354625,0.5648616171054085,0.5311937911205985,0.5495673909208276,0.3919427152696166,0.28974238615320774,0.4208536721826785,-0.37437533735797657,6675020.164018283,3804.376035,,,0.9510592545396623,23883,25112,32868
rgb_texture,PoloTeamShirt_v2_L3,,,,,,,,,,,,,,,,,,,,,,,,,,,,,,,,,,,,,ok,,,/home/29d_kon@lab.graphicon.ru/ssd1_link/projects/REPROJECTING/outputs_batch_20260601/MeshMamba_reference_rgb_cone/rgb_texture/baseline_cone/PoloTeamShirt_v2_L3/recenter_rotx90p0_horizontaltovertical_blender_rig/PoloTeamShirt_v2_L3_report.json,/home/29d_kon@lab.graphicon.ru/ssd1_link/projects/REPROJECTING/outputs_batch_20260601/MeshMamba_reference_rgb_cone/_logs/rgb_texture/cone/PoloTeamShirt_v2_L3.log,Polo_Team_Shirt_v2_L3.csv,32868,35,35,21518,510,horizontal_to_vertical,json_camera_static.fov_degrees,60.000001669652114,35.98339890412515,0.061466229582155946,0.5307928642775768,0.8110198651259295,0.05192023360089298,0.15345067366788764,0.15472892726958698,0.5245657442392639,0.4857579926236168,0.3804694654370928,0.30033013458434865,-0.10781890168599297,-0.39513657865433405,-0.5349377365368071,4138045.473005883,6311.192399,,,0.9471140440561391,20380,21518,32868
rgb_texture,Possum_wooden_v1_L3,,,,,,,,,,,,,,,,,,,,,,,,,,,,,,,,,,,,,ok,,,/home/29d_kon@lab.graphicon.ru/ssd1_link/projects/REPROJECTING/outputs_batch_20260601/MeshMamba_reference_rgb_cone/rgb_texture/baseline_cone/Possum_wooden_v1_L3/recenter_rotx90p0_horizontaltovertical_blender_rig/Possum_wooden_v1_L3_report.json,/home/29d_kon@lab.graphicon.ru/ssd1_link/projects/REPROJECTING/outputs_batch_20260601/MeshMamba_reference_rgb_cone/_logs/rgb_texture/cone/Possum_wooden_v1_L3.log,Possum_wooden_v1_L3.csv,32868,36,36,24963,510,horizontal_to_vertical,json_camera_static.fov_degrees,60.000001669652114,35.98339890412515,-0.07198252223355861,0.25794865158789776,1.5436591897562333,0.0767676772261296,0.18596036259285093,0.10379070865824291,0.2711197371667741,0.6258308684830225,0.6726362464957706,0.6864577564206095,-0.11861690299007942,-0.012394275925641192,0.03309257656873915,6135679.944188347,4139.995085,,,0.9326603372992028,23282,24963,32840
rgb_texture,Raptor_Claw_Fossil_v2_L3,,,,,,,,,,,,,,,,,,,,,,,,,,,,,,,,,,,,,ok,,,/home/29d_kon@lab.graphicon.ru/ssd1_link/projects/REPROJECTING/outputs_batch_20260601/MeshMamba_reference_rgb_cone/rgb_texture/baseline_cone/Raptor_Claw_Fossil_v2_L3/recenter_rotx90p0_horizontaltovertical_blender_rig/Raptor_Claw_Fossil_v2_L3_report.json,/home/29d_kon@lab.graphicon.ru/ssd1_link/projects/REPROJECTING/outputs_batch_20260601/MeshMamba_reference_rgb_cone/_logs/rgb_texture/cone/Raptor_Claw_Fossil_v2_L3.log,Raptor_Claw_Fossil_v2_l3.csv,32868,35,35,25079,510,horizontal_to_vertical,json_camera_static.fov_degrees,60.000001669652114,35.98339890412515,0.0007962787991133251,0.6290254743143043,0.4804596986369376,0.06400370766057821,0.2088551833092624,0.020178009402276875,0.7048161984388208,0.4652624336531395,0.4886352355135142,0.6352760601236899,-0.12824800183455842,-0.08978201894887743,0.2994185370755044,9341401.76425058,8015.121369,,,0.9241995294868216,23178,25079,32868
rgb_texture,Rhinoceros_v1_L3,,,,,,,,,,,,,,,,,,,,,,,,,,,,,,,,,,,,,ok,,,/home/29d_kon@lab.graphicon.ru/ssd1_link/projects/REPROJECTING/outputs_batch_20260601/MeshMamba_reference_rgb_cone/rgb_texture/baseline_cone/Rhinoceros_v1_L3/recenter_rotx90p0_horizontaltovertical_blender_rig/Rhinoceros_v1_L3_report.json,/home/29d_kon@lab.graphicon.ru/ssd1_link/projects/REPROJECTING/outputs_batch_20260601/MeshMamba_reference_rgb_cone/_logs/rgb_texture/cone/Rhinoceros_v1_L3.log,Rhinoceros_v1_L3.csv,32868,35,35,29939,510,horizontal_to_vertical,json_camera_static.fov_degrees,60.000001669652114,35.98339890412515,0.009991333651102177,0.5215231662650099,0.8616109269529435,0.07489915641670881,0.21351051601003904,-0.014999084559373708,0.557401689415393,0.506746045136419,0.5493058107557166,0.410085405112649,0.13844371683264098,0.338731969208147,-0.40039151656098615,6087104.730372695,8494.176033,,,0.9210060456261064,27574,29939,32868
rgb_texture,Rocket_Ship_v1_L3,,,,,,,,,,,,,,,,,,,,,,,,,,,,,,,,,,,,,ok,,,/home/29d_kon@lab.graphicon.ru/ssd1_link/projects/REPROJECTING/outputs_batch_20260601/MeshMamba_reference_rgb_cone/rgb_texture/baseline_cone/Rocket_Ship_v1_L3/recenter_rotx90p0_horizontaltovertical_blender_rig/Rocket_Ship_v1_L3_report.json,/home/29d_kon@lab.graphicon.ru/ssd1_link/projects/REPROJECTING/outputs_batch_20260601/MeshMamba_reference_rgb_cone/_logs/rgb_texture/cone/Rocket_Ship_v1_L3.log,Rocket_Ship_v1_L3.csv,32868,35,35,22201,510,horizontal_to_vertical,json_camera_static.fov_degrees,60.000001669652114,35.98339890412515,0.6095914812846994,0.6864292112190802,0.41662756271152523,0.04333672566683521,0.15501593515290943,0.4877015546157025,0.8030397036075609,0.8199943173466033,0.7691661457466432,0.5396410909667343,1.3350291887051842,1.2943004467943864,0.1509376409523165,9497634.7983406,6228.2789330000005,,,0.8321246790685104,18474,22201,32868
rgb_texture,Rubber_Duck_v1_L3,,,,,,,,,,,,,,,,,,,,,,,,,,,,,,,,,,,,,ok,,,/home/29d_kon@lab.graphicon.ru/ssd1_link/projects/REPROJECTING/outputs_batch_20260601/MeshMamba_reference_rgb_cone/rgb_texture/baseline_cone/Rubber_Duck_v1_L3/recenter_rotx90p0_horizontaltovertical_blender_rig/Rubber_Duck_v1_L3_report.json,/home/29d_kon@lab.graphicon.ru/ssd1_link/projects/REPROJECTING/outputs_batch_20260601/MeshMamba_reference_rgb_cone/_logs/rgb_texture/cone/Rubber_Duck_v1_L3.log,Rubber_Duck_v1_L3.csv,32868,37,37,30780,510,horizontal_to_vertical,json_camera_static.fov_degrees,60.000001669652114,35.98339890412515,0.15155102357080352,0.5475946845335045,1.7208575521525653,0.027709511126764234,0.11743256984359637,0.17966307383255278,0.5449461261955832,0.7390481213083488,0.8246468847969587,0.9361943596139157,0.494351895738673,0.8152772629018883,1.5399614415059195,4139279.4217889374,4717.891278000001,,,0.9626055880441845,29629,30780,29680
rgb_texture,SLR_Camera_V1_L3,,,,,,,,,,,,,,,,,,,,,,,,,,,,,,,,,,,,,ok,,,/home/29d_kon@lab.graphicon.ru/ssd1_link/projects/REPROJECTING/outputs_batch_20260601/MeshMamba_reference_rgb_cone/rgb_texture/baseline_cone/SLR_Camera_V1_L3/recenter_rotx90p0_horizontaltovertical_blender_rig/SLR_Camera_V1_L3_report.json,/home/29d_kon@lab.graphicon.ru/ssd1_link/projects/REPROJECTING/outputs_batch_20260601/MeshMamba_reference_rgb_cone/_logs/rgb_texture/cone/SLR_Camera_V1_L3.log,SLR_Camera_SG_V1_Iteration2.csv,32868,35,35,31072,510,horizontal_to_vertical,json_camera_static.fov_degrees,60.000001669652114,35.98339890412515,0.2248348371515399,0.5047642312947958,0.9150923888364361,0.02244302171914653,0.09972824191365467,0.3517490015445793,0.547358812597118,0.6775860965853407,0.7516297257615173,0.7558177790112235,0.5032269016169821,0.7834828621756562,0.6157489957706153,2421091.5448862854,3082.43652,,,0.9850669412976313,30608,31072,32189
rgb_texture,SeaHorse_v2_L3,,,,,,,,,,,,,,,,,,,,,,,,,,,,,,,,,,,,,ok,,,/home/29d_kon@lab.graphicon.ru/ssd1_link/projects/REPROJECTING/outputs_batch_20260601/MeshMamba_reference_rgb_cone/rgb_texture/baseline_cone/SeaHorse_v2_L3/recenter_rotx90p0_horizontaltovertical_blender_rig/SeaHorse_v2_L3_report.json,/home/29d_kon@lab.graphicon.ru/ssd1_link/projects/REPROJECTING/outputs_batch_20260601/MeshMamba_reference_rgb_cone/_logs/rgb_texture/cone/SeaHorse_v2_L3.log,SeaHorse_v1_iterations-2.csv,32868,36,36,20596,510,horizontal_to_vertical,json_camera_static.fov_degrees,60.000001669652114,35.98339890412515,0.2791005214325771,0.7397032923134277,0.21381272790586894,0.062217688763594695,0.188549952444045,0.42360487457525925,0.8057878658387292,0.7759423170467455,0.8094777385198111,0.8113451139436977,0.4493344598119338,0.5367003854186586,0.4163332343303803,12301789.99449609,10811.74927,,,0.8514760147601476,17537,20596,32868
rgb_texture,Seagull_v1_L3,,,,,,,,,,,,,,,,,,,,,,,,,,,,,,,,,,,,,ok,,,/home/29d_kon@lab.graphicon.ru/ssd1_link/projects/REPROJECTING/outputs_batch_20260601/MeshMamba_reference_rgb_cone/rgb_texture/baseline_cone/Seagull_v1_L3/recenter_rotx90p0_horizontaltovertical_blender_rig/Seagull_v1_L3_report.json,/home/29d_kon@lab.graphicon.ru/ssd1_link/projects/REPROJECTING/outputs_batch_20260601/MeshMamba_reference_rgb_cone/_logs/rgb_texture/cone/Seagull_v1_L3.log,Seagull_v1_L3.csv,32868,35,35,26129,510,horizontal_to_vertical,json_camera_static.fov_degrees,60.000001669652114,35.98339890412515,-0.007770927330634662,0.4458682027785259,0.9510738545530619,0.07779032192157102,0.2022914820426673,0.011464474381553794,0.47005269821306306,0.611327760800587,0.6774196131181143,0.7617127859007816,-0.015669872127501896,0.09389035243138143,0.2506314159705806,6248537.660496026,6864.62943,,,0.8559072295150981,22364,26129,32794
rgb_texture,Seal_wooden_v1_L3,,,,,,,,,,,,,,,,,,,,,,,,,,,,,,,,,,,,,ok,,,/home/29d_kon@lab.graphicon.ru/ssd1_link/projects/REPROJECTING/outputs_batch_20260601/MeshMamba_reference_rgb_cone/rgb_texture/baseline_cone/Seal_wooden_v1_L3/recenter_rotx90p0_horizontaltovertical_blender_rig/Seal_wooden_v1_L3_report.json,/home/29d_kon@lab.graphicon.ru/ssd1_link/projects/REPROJECTING/outputs_batch_20260601/MeshMamba_reference_rgb_cone/_logs/rgb_texture/cone/Seal_wooden_v1_L3.log,Seal_wooden_v1_L3.csv,32868,35,35,24200,510,horizontal_to_vertical,json_camera_static.fov_degrees,60.000001669652114,35.98339890412515,0.5509955139545468,0.6434774045734473,0.5176481757247899,0.04361936000617858,0.14578707124978138,0.5443965374485472,0.7504378166771093,0.8358364543583244,0.8577506022723801,0.9242135063362356,1.275224155376542,1.4712242614690807,1.8318353787928854,4002440.1993106687,7107.087051999999,,,0.9495867768595041,22980,24200,32421
rgb_texture,Sheep_doll_v1_L3,,,,,,,,,,,,,,,,,,,,,,,,,,,,,,,,,,,,,ok,,,/home/29d_kon@lab.graphicon.ru/ssd1_link/projects/REPROJECTING/outputs_batch_20260601/MeshMamba_reference_rgb_cone/rgb_texture/baseline_cone/Sheep_doll_v1_L3/recenter_rotx90p0_horizontaltovertical_blender_rig/Sheep_doll_v1_L3_report.json,/home/29d_kon@lab.graphicon.ru/ssd1_link/projects/REPROJECTING/outputs_batch_20260601/MeshMamba_reference_rgb_cone/_logs/rgb_texture/cone/Sheep_doll_v1_L3.log,Sheep_doll_v1_iterations-2.csv,32868,36,36,29614,510,horizontal_to_vertical,json_camera_static.fov_degrees,60.000001669652114,35.98339890412515,0.4156717419515279,0.5986699461385221,0.7213503760190915,0.028468036782822826,0.11308354092395395,0.37711949259972416,0.6809749908824848,0.6525173818240474,0.5258709358108087,0.164894014019744,1.0149750064770344,0.8967812876107721,-0.6575458380805874,6544205.85179788,4889.002393999999,,,0.9312825015195516,27579,29614,32868
rgb_texture,SittingBaby_v1_L1,,,,,,,,,,,,,,,,,,,,,,,,,,,,,,,,,,,,,ok,,,/home/29d_kon@lab.graphicon.ru/ssd1_link/projects/REPROJECTING/outputs_batch_20260601/MeshMamba_reference_rgb_cone/rgb_texture/baseline_cone/SittingBaby_v1_L1/recenter_rotx90p0_horizontaltovertical_blender_rig/SittingBaby_v1_L1_report.json,/home/29d_kon@lab.graphicon.ru/ssd1_link/projects/REPROJECTING/outputs_batch_20260601/MeshMamba_reference_rgb_cone/_logs/rgb_texture/cone/SittingBaby_v1_L1.log,SittingBaby.csv,32868,35,35,21469,510,horizontal_to_vertical,json_camera_static.fov_degrees,60.000001669652114,35.98339890412515,0.5302409358578856,0.5969217205736432,0.8440495751243688,0.015475870241244466,0.07795424954091128,0.22033751398127568,0.7076793728831307,0.7434619634884942,0.7916782480785571,0.9156830835029761,1.4634761080532752,2.254942422403825,2.3669904131632817,3204823.1216815654,3591.208147,,,0.9274768270529601,19912,21469,32040
rgb_texture,Sitting_inside_an_egg_v1_L1,,,,,,,,,,,,,,,,,,,,,,,,,,,,,,,,,,,,,ok,,,/home/29d_kon@lab.graphicon.ru/ssd1_link/projects/REPROJECTING/outputs_batch_20260601/MeshMamba_reference_rgb_cone/rgb_texture/baseline_cone/Sitting_inside_an_egg_v1_L1/recenter_rotx90p0_horizontaltovertical_blender_rig/Sitting_inside_an_egg_v1_L1_report.json,/home/29d_kon@lab.graphicon.ru/ssd1_link/projects/REPROJECTING/outputs_batch_20260601/MeshMamba_reference_rgb_cone/_logs/rgb_texture/cone/Sitting_inside_an_egg_v1_L1.log,Sitting_inside_an_egg_Texture.csv,32868,36,36,24240,510,horizontal_to_vertical,json_camera_static.fov_degrees,60.000001669652114,35.98339890412515,0.6025826543594526,0.6162136039437927,0.711561751776688,0.020014493703491478,0.0877092601392727,0.4074977069167652,0.7397165891932295,0.87088670342719,0.8706956596647534,0.9695441458092234,1.596996337625213,2.0027739269692466,3.3267112125359746,6341039.472956641,3683.201102,,,0.9371287128712872,22716,24240,32651
rgb_texture,Soda_Can_v3_L3,,,,,,,,,,,,,,,,,,,,,,,,,,,,,,,,,,,,,ok,,,/home/29d_kon@lab.graphicon.ru/ssd1_link/projects/REPROJECTING/outputs_batch_20260601/MeshMamba_reference_rgb_cone/rgb_texture/baseline_cone/Soda_Can_v3_L3/recenter_rotx90p0_horizontaltovertical_blender_rig/Soda_Can_v3_L3_report.json,/home/29d_kon@lab.graphicon.ru/ssd1_link/projects/REPROJECTING/outputs_batch_20260601/MeshMamba_reference_rgb_cone/_logs/rgb_texture/cone/Soda_Can_v3_L3.log,Soda_Can_v3_l3.csv,32868,36,36,24280,510,horizontal_to_vertical,json_camera_static.fov_degrees,60.000001669652114,35.98339890412515,-0.12977872352176661,0.49793213669201547,1.3120310435283495,0.07253980331720447,0.20736351641899398,-0.08124741435387825,0.47401598028308983,0.5708504203835771,0.5116419001728659,0.5872821214028787,-0.03278457820558033,-0.1657903197740782,-0.06470356210189095,2447591.27688312,7743.4137519999995,,,0.9744645799011532,23660,24280,31648
rgb_texture,Spark_Plug_v1_L3,,,,,,,,,,,,,,,,,,,,,,,,,,,,,,,,,,,,,ok,,,/home/29d_kon@lab.graphicon.ru/ssd1_link/projects/REPROJECTING/outputs_batch_20260601/MeshMamba_reference_rgb_cone/rgb_texture/baseline_cone/Spark_Plug_v1_L3/recenter_rotx90p0_horizontaltovertical_blender_rig/Spark_Plug_v1_L3_report.json,/home/29d_kon@lab.graphicon.ru/ssd1_link/projects/REPROJECTING/outputs_batch_20260601/MeshMamba_reference_rgb_cone/_logs/rgb_texture/cone/Spark_Plug_v1_L3.log,Spark_Plug_v1_l3.csv,32868,36,36,29872,510,horizontal_to_vertical,json_camera_static.fov_degrees,60.000001669652114,35.98339890412515,0.16091068331554453,0.6159301349653004,0.6589549218242361,0.07157301571251017,0.21508048284478914,0.17357520026221834,0.6981940530341771,0.6074400839462039,0.6551967149076791,0.5750933343396856,0.24959519327872187,0.34753204699120743,0.01423831802370299,13151105.972409453,10520.210308000002,,,0.9223018211033744,27551,29872,32868
rgb_texture,Spinning_Top_v1_L3,,,,,,,,,,,,,,,,,,,,,,,,,,,,,,,,,,,,,ok,,,/home/29d_kon@lab.graphicon.ru/ssd1_link/projects/REPROJECTING/outputs_batch_20260601/MeshMamba_reference_rgb_cone/rgb_texture/baseline_cone/Spinning_Top_v1_L3/recenter_rotx90p0_horizontaltovertical_blender_rig/Spinning_Top_v1_L3_report.json,/home/29d_kon@lab.graphicon.ru/ssd1_link/projects/REPROJECTING/outputs_batch_20260601/MeshMamba_reference_rgb_cone/_logs/rgb_texture/cone/Spinning_Top_v1_L3.log,Spinning_Top_v1_L3.csv,32868,37,37,18350,510,horizontal_to_vertical,json_camera_static.fov_degrees,60.000001669652114,35.98339890412515,-0.3737025633322943,0.34112603575623984,9.579885145183706,0.1531346318091142,0.32338641207830304,-0.31999286952039885,0.3207072468922217,0.2128261016836231,0.21839998616074854,0.5,-0.925578626797347,-1.047189887090346,-1.1484956158695974,3250997.8398308074,6838.935173,,,0.9652316076294278,17712,18350,25473
rgb_texture,Squirrel_wooden_v2_L3,,,,,,,,,,,,,,,,,,,,,,,,,,,,,,,,,,,,,ok,,,/home/29d_kon@lab.graphicon.ru/ssd1_link/projects/REPROJECTING/outputs_batch_20260601/MeshMamba_reference_rgb_cone/rgb_texture/baseline_cone/Squirrel_wooden_v2_L3/recenter_rotx90p0_horizontaltovertical_blender_rig/Squirrel_wooden_v2_L3_report.json,/home/29d_kon@lab.graphicon.ru/ssd1_link/projects/REPROJECTING/outputs_batch_20260601/MeshMamba_reference_rgb_cone/_logs/rgb_texture/cone/Squirrel_wooden_v2_L3.log,Squirrel_wooden_v2_L3.csv,32868,36,36,19449,510,horizontal_to_vertical,json_camera_static.fov_degrees,60.000001669652114,35.98339890412515,0.2550400472811795,0.49872466146755146,1.1028148216368212,0.021349245290664617,0.09853291300517732,0.06781168744295447,0.5290751549846632,0.7687774726759493,0.8257319238024527,0.8162304369664048,0.8130586694168975,1.0034278930595035,0.6261110823154532,1856467.938419906,3794.045488,,,0.9695100005141652,18856,19449,32530
rgb_texture,StandingBaby_v2_L1,,,,,,,,,,,,,,,,,,,,,,,,,,,,,,,,,,,,,ok,,,/home/29d_kon@lab.graphicon.ru/ssd1_link/projects/REPROJECTING/outputs_batch_20260601/MeshMamba_reference_rgb_cone/rgb_texture/baseline_cone/StandingBaby_v2_L1/recenter_rotx90p0_horizontaltovertical_blender_rig/StandingBaby_v2_L1_report.json,/home/29d_kon@lab.graphicon.ru/ssd1_link/projects/REPROJECTING/outputs_batch_20260601/MeshMamba_reference_rgb_cone/_logs/rgb_texture/cone/StandingBaby_v2_L1.log,StandingBaby.csv,32868,35,35,21469,510,horizontal_to_vertical,json_camera_static.fov_degrees,60.000001669652114,35.98339890412515,0.4402179743283901,0.6404265930175274,0.4493857602105538,0.05423010707121154,0.16828174964765844,0.1787959359582022,0.7245326667980458,0.6676671800705167,0.7499916426817477,0.9136119191457043,1.0833150667055709,1.6154792723583093,2.272387545971729,7728582.216584954,8676.806453000001,,,0.8953374633192044,19222,21469,32868
rgb_texture,Starfruit_L3,,,,,,,,,,,,,,,,,,,,,,,,,,,,,,,,,,,,,ok,,,/home/29d_kon@lab.graphicon.ru/ssd1_link/projects/REPROJECTING/outputs_batch_20260601/MeshMamba_reference_rgb_cone/rgb_texture/baseline_cone/Starfruit_L3/recenter_rotx90p0_horizontaltovertical_blender_rig/Starfruit_L3_report.json,/home/29d_kon@lab.graphicon.ru/ssd1_link/projects/REPROJECTING/outputs_batch_20260601/MeshMamba_reference_rgb_cone/_logs/rgb_texture/cone/Starfruit_L3.log,Starfruit-L3.csv,32868,35,35,21946,510,horizontal_to_vertical,json_camera_static.fov_degrees,60.000001669652114,35.98339890412515,0.08972073886846522,0.6952879022031502,0.3063346813451475,0.044296275433750205,0.16670055279044615,-0.059979253046548796,0.7664565653072906,0.6893981458736326,0.7892160535473055,0.7746501719563832,0.6350613354288074,0.9947409532801402,0.8910041865260941,4923879.233110361,8732.193847999999,,,0.960949603572405,21089,21946,32868
rgb_texture,Statue_v1_L2_David,,,,,,,,,,,,,,,,,,,,,,,,,,,,,,,,,,,,,ok,,,/home/29d_kon@lab.graphicon.ru/ssd1_link/projects/REPROJECTING/outputs_batch_20260601/MeshMamba_reference_rgb_cone/rgb_texture/baseline_cone/Statue_v1_L2_David/recenter_rotx90p0_horizontaltovertical_blender_rig/Statue_v1_L2_David_report.json,/home/29d_kon@lab.graphicon.ru/ssd1_link/projects/REPROJECTING/outputs_batch_20260601/MeshMamba_reference_rgb_cone/_logs/rgb_texture/cone/Statue_v1_L2_David.log,Statue_v1_L2_David.csv,32868,36,36,24461,510,horizontal_to_vertical,json_camera_static.fov_degrees,60.000001669652114,35.98339890412515,0.4533972237155429,0.6495106787295506,0.4236147276385247,0.058480606116285264,0.18611032053440613,0.3107838436623989,0.7736338878731635,0.8861600145885008,0.9147903026120653,0.9108132200676468,1.2736957734572554,1.531961811832589,1.6316141562466793,13404624.468292806,7071.216439,,,0.8666039818486571,21198,24461,32868
rgb_texture,Statue_v1_L2_Venus,,,,,,,,,,,,,,,,,,,,,,,,,,,,,,,,,,,,,ok,,,/home/29d_kon@lab.graphicon.ru/ssd1_link/projects/REPROJECTING/outputs_batch_20260601/MeshMamba_reference_rgb_cone/rgb_texture/baseline_cone/Statue_v1_L2_Venus/recenter_rotx90p0_horizontaltovertical_blender_rig/Statue_v1_L2_Venus_report.json,/home/29d_kon@lab.graphicon.ru/ssd1_link/projects/REPROJECTING/outputs_batch_20260601/MeshMamba_reference_rgb_cone/_logs/rgb_texture/cone/Statue_v1_L2_Venus.log,Statue_v1_L2_Venus.csv,32868,35,35,18440,510,horizontal_to_vertical,json_camera_static.fov_degrees,60.000001669652114,35.98339890412515,0.6870471892311247,0.6338170159024779,0.4480634559188804,0.03700383620647221,0.14786359386837675,0.6307281285629663,0.8033431375251859,0.9463553518651489,0.9523434446364486,0.9427109259863147,1.8242032826151662,2.008762828393935,2.0014986625538693,11210078.26402465,5311.9028530000005,,,0.9353579175704989,17248,18440,32868
rgb_texture,Statue_v1_L3_eagle,,,,,,,,,,,,,,,,,,,,,,,,,,,,,,,,,,,,,ok,,,/home/29d_kon@lab.graphicon.ru/ssd1_link/projects/REPROJECTING/outputs_batch_20260601/MeshMamba_reference_rgb_cone/rgb_texture/baseline_cone/Statue_v1_L3_eagle/recenter_rotx90p0_horizontaltovertical_blender_rig/Statue_v1_L3_eagle_report.json,/home/29d_kon@lab.graphicon.ru/ssd1_link/projects/REPROJECTING/outputs_batch_20260601/MeshMamba_reference_rgb_cone/_logs/rgb_texture/cone/Statue_v1_L3_eagle.log,Statue_v1_l3_eagle.csv,32868,35,35,20304,510,horizontal_to_vertical,json_camera_static.fov_degrees,60.000001669652114,35.98339890412515,0.3919596332811571,0.6167217227531571,0.4754113153969606,0.03628661729765704,0.13754988646576072,0.5196920515956466,0.70318755308237,0.7404040430946582,0.7511580924867203,0.8090726480106034,0.40604222151205493,0.3535178630911998,0.5580327756692511,5906269.709935751,5278.377661,,,0.9168144208037825,18615,20304,32790
rgb_texture,Statue_willendorf_V1_L3,,,,,,,,,,,,,,,,,,,,,,,,,,,,,,,,,,,,,ok,,,/home/29d_kon@lab.graphicon.ru/ssd1_link/projects/REPROJECTING/outputs_batch_20260601/MeshMamba_reference_rgb_cone/rgb_texture/baseline_cone/Statue_willendorf_V1_L3/recenter_rotx90p0_horizontaltovertical_blender_rig/Statue_willendorf_V1_L3_report.json,/home/29d_kon@lab.graphicon.ru/ssd1_link/projects/REPROJECTING/outputs_batch_20260601/MeshMamba_reference_rgb_cone/_logs/rgb_texture/cone/Statue_willendorf_V1_L3.log,Statue_willendorf_V1_L3.csv,32868,38,38,25583,510,horizontal_to_vertical,json_camera_static.fov_degrees,60.000001669652114,35.98339890412515,0.03205550137528414,0.5799897262487259,0.7906192142808641,0.07718083045488894,0.21236089585713303,-0.007708756602778573,0.6198147338176953,0.4611058607652008,0.4776570213473571,0.31301180692124325,0.023015997446657475,0.08214369010677468,-0.5126846204166011,5472736.177464642,6940.340125999999,,,0.9631786733377634,24641,25583,32868
rgb_texture,Stone_Chess_Bishop_Side_A_v2_L1,,,,,,,,,,,,,,,,,,,,,,,,,,,,,,,,,,,,,ok,,,/home/29d_kon@lab.graphicon.ru/ssd1_link/projects/REPROJECTING/outputs_batch_20260601/MeshMamba_reference_rgb_cone/rgb_texture/baseline_cone/Stone_Chess_Bishop_Side_A_v2_L1/recenter_rotx90p0_horizontaltovertical_blender_rig/Stone_Chess_Bishop_Side_A_v2_L1_report.json,/home/29d_kon@lab.graphicon.ru/ssd1_link/projects/REPROJECTING/outputs_batch_20260601/MeshMamba_reference_rgb_cone/_logs/rgb_texture/cone/Stone_Chess_Bishop_Side_A_v2_L1.log,Stone_Chess_Bishop_V2_l1.csv,32868,36,36,21288,510,horizontal_to_vertical,json_camera_static.fov_degrees,60.000001669652114,35.98339890412515,0.6124050935598545,0.7209162439437067,0.33084587444850244,0.033179645917621764,0.12471246618448704,0.6832046512213492,0.8013832869043201,0.9062563407778658,0.8742059865827834,0.911390409133543,1.5398611908342377,1.2630077544833993,1.60883035082807,9237851.93242746,3938.411239,,,0.9494081172491544,20211,21288,32771
rgb_texture,Stone_Chess_Knight_Side_A_v2_L1,,,,,,,,,,,,,,,,,,,,,,,,,,,,,,,,,,,,,ok,,,/home/29d_kon@lab.graphicon.ru/ssd1_link/projects/REPROJECTING/outputs_batch_20260601/MeshMamba_reference_rgb_cone/rgb_texture/baseline_cone/Stone_Chess_Knight_Side_A_v2_L1/recenter_rotx90p0_horizontaltovertical_blender_rig/Stone_Chess_Knight_Side_A_v2_L1_report.json,/home/29d_kon@lab.graphicon.ru/ssd1_link/projects/REPROJECTING/outputs_batch_20260601/MeshMamba_reference_rgb_cone/_logs/rgb_texture/cone/Stone_Chess_Knight_Side_A_v2_L1.log,Stone_Chess_Knight_Side_A_v2_l1.csv,32868,35,35,23270,510,horizontal_to_vertical,json_camera_static.fov_degrees,60.000001669652114,35.98339890412515,-0.10984756593563046,0.5828857681088275,0.7006754064375162,0.06640376020198126,0.18898359372317153,-0.0933622217325194,0.5928981221053269,0.3414871534998389,0.3093901717469811,0.2887808886992845,-0.43655779937342465,-0.5373230246891844,-0.6161469267845394,5624613.161618312,7722.510323,,,0.9266007735281478,21562,23270,32868
rgb_texture,TomatoBeefSteak_V1_L3,,,,,,,,,,,,,,,,,,,,,,,,,,,,,,,,,,,,,ok,,,/home/29d_kon@lab.graphicon.ru/ssd1_link/projects/REPROJECTING/outputs_batch_20260601/MeshMamba_reference_rgb_cone/rgb_texture/baseline_cone/TomatoBeefSteak_V1_L3/recenter_rotx90p0_horizontaltovertical_blender_rig/TomatoBeefSteak_V1_L3_report.json,/home/29d_kon@lab.graphicon.ru/ssd1_link/projects/REPROJECTING/outputs_batch_20260601/MeshMamba_reference_rgb_cone/_logs/rgb_texture/cone/TomatoBeefSteak_V1_L3.log,TomatoBeefSteak_v1.csv,32868,36,36,20020,510,horizontal_to_vertical,json_camera_static.fov_degrees,60.000001669652114,35.98339890412515,0.4807282852654433,0.6420195750766731,0.9648782911547295,0.03433832364326944,0.11488552216149159,0.6630344784269137,0.7054052020091625,0.7124534905920121,0.6357265010912436,0.44377011789733545,0.557112794961377,0.31674876268818214,-0.4819906056333605,3527134.6978375707,4836.8679329999995,,,0.9383616383616383,18786,20020,27886
rgb_texture,Tricorn_Hat_v1_L2,,,,,,,,,,,,,,,,,,,,,,,,,,,,,,,,,,,,,ok,,,/home/29d_kon@lab.graphicon.ru/ssd1_link/projects/REPROJECTING/outputs_batch_20260601/MeshMamba_reference_rgb_cone/rgb_texture/baseline_cone/Tricorn_Hat_v1_L2/recenter_rotx90p0_horizontaltovertical_blender_rig/Tricorn_Hat_v1_L2_report.json,/home/29d_kon@lab.graphicon.ru/ssd1_link/projects/REPROJECTING/outputs_batch_20260601/MeshMamba_reference_rgb_cone/_logs/rgb_texture/cone/Tricorn_Hat_v1_L2.log,Tricorn_Hat_v1_l2.csv,32868,35,35,24101,510,horizontal_to_vertical,json_camera_static.fov_degrees,60.000001669652114,35.98339890412515,-0.10802489773319551,0.44510584210236126,0.9448483937663859,0.10379666182006256,0.2575661354734209,-0.19184639191405065,0.4729021177736142,0.49223623189417853,0.545964617257422,0.6761093608408746,-0.15406835946110786,-0.045307742579457216,0.25250663987261307,3381113.988125652,3896.454268,,,0.906144973237625,21839,24101,32868
rgb_texture,UFO_v1_L2,,,,,,,,,,,,,,,,,,,,,,,,,,,,,,,,,,,,,ok,,,/home/29d_kon@lab.graphicon.ru/ssd1_link/projects/REPROJECTING/outputs_batch_20260601/MeshMamba_reference_rgb_cone/rgb_texture/baseline_cone/UFO_v1_L2/recenter_rotx90p0_horizontaltovertical_blender_rig/UFO_v1_L2_report.json,/home/29d_kon@lab.graphicon.ru/ssd1_link/projects/REPROJECTING/outputs_batch_20260601/MeshMamba_reference_rgb_cone/_logs/rgb_texture/cone/UFO_v1_L2.log,UFO_V1_l2.csv,32868,37,37,23075,510,horizontal_to_vertical,json_camera_static.fov_degrees,60.000001669652114,35.98339890412515,0.40263866082341104,0.6239624551494021,1.0863426550838395,0.04079139025437412,0.14538693612749137,0.3280588754022343,0.7136250497927884,0.7901382956916768,0.8559492105704453,0.9417829303923437,0.9594669623519554,1.4074393598378991,2.0828306827241962,6500542.864067869,6430.99971,,,0.9384182015167931,21654,23075,31098
rgb_texture,Volto_Mask_v1_L2,,,,,,,,,,,,,,,,,,,,,,,,,,,,,,,,,,,,,ok,,,/home/29d_kon@lab.graphicon.ru/ssd1_link/projects/REPROJECTING/outputs_batch_20260601/MeshMamba_reference_rgb_cone/rgb_texture/baseline_cone/Volto_Mask_v1_L2/recenter_rotx90p0_horizontaltovertical_blender_rig/Volto_Mask_v1_L2_report.json,/home/29d_kon@lab.graphicon.ru/ssd1_link/projects/REPROJECTING/outputs_batch_20260601/MeshMamba_reference_rgb_cone/_logs/rgb_texture/cone/Volto_Mask_v1_L2.log,Volto_Mask_L2.csv,32868,35,35,25408,510,horizontal_to_vertical,json_camera_static.fov_degrees,60.000001669652114,35.98339890412515,0.13056061919828163,0.6322850192346534,0.5833580041332702,0.06397989342423535,0.20063095211861792,0.005919117609693871,0.7121338433649264,0.6049185466291516,0.6730991036123564,0.7463918210469158,0.45121198594547596,0.7144625153715737,0.8714887359474246,7628675.979245085,9545.420637,,,0.8892474811083123,22594,25408,32868
rgb_texture,WWII_Plane-Germany_Focke-Wulf_Fw_190_v1,,,,,,,,,,,,,,,,,,,,,,,,,,,,,,,,,,,,,ok,,,/home/29d_kon@lab.graphicon.ru/ssd1_link/projects/REPROJECTING/outputs_batch_20260601/MeshMamba_reference_rgb_cone/rgb_texture/baseline_cone/WWII_Plane-Germany_Focke-Wulf_Fw_190_v1/recenter_rotx90p0_horizontaltovertical_blender_rig/WWII_Plane-Germany_Focke-Wulf_Fw_190_v1_report.json,/home/29d_kon@lab.graphicon.ru/ssd1_link/projects/REPROJECTING/outputs_batch_20260601/MeshMamba_reference_rgb_cone/_logs/rgb_texture/cone/WWII_Plane-Germany_Focke-Wulf_Fw_190_v1.log,WWII_Plane-Germany_Focke-Wulf_FW_190_v1_l3.csv,32868,35,35,23014,510,horizontal_to_vertical,json_camera_static.fov_degrees,60.000001669652114,35.98339890412515,0.38627015924641983,0.6700061264349144,0.4427377025783342,0.05230148317757546,0.18340500887649833,0.37305541035923145,0.7768519049487669,0.68429090561434,0.7892168717462954,0.8873937667130516,0.6572414539507897,1.085765779641427,1.4636200931935655,10850597.406679023,8263.411691000001,,,0.8666463891544277,19945,23014,32868
rgb_texture,Watermelon_V1_L3,,,,,,,,,,,,,,,,,,,,,,,,,,,,,,,,,,,,,ok,,,/home/29d_kon@lab.graphicon.ru/ssd1_link/projects/REPROJECTING/outputs_batch_20260601/MeshMamba_reference_rgb_cone/rgb_texture/baseline_cone/Watermelon_V1_L3/recenter_rotx90p0_horizontaltovertical_blender_rig/Watermelon_V1_L3_report.json,/home/29d_kon@lab.graphicon.ru/ssd1_link/projects/REPROJECTING/outputs_batch_20260601/MeshMamba_reference_rgb_cone/_logs/rgb_texture/cone/Watermelon_V1_L3.log,Watermelon_v1-L3.csv,32868,35,35,23385,510,horizontal_to_vertical,json_camera_static.fov_degrees,60.000001669652114,35.98339890412515,0.9624763556461702,0.821233717052956,0.8943955182593291,0.005903936314232717,0.051837390995647915,0.40167900215695057,0.9703258282977283,0.9908851438703054,0.9693950427583,0.9565381957830168,2.630122016093856,2.6690903831983586,2.712604434708527,5286795.8275544485,4469.440124,,,0.9760102629890955,22824,23385,27669
rgb_texture,Whale_v4_L3,,,,,,,,,,,,,,,,,,,,,,,,,,,,,,,,,,,,,ok,,,/home/29d_kon@lab.graphicon.ru/ssd1_link/projects/REPROJECTING/outputs_batch_20260601/MeshMamba_reference_rgb_cone/rgb_texture/baseline_cone/Whale_v4_L3/recenter_rotx90p0_horizontaltovertical_blender_rig/Whale_v4_L3_report.json,/home/29d_kon@lab.graphicon.ru/ssd1_link/projects/REPROJECTING/outputs_batch_20260601/MeshMamba_reference_rgb_cone/_logs/rgb_texture/cone/Whale_v4_L3.log,Whale_v2_L3.csv,32868,35,35,25007,510,horizontal_to_vertical,json_camera_static.fov_degrees,60.000001669652114,35.98339890412515,0.35952163114299907,0.6426983833592081,0.43992270391815,0.044462854865578674,0.15045073127012917,0.5156352747113139,0.7162457375275969,0.7664947077963353,0.7369625153431792,0.7564772635241265,0.3889714452358143,0.19270563347997982,0.22370193692306248,9936750.581988787,7369.718583,,,0.8372455712400528,20937,25007,32868
rgb_texture,White-TailedDeer_V1_L2,,,,,,,,,,,,,,,,,,,,,,,,,,,,,,,,,,,,,ok,,,/home/29d_kon@lab.graphicon.ru/ssd1_link/projects/REPROJECTING/outputs_batch_20260601/MeshMamba_reference_rgb_cone/rgb_texture/baseline_cone/White-TailedDeer_V1_L2/recenter_rotx90p0_horizontaltovertical_blender_rig/White-TailedDeer_V1_L2_report.json,/home/29d_kon@lab.graphicon.ru/ssd1_link/projects/REPROJECTING/outputs_batch_20260601/MeshMamba_reference_rgb_cone/_logs/rgb_texture/cone/White-TailedDeer_V1_L2.log,White-Tailed_Deer_v1_l2.csv,32868,36,36,22799,510,horizontal_to_vertical,json_camera_static.fov_degrees,60.000001669652114,35.98339890412515,-0.10479807803237534,0.3372372898477315,1.4970871719375896,0.10294675606159469,0.22309485843110963,-0.06689692483029226,0.3059038490329053,0.47120110162062995,0.42816057996749646,0.41694792062010977,-0.4199687470097953,-0.47115722485547623,-0.48682316627971833,6794087.300086845,6713.039653999999,,,0.8127110838194658,18529,22799,32868
rgb_texture,Wicker_Basket_v1_L3,,,,,,,,,,,,,,,,,,,,,,,,,,,,,,,,,,,,,ok,,,/home/29d_kon@lab.graphicon.ru/ssd1_link/projects/REPROJECTING/outputs_batch_20260601/MeshMamba_reference_rgb_cone/rgb_texture/baseline_cone/Wicker_Basket_v1_L3/recenter_rotx90p0_horizontaltovertical_blender_rig/Wicker_Basket_v1_L3_report.json,/home/29d_kon@lab.graphicon.ru/ssd1_link/projects/REPROJECTING/outputs_batch_20260601/MeshMamba_reference_rgb_cone/_logs/rgb_texture/cone/Wicker_Basket_v1_L3.log,Wicker_Basket_v1_L3.csv,32868,38,38,29366,510,horizontal_to_vertical,json_camera_static.fov_degrees,60.000001669652114,35.98339890412515,0.09316430404001871,0.5813189886917692,0.5773819465395774,0.09374740871675427,0.24823120477344107,0.05458471397414473,0.6642626060699215,0.6861841772299203,0.7283965660889714,0.7547506471308547,0.44655911854969915,0.5393727315145395,0.5805645914362083,5685629.583687695,6582.309533,,,0.9003269086698904,26439,29366,32868
rgb_texture,ball_car_v1_L3,,,,,,,,,,,,,,,,,,,,,,,,,,,,,,,,,,,,,ok,,,/home/29d_kon@lab.graphicon.ru/ssd1_link/projects/REPROJECTING/outputs_batch_20260601/MeshMamba_reference_rgb_cone/rgb_texture/baseline_cone/ball_car_v1_L3/recenter_rotx90p0_horizontaltovertical_blender_rig/ball_car_v1_L3_report.json,/home/29d_kon@lab.graphicon.ru/ssd1_link/projects/REPROJECTING/outputs_batch_20260601/MeshMamba_reference_rgb_cone/_logs/rgb_texture/cone/ball_car_v1_L3.log,ball_car_v1_L3.csv,32868,36,36,21757,510,horizontal_to_vertical,json_camera_static.fov_degrees,60.000001669652114,35.98339890412515,0.06098269335709013,0.39614774650621687,4.780969593607733,0.028190861785689424,0.1178004987322009,-0.06287561953012295,0.3666469704248241,0.49453136914870865,0.5540049126225819,0.6775585453639874,0.16032074673182378,0.3470250315723869,0.7510570736550799,1245142.7310974863,4155.974491,,,0.964057544698258,20975,21757,28433
rgb_texture,barbiegirl_V1_L3,,,,,,,,,,,,,,,,,,,,,,,,,,,,,,,,,,,,,ok,,,/home/29d_kon@lab.graphicon.ru/ssd1_link/projects/REPROJECTING/outputs_batch_20260601/MeshMamba_reference_rgb_cone/rgb_texture/baseline_cone/barbiegirl_V1_L3/recenter_rotx90p0_horizontaltovertical_blender_rig/barbiegirl_V1_L3_report.json,/home/29d_kon@lab.graphicon.ru/ssd1_link/projects/REPROJECTING/outputs_batch_20260601/MeshMamba_reference_rgb_cone/_logs/rgb_texture/cone/barbiegirl_V1_L3.log,barbiedoll_v1_L3.csv,32868,35,35,24564,510,horizontal_to_vertical,json_camera_static.fov_degrees,60.000001669652114,35.98339890412515,0.49532794514862344,0.7312830767562346,0.27574898338111786,0.05430495603106453,0.17429038082846005,0.6365797446072452,0.8094746873910889,0.6969818357595101,0.6292541964257329,0.6354418186602544,0.48009121867237997,-0.013632253863053823,-0.00031104524446248907,19491426.87756753,8041.550621,,,0.8458720078163166,20778,24564,32868
rgb_texture,cathedral_wood_radio_v2_L1,,,,,,,,,,,,,,,,,,,,,,,,,,,,,,,,,,,,,ok,,,/home/29d_kon@lab.graphicon.ru/ssd1_link/projects/REPROJECTING/outputs_batch_20260601/MeshMamba_reference_rgb_cone/rgb_texture/baseline_cone/cathedral_wood_radio_v2_L1/recenter_rotx90p0_horizontaltovertical_blender_rig/cathedral_wood_radio_v2_L1_report.json,/home/29d_kon@lab.graphicon.ru/ssd1_link/projects/REPROJECTING/outputs_batch_20260601/MeshMamba_reference_rgb_cone/_logs/rgb_texture/cone/cathedral_wood_radio_v2_L1.log,cathedral_wood_radio_v2_NEW.csv,32868,35,35,24170,510,horizontal_to_vertical,json_camera_static.fov_degrees,60.000001669652114,35.98339890412515,0.17930918234628845,0.3587395207300361,1.6574272112247956,0.04081069443445337,0.12464503363573949,0.07363782483828775,0.4084642887558394,0.4466737168291666,0.5496348533756241,0.4992660198923321,0.3670224753027387,0.7681880582940265,0.5482185298898582,3584118.7007133327,3505.498785,,,0.9801406702523789,23690,24170,32434
rgb_texture,doll_v3_L3,,,,,,,,,,,,,,,,,,,,,,,,,,,,,,,,,,,,,ok,,,/home/29d_kon@lab.graphicon.ru/ssd1_link/projects/REPROJECTING/outputs_batch_20260601/MeshMamba_reference_rgb_cone/rgb_texture/baseline_cone/doll_v3_L3/recenter_rotx90p0_horizontaltovertical_blender_rig/doll_v3_L3_report.json,/home/29d_kon@lab.graphicon.ru/ssd1_link/projects/REPROJECTING/outputs_batch_20260601/MeshMamba_reference_rgb_cone/_logs/rgb_texture/cone/doll_v3_L3.log,doll_v3_L3.csv,32868,36,36,26139,510,horizontal_to_vertical,json_camera_static.fov_degrees,60.000001669652114,35.98339890412515,0.2976185608784221,0.5567046309170071,0.6621473345918658,0.045388022670319654,0.13718188221285119,0.3727201333981552,0.6193048057189874,0.7434852581095955,0.727403954347925,0.6792152900269969,0.7858394045029836,0.8193991776831919,0.33807800846810904,6960349.255561521,5301.94017,,,0.9294540724587781,24295,26139,32838
rgb_texture,dolphin_v1_L3,,,,,,,,,,,,,,,,,,,,,,,,,,,,,,,,,,,,,ok,,,/home/29d_kon@lab.graphicon.ru/ssd1_link/projects/REPROJECTING/outputs_batch_20260601/MeshMamba_reference_rgb_cone/rgb_texture/baseline_cone/dolphin_v1_L3/recenter_rotx90p0_horizontaltovertical_blender_rig/dolphin_v1_L3_report.json,/home/29d_kon@lab.graphicon.ru/ssd1_link/projects/REPROJECTING/outputs_batch_20260601/MeshMamba_reference_rgb_cone/_logs/rgb_texture/cone/dolphin_v1_L3.log,dolphin_v2_max2011_it2.csv,32868,35,35,24225,510,horizontal_to_vertical,json_camera_static.fov_degrees,60.000001669652114,35.98339890412515,0.006073460231495895,0.5901263756631857,0.6618781139004368,0.024678326689145456,0.09005157812591984,0.13932308988384048,0.4889368768566884,0.6781863933145899,0.7131481421739967,0.7478397445160734,0.18272274393644075,0.22360915867835515,0.13287381672896353,4907708.831898137,3794.8916879999997,,,0.8960577915376677,21707,24225,32868
rgb_texture,egypt_sphinx_V2_L3,,,,,,,,,,,,,,,,,,,,,,,,,,,,,,,,,,,,,ok,,,/home/29d_kon@lab.graphicon.ru/ssd1_link/projects/REPROJECTING/outputs_batch_20260601/MeshMamba_reference_rgb_cone/rgb_texture/baseline_cone/egypt_sphinx_V2_L3/recenter_rotx90p0_horizontaltovertical_blender_rig/egypt_sphinx_V2_L3_report.json,/home/29d_kon@lab.graphicon.ru/ssd1_link/projects/REPROJECTING/outputs_batch_20260601/MeshMamba_reference_rgb_cone/_logs/rgb_texture/cone/egypt_sphinx_V2_L3.log,egypt_sphinx_iterations-2.csv,32868,36,36,26010,510,horizontal_to_vertical,json_camera_static.fov_degrees,60.000001669652114,35.98339890412515,0.4965617453673839,0.6203949563189332,0.5746206712032857,0.044385876406443876,0.1374936778341279,0.4428940190553975,0.7146961244715001,0.6702834282775124,0.5167292374603603,0.4080130264071237,0.9134218397995907,0.17703178855827809,-0.4703588321099015,14969974.84417278,6606.109107,,,0.9103421760861207,23678,26010,32864
rgb_texture,football_v2_L3,,,,,,,,,,,,,,,,,,,,,,,,,,,,,,,,,,,,,ok,,,/home/29d_kon@lab.graphicon.ru/ssd1_link/projects/REPROJECTING/outputs_batch_20260601/MeshMamba_reference_rgb_cone/rgb_texture/baseline_cone/football_v2_L3/recenter_rotx90p0_horizontaltovertical_blender_rig/football_v2_L3_report.json,/home/29d_kon@lab.graphicon.ru/ssd1_link/projects/REPROJECTING/outputs_batch_20260601/MeshMamba_reference_rgb_cone/_logs/rgb_texture/cone/football_v2_L3.log,football_v2_L3.csv,32868,37,37,23576,510,horizontal_to_vertical,json_camera_static.fov_degrees,60.000001669652114,35.98339890412515,0.004254767421044471,0.4491786657516149,3.539625306172767,0.0437084555266217,0.14876423339087183,0.09256607222784449,0.4335199580423705,0.48837681712314474,0.4832569213400635,0.38741497110178097,-0.13895668811915296,-0.16056954259505743,-0.3522959363408953,2352792.324730285,5599.625503,,,0.9783678316932474,23066,23576,27388
rgb_texture,modern_tabletop_radio_v1_L1,,,,,,,,,,,,,,,,,,,,,,,,,,,,,,,,,,,,,ok,,,/home/29d_kon@lab.graphicon.ru/ssd1_link/projects/REPROJECTING/outputs_batch_20260601/MeshMamba_reference_rgb_cone/rgb_texture/baseline_cone/modern_tabletop_radio_v1_L1/recenter_rotx90p0_horizontaltovertical_blender_rig/modern_tabletop_radio_v1_L1_report.json,/home/29d_kon@lab.graphicon.ru/ssd1_link/projects/REPROJECTING/outputs_batch_20260601/MeshMamba_reference_rgb_cone/_logs/rgb_texture/cone/modern_tabletop_radio_v1_L1.log,modern_tabletop_radio_v1_NEW.csv,32868,35,35,25456,510,horizontal_to_vertical,json_camera_static.fov_degrees,60.000001669652114,35.98339890412515,0.30317656859174313,0.4398769127147346,1.699921528509695,0.05222656900140488,0.14696887415166798,0.09643064391124803,0.5263339738356955,0.739356170817636,0.8474581947070473,0.8956432547484986,0.8029896322916668,1.1105669004542702,1.3824790203777138,3848152.3601863347,4440.408199,,,0.9380499685732244,23879,25456,32500
rgb_texture,robot_v1_L3,,,,,,,,,,,,,,,,,,,,,,,,,,,,,,,,,,,,,ok,,,/home/29d_kon@lab.graphicon.ru/ssd1_link/projects/REPROJECTING/outputs_batch_20260601/MeshMamba_reference_rgb_cone/rgb_texture/baseline_cone/robot_v1_L3/recenter_rotx90p0_horizontaltovertical_blender_rig/robot_v1_L3_report.json,/home/29d_kon@lab.graphicon.ru/ssd1_link/projects/REPROJECTING/outputs_batch_20260601/MeshMamba_reference_rgb_cone/_logs/rgb_texture/cone/robot_v1_L3.log,robot_v1_L3.csv,32868,35,35,22637,510,horizontal_to_vertical,json_camera_static.fov_degrees,60.000001669652114,35.98339890412515,0.1661571522097131,0.6078911023834653,0.5992961995925096,0.04920928672656042,0.16606946725348698,0.15332808389175664,0.6597852068399066,0.5679854493877459,0.6335323251719153,0.9155010713820995,0.2991518840012488,0.5956333041547383,1.718980582736231,6372224.836038206,7556.589007999999,,,0.9127534567301321,20662,22637,32868
rgb_texture,statue_Terracotta_squat_v2_L1,,,,,,,,,,,,,,,,,,,,,,,,,,,,,,,,,,,,,ok,,,/home/29d_kon@lab.graphicon.ru/ssd1_link/projects/REPROJECTING/outputs_batch_20260601/MeshMamba_reference_rgb_cone/rgb_texture/baseline_cone/statue_Terracotta_squat_v2_L1/recenter_rotx90p0_horizontaltovertical_blender_rig/statue_Terracotta_squat_v2_L1_report.json,/home/29d_kon@lab.graphicon.ru/ssd1_link/projects/REPROJECTING/outputs_batch_20260601/MeshMamba_reference_rgb_cone/_logs/rgb_texture/cone/statue_Terracotta_squat_v2_L1.log,statue_Terracotta_squat_v2_l1.csv,32868,37,37,26360,510,horizontal_to_vertical,json_camera_static.fov_degrees,60.000001669652114,35.98339890412515,0.331443517419863,0.6286793134296387,0.45127678164247886,0.04306080978665802,0.1325264697742081,0.5141349516586609,0.6468705143598427,0.8281652373762515,0.8153466506517851,0.7698047356032242,0.7568282041711054,0.6965931557052794,0.2855411578036406,7922317.868028631,6131.827327999999,,,0.9319044006069803,24565,26360,32868
rgb_texture,statue_Terracotta_v2_l1,,,,,,,,,,,,,,,,,,,,,,,,,,,,,,,,,,,,,ok,,,/home/29d_kon@lab.graphicon.ru/ssd1_link/projects/REPROJECTING/outputs_batch_20260601/MeshMamba_reference_rgb_cone/rgb_texture/baseline_cone/statue_Terracotta_v2_l1/recenter_rotx90p0_horizontaltovertical_blender_rig/statue_Terracotta_v2_l1_report.json,/home/29d_kon@lab.graphicon.ru/ssd1_link/projects/REPROJECTING/outputs_batch_20260601/MeshMamba_reference_rgb_cone/_logs/rgb_texture/cone/statue_Terracotta_v2_l1.log,statue_Terracotta_v2_l1.csv,32868,35,35,19682,510,horizontal_to_vertical,json_camera_static.fov_degrees,60.000001669652114,35.98339890412515,0.011858376310999836,0.5926447166605755,0.5472990716046763,0.07101989321955109,0.2016024696733538,0.047011409805892385,0.6134456733518251,0.29781109650229254,0.21787569593668354,0.14055431821771788,-0.4984160760593736,-0.5936622704468839,-0.690723849993598,10179986.594304182,8911.990369,,,0.9396910883040341,18495,19682,32868
rgb_texture,stuffed_animal_v1_L2,,,,,,,,,,,,,,,,,,,,,,,,,,,,,,,,,,,,,runtime_error,runtime_error,"Expected a single Trimesh, got <class 'trimesh.scene.scene.Scene'>",/home/29d_kon@lab.graphicon.ru/ssd1_link/projects/REPROJECTING/outputs_batch_20260601/MeshMamba_reference_rgb_cone/rgb_texture/baseline_cone/stuffed_animal_v1_L2/recenter_rotx90p0_horizontaltovertical_blender_rig/stuffed_animal_v1_L2_report.json,/home/29d_kon@lab.graphicon.ru/ssd1_link/projects/REPROJECTING/outputs_batch_20260601/MeshMamba_reference_rgb_cone/_logs/rgb_texture/cone/stuffed_animal_v1_L2.log,,,,,,,,,,,,,,,,,,,,,,,,,,,,,,,
rgb_texture,watch_digital_v1_L3,,,,,,,,,,,,,,,,,,,,,,,,,,,,,,,,,,,,,ok,,,/home/29d_kon@lab.graphicon.ru/ssd1_link/projects/REPROJECTING/outputs_batch_20260601/MeshMamba_reference_rgb_cone/rgb_texture/baseline_cone/watch_digital_v1_L3/recenter_rotx90p0_horizontaltovertical_blender_rig/watch_digital_v1_L3_report.json,/home/29d_kon@lab.graphicon.ru/ssd1_link/projects/REPROJECTING/outputs_batch_20260601/MeshMamba_reference_rgb_cone/_logs/rgb_texture/cone/watch_digital_v1_L3.log,watch_digital_v1_Iteration2.csv,32868,36,36,28640,510,horizontal_to_vertical,json_camera_static.fov_degrees,60.000001669652114,35.98339890412515,0.021757376771201785,0.3908842860933842,1.187129970817372,0.02541037013617322,0.11219436003481234,0.16663245824407977,0.38075845347592996,0.6114038411359498,0.6449633248147131,0.6745960493888512,-0.005475598802568988,0.02810072373440852,0.09520571466317933,3698128.715149292,2121.322712,,,0.9204608938547486,26362,28640,32868
