model,screen_space_status,screen_space_error_type,screen_space_error_message,screen_space_report_path,screen_space_stdout_log_path,screen_space_gt_file,screen_space_gt_match_type,screen_space_n_vertices,screen_space_n_gt_covered,screen_space_gt_coverage_pct,screen_space_gt_smoothed,screen_space_num_rows,screen_space_num_participants,screen_space_num_points,screen_space_num_frames_with_points,screen_space_projection_fov_mode,screen_space_input_fov_deg,screen_space_effective_vertical_fov_deg,screen_space_CC,screen_space_SIM,screen_space_KLD,screen_space_MSE,screen_space_MAE,screen_space_Spearman,screen_space_Cosine,screen_space_AUC_Judd_gt_top_10pct_proxy,screen_space_AUC_Judd_gt_top_5pct_proxy,screen_space_AUC_Judd_gt_top_1pct_proxy,screen_space_NSS_gt_top_10pct_proxy,screen_space_NSS_gt_top_5pct_proxy,screen_space_NSS_gt_top_1pct_proxy,screen_space_PredictionSum,screen_space_GroundTruthSum,screen_space_nonzero_verts_or_faces,screen_space_culled_back,screen_space_hit_rate,screen_space_successful_hits,screen_space_total_gaze_points,cone_status,cone_error_type,cone_error_message,cone_report_path,cone_stdout_log_path,cone_gt_file,cone_gt_match_type,cone_n_vertices,cone_n_gt_covered,cone_gt_coverage_pct,cone_gt_smoothed,cone_num_rows,cone_num_participants,cone_num_points,cone_num_frames_with_points,cone_projection_fov_mode,cone_input_fov_deg,cone_effective_vertical_fov_deg,cone_CC,cone_SIM,cone_KLD,cone_MSE,cone_MAE,cone_Spearman,cone_Cosine,cone_AUC_Judd_gt_top_10pct_proxy,cone_AUC_Judd_gt_top_5pct_proxy,cone_AUC_Judd_gt_top_1pct_proxy,cone_NSS_gt_top_10pct_proxy,cone_NSS_gt_top_5pct_proxy,cone_NSS_gt_top_1pct_proxy,cone_PredictionSum,cone_GroundTruthSum,cone_nonzero_verts_or_faces,cone_culled_back,cone_hit_rate,cone_successful_hits,cone_total_gaze_points
A380,ok,,,/home/29d_kon@lab.graphicon.ru/ssd1_link/projects/REPROJECTING/outputs/SAL3D_reference_batch_20260601/baseline_screen_space/A380/sigmapx26p3_recenter_rotx90p0_horizontaltovertical_blender_rig/A380_report.json,/home/29d_kon@lab.graphicon.ru/ssd1_link/projects/REPROJECTING/outputs/SAL3D_reference_batch_20260601/_logs/screen_space/A380.log,A380.txt,subset,47756,19945,41.76,True,36,36,33869,720,horizontal_to_vertical,60.0,35.98339356333545,0.1504669291479762,0.5190565577622808,2.940440055790947,0.07374177730410711,0.21464985283853413,0.07557036514560894,0.4839337585925776,0.6220490781270726,0.679341767929166,0.7319012408204608,0.4094409874278367,0.6196270297376535,0.8610398756645062,0.06944138525221855,53487.31624838333,38124,17558493,,,,ok,,,/home/29d_kon@lab.graphicon.ru/ssd1_link/projects/REPROJECTING/outputs/SAL3D_reference_batch_20260601/baseline_cone/A380/recenter_rotx90p0_horizontaltovertical_blender_rig/A380_report.json,/home/29d_kon@lab.graphicon.ru/ssd1_link/projects/REPROJECTING/outputs/SAL3D_reference_batch_20260601/_logs/cone/A380.log,A380.txt,subset,47756,19945,41.76,True,36,36,33869,720,horizontal_to_vertical,60.0,35.98339356333545,0.4375767397014211,0.6113264380839283,0.5135364297116756,0.041408994254584636,0.17068651264191323,0.19809868225958704,0.6281569260299957,0.6671463477635594,0.8710304707160665,0.963806786528235,0.859664276409839,1.8261602043677514,3.02748159629803,5629619.153478976,53487.31624838333,47756,,0.7816882695089905,26475,33869
MaxPlanck,runtime_error,runtime_error,"Traceback (most recent call last):
  File ""/mnt/ssd1/29d_kon/projects/REPROJECTING/Mesh-Saliency-Projection/reprojection_methods/screen_space_gaussian/eval_sal3d_screen_space.py"", line 985, in <module>
    main()
  File ""/mnt/ssd1/29d_kon/projects/REPROJECTING/Mesh-Saliency-Projection/reprojection_methods/screen_space_gaussian/eval_sal3d_screen_space.py"", line 892, in main
    gt, gt_mask, gt_was_smoothed = load_gt_aligned_to_obj(
                                   ^^^^^^^^^^^^^^^^^^^^^^^
  File ""/mnt/ssd1/29d_kon/projects/REPROJECTING/Mesh-Saliency-Projection/reprojection_methods/screen_space_gaussian/eval_sal3d_screen_space.py"", line 337, in load_gt_aligned_to_obj
    raise ValueError(
ValueError: GT row count (20000) > OBJ vertex count (19999). Cannot align GT to mesh.",/home/29d_kon@lab.graphicon.ru/ssd1_link/projects/REPROJECTING/outputs/SAL3D_reference_batch_20260601/baseline_screen_space/MaxPlanck/sigmapx26p3_recenter_rotx90p0_horizontaltovertical_blender_rig/MaxPlanck_report.json,/home/29d_kon@lab.graphicon.ru/ssd1_link/projects/REPROJECTING/outputs/SAL3D_reference_batch_20260601/_logs/screen_space/MaxPlanck.log,,,,,,,,,,,,,,,,,,,,,,,,,,,,,,,,,,runtime_error,runtime_error,"Traceback (most recent call last):
  File ""/mnt/ssd1/29d_kon/projects/REPROJECTING/Mesh-Saliency-Projection/reprojection_methods/cone_projection_on_mesh/eval_sal3d_cone.py"", line 940, in <module>
    main()
  File ""/mnt/ssd1/29d_kon/projects/REPROJECTING/Mesh-Saliency-Projection/reprojection_methods/cone_projection_on_mesh/eval_sal3d_cone.py"", line 836, in main
    gt, gt_mask, gt_was_smoothed = load_gt_aligned_to_obj(
                                   ^^^^^^^^^^^^^^^^^^^^^^^
  File ""/mnt/ssd1/29d_kon/projects/REPROJECTING/Mesh-Saliency-Projection/reprojection_methods/cone_projection_on_mesh/eval_sal3d_cone.py"", line 364, in load_gt_aligned_to_obj
    raise ValueError(
ValueError: GT row count (20000) > OBJ vertex count (19999). Cannot align GT to mesh.",/home/29d_kon@lab.graphicon.ru/ssd1_link/projects/REPROJECTING/outputs/SAL3D_reference_batch_20260601/baseline_cone/MaxPlanck/recenter_rotx90p0_horizontaltovertical_blender_rig/MaxPlanck_report.json,/home/29d_kon@lab.graphicon.ru/ssd1_link/projects/REPROJECTING/outputs/SAL3D_reference_batch_20260601/_logs/cone/MaxPlanck.log,,,,,,,,,,,,,,,,,,,,,,,,,,,,,,,,,
alien,ok,,,/home/29d_kon@lab.graphicon.ru/ssd1_link/projects/REPROJECTING/outputs/SAL3D_reference_batch_20260601/baseline_screen_space/alien/sigmapx26p3_recenter_rotx90p0_horizontaltovertical_blender_rig/alien_report.json,/home/29d_kon@lab.graphicon.ru/ssd1_link/projects/REPROJECTING/outputs/SAL3D_reference_batch_20260601/_logs/screen_space/alien.log,alien.txt,subset,60261,20000,33.19,True,35,35,33165,720,horizontal_to_vertical,60.0,35.98339356333545,0.3819074681898014,0.6147558340684388,0.7366092998803813,0.01780030069661144,0.08146949640556779,0.37906537725365486,0.6505790933075871,0.7691543611111111,0.9041314736842105,0.8789714646464647,0.9930547412674482,1.6031735518329449,1.6476280228010038,0.03942731529377626,42571.774028939595,57995,22565396,,,,ok,,,/home/29d_kon@lab.graphicon.ru/ssd1_link/projects/REPROJECTING/outputs/SAL3D_reference_batch_20260601/baseline_cone/alien/recenter_rotx90p0_horizontaltovertical_blender_rig/alien_report.json,/home/29d_kon@lab.graphicon.ru/ssd1_link/projects/REPROJECTING/outputs/SAL3D_reference_batch_20260601/_logs/cone/alien.log,alien.txt,subset,60261,20000,33.19,True,35,35,33165,720,horizontal_to_vertical,60.0,35.98339356333545,0.7379667591801029,0.7006691445705595,0.3485103910495916,0.009109271753651033,0.06472983120700113,0.5680179133060447,0.8427965623402699,0.8927758055555556,0.9886188684210525,0.9816209595959595,1.901476973019011,3.026782233587964,3.6698099596469103,2487850.112391218,42571.774028939595,60261,,0.9227197346600332,30602,33165
alien2,ok,,,/home/29d_kon@lab.graphicon.ru/ssd1_link/projects/REPROJECTING/outputs/SAL3D_reference_batch_20260601/baseline_screen_space/alien2/sigmapx26p3_recenter_rotx90p0_horizontaltovertical_blender_rig/alien2_report.json,/home/29d_kon@lab.graphicon.ru/ssd1_link/projects/REPROJECTING/outputs/SAL3D_reference_batch_20260601/_logs/screen_space/alien2.log,alien2.txt,subset,23383,20000,85.53,True,34,34,34784,720,horizontal_to_vertical,60.0,35.98339356333545,-0.2367705403412846,0.44235926522166935,1.3059104203649272,0.08391215679700842,0.22818634765373108,-0.26061601796152567,0.43579088076579975,0.3739943611111111,0.4359162105263158,0.6609901515151515,-0.41509147960980775,-0.24819167299558864,0.43754371836949646,0.08944957310211818,118318.15908713726,22886,8432334,,,,ok,,,/home/29d_kon@lab.graphicon.ru/ssd1_link/projects/REPROJECTING/outputs/SAL3D_reference_batch_20260601/baseline_cone/alien2/recenter_rotx90p0_horizontaltovertical_blender_rig/alien2_report.json,/home/29d_kon@lab.graphicon.ru/ssd1_link/projects/REPROJECTING/outputs/SAL3D_reference_batch_20260601/_logs/cone/alien2.log,alien2.txt,subset,23383,20000,85.53,True,34,34,34784,720,horizontal_to_vertical,60.0,35.98339356333545,-0.13012885277299394,0.4407694906176606,1.1209229220632597,0.13673734131977877,0.3004476619786524,-0.17787463524588742,0.48626483513266494,0.49666818055555556,0.5974241052631579,0.9154691919191922,-0.14030556165753183,0.2161877425540572,1.5153616944664765,7918400.467985654,118318.15908713726,23383,,0.9120285188592456,31724,34784
armadillo,ok,,,/home/29d_kon@lab.graphicon.ru/ssd1_link/projects/REPROJECTING/outputs/SAL3D_reference_batch_20260601/baseline_screen_space/armadillo/sigmapx26p3_recenter_rotx90p0_horizontaltovertical_blender_rig/armadillo_report.json,/home/29d_kon@lab.graphicon.ru/ssd1_link/projects/REPROJECTING/outputs/SAL3D_reference_batch_20260601/_logs/screen_space/armadillo.log,armadillo.txt,subset,43245,20000,46.25,True,564,528,520033,720,horizontal_to_vertical,60.0,35.98339356333545,0.5312054094289471,0.6389145011482973,0.6566604893225664,0.014388059678041264,0.07961134931230003,0.366949821399322,0.7153845523773339,0.7742501944444444,0.8787632105263158,0.9612068181818181,1.2438365052760578,2.253917737815227,2.9862309613994182,0.039175034397177955,58189.18116262887,41912,16326892,,,,ok,,,/home/29d_kon@lab.graphicon.ru/ssd1_link/projects/REPROJECTING/outputs/SAL3D_reference_batch_20260601/baseline_cone/armadillo/recenter_rotx90p0_horizontaltovertical_blender_rig/armadillo_report.json,/home/29d_kon@lab.graphicon.ru/ssd1_link/projects/REPROJECTING/outputs/SAL3D_reference_batch_20260601/_logs/cone/armadillo.log,armadillo.txt,subset,43245,20000,46.25,True,564,528,520033,720,horizontal_to_vertical,60.0,35.98339356333545,0.6959775084060413,0.7074369598728482,0.2813566342195879,0.007902535979956674,0.057123117182199215,0.5846691213171726,0.8061980278455263,0.8588786111111111,0.9365666052631578,0.9832987373737373,1.6481436590407295,2.8053699439093425,3.59475529955664,49044279.31544506,58189.18116262887,43245,,0.9194839558258803,478162,520033
building,ok,,,/home/29d_kon@lab.graphicon.ru/ssd1_link/projects/REPROJECTING/outputs/SAL3D_reference_batch_20260601/baseline_screen_space/building/sigmapx26p3_recenter_rotx90p0_horizontaltovertical_blender_rig/building_report.json,/home/29d_kon@lab.graphicon.ru/ssd1_link/projects/REPROJECTING/outputs/SAL3D_reference_batch_20260601/_logs/screen_space/building.log,building.txt,subset,55507,19935,35.91,True,36,36,34754,720,horizontal_to_vertical,60.0,35.98339356333545,0.08931897395544591,0.5607133598519437,1.9321698519445443,0.06447819318427213,0.19285468769976272,0.12286529093840161,0.6151525390773362,0.5338635185418024,0.5747039937003958,0.6171792500633393,0.06677941864554253,0.22365268916146092,0.34867516428041045,0.022826343079189293,51222.12124176668,49263,20417408,,,,ok,,,/home/29d_kon@lab.graphicon.ru/ssd1_link/projects/REPROJECTING/outputs/SAL3D_reference_batch_20260601/baseline_cone/building/recenter_rotx90p0_horizontaltovertical_blender_rig/building_report.json,/home/29d_kon@lab.graphicon.ru/ssd1_link/projects/REPROJECTING/outputs/SAL3D_reference_batch_20260601/_logs/cone/building.log,building.txt,subset,55507,19935,35.91,True,36,36,34754,720,horizontal_to_vertical,60.0,35.98339356333545,0.08669476653894642,0.5610168817582335,0.7270038390081099,0.05891821464900157,0.1734475897914487,0.21136069799591775,0.5839209660058988,0.5911558319124365,0.6145425663409068,0.6005181150240688,0.1276272394847089,0.2234483088461287,0.2979700700916253,1405189.6745819664,51222.12124176668,55102,,0.9603786614490418,33377,34754
bunny,ok,,,/home/29d_kon@lab.graphicon.ru/ssd1_link/projects/REPROJECTING/outputs/SAL3D_reference_batch_20260601/baseline_screen_space/bunny/sigmapx26p3_recenter_rotx90p0_horizontaltovertical_blender_rig/bunny_report.json,/home/29d_kon@lab.graphicon.ru/ssd1_link/projects/REPROJECTING/outputs/SAL3D_reference_batch_20260601/_logs/screen_space/bunny.log,bunny.txt,direct,20000,20000,100.0,True,36,36,34676,720,horizontal_to_vertical,60.0,35.98339356333545,0.7063875076479478,0.7154798895714598,0.40807057303460126,0.01556601889317685,0.08322562785048272,0.6093464759306784,0.8439163845650116,0.8236225694444445,0.927713552631579,0.9956529040404041,1.5361640965850125,2.6137686789105836,4.811684821681526,0.02269336072112019,132109.76442794205,17820,8095771,,,,ok,,,/home/29d_kon@lab.graphicon.ru/ssd1_link/projects/REPROJECTING/outputs/SAL3D_reference_batch_20260601/baseline_cone/bunny/recenter_rotx90p0_horizontaltovertical_blender_rig/bunny_report.json,/home/29d_kon@lab.graphicon.ru/ssd1_link/projects/REPROJECTING/outputs/SAL3D_reference_batch_20260601/_logs/cone/bunny.log,bunny.txt,direct,20000,20000,100.0,True,36,36,34676,720,horizontal_to_vertical,60.0,35.98339356333545,0.7692418563587304,0.7374091463356418,0.2586477546628543,0.015996509012100004,0.08098352011721104,0.7007827816437527,0.8628500534685458,0.8273526250000002,0.9374859736842106,0.9963736111111112,1.699149619607814,3.0140722937651545,5.692085747976714,2055135.501462133,132109.76442794205,19158,,0.9612700426808167,33333,34676
camel,ok,,,/home/29d_kon@lab.graphicon.ru/ssd1_link/projects/REPROJECTING/outputs/SAL3D_reference_batch_20260601/baseline_screen_space/camel/sigmapx26p3_recenter_rotx90p0_horizontaltovertical_blender_rig/camel_report.json,/home/29d_kon@lab.graphicon.ru/ssd1_link/projects/REPROJECTING/outputs/SAL3D_reference_batch_20260601/_logs/screen_space/camel.log,camel.txt,direct,20000,20000,100.0,True,35,35,33278,720,horizontal_to_vertical,60.0,35.98339356333545,0.6010607626744173,0.6921743651988728,0.4215684306457661,0.015896679436938038,0.08499508458632235,0.5484493835043673,0.7759876586860385,0.8739080833333333,0.8734778947368421,0.9310744949494949,1.699545703000245,1.9018174889215091,2.142399038780178,0.040656632067223,92164.46591738747,19203,7625972,,,,ok,,,/home/29d_kon@lab.graphicon.ru/ssd1_link/projects/REPROJECTING/outputs/SAL3D_reference_batch_20260601/baseline_cone/camel/recenter_rotx90p0_horizontaltovertical_blender_rig/camel_report.json,/home/29d_kon@lab.graphicon.ru/ssd1_link/projects/REPROJECTING/outputs/SAL3D_reference_batch_20260601/_logs/cone/camel.log,camel.txt,direct,20000,20000,100.0,True,35,35,33278,720,horizontal_to_vertical,60.0,35.98339356333545,0.7004648368074757,0.7199882626076376,0.24960969540074257,0.013235396288057243,0.07341464204190067,0.6576319213969047,0.8250779008720707,0.8897757083333333,0.9062263421052632,0.9657859848484849,1.9161258284694709,2.309016310517852,2.9961702278281677,3656871.60073667,92164.46591738747,20000,,0.8404651721858285,27969,33278
car,ok,,,/home/29d_kon@lab.graphicon.ru/ssd1_link/projects/REPROJECTING/outputs/SAL3D_reference_batch_20260601/baseline_screen_space/car/sigmapx26p3_recenter_rotx90p0_horizontaltovertical_blender_rig/car_report.json,/home/29d_kon@lab.graphicon.ru/ssd1_link/projects/REPROJECTING/outputs/SAL3D_reference_batch_20260601/_logs/screen_space/car.log,car.txt,subset,20890,19898,95.25,True,35,35,37119,720,horizontal_to_vertical,60.0,35.98339356333545,0.4486855510441299,0.6192095857071938,1.3522643398077105,0.04115016829825451,0.1437933678297447,0.490476663533401,0.6906204169286365,0.7816624444536734,0.8356677584611414,0.7810800027856425,1.0725204413106175,1.5352709404593101,1.6620687934067713,0.03702657279820717,131708.50494603324,16559,8292378,,,,ok,,,/home/29d_kon@lab.graphicon.ru/ssd1_link/projects/REPROJECTING/outputs/SAL3D_reference_batch_20260601/baseline_cone/car/recenter_rotx90p0_horizontaltovertical_blender_rig/car_report.json,/home/29d_kon@lab.graphicon.ru/ssd1_link/projects/REPROJECTING/outputs/SAL3D_reference_batch_20260601/_logs/cone/car.log,car.txt,subset,20890,19898,95.25,True,35,35,37119,720,horizontal_to_vertical,60.0,35.98339356333545,0.7929328032334773,0.7406268526160446,0.22031094957549494,0.010361759274784185,0.07094704423608855,0.8043269211170194,0.8735094660261564,0.9197179357812068,0.9640352213376038,0.99249623925506,1.8368113032057258,2.6132333368080625,4.061816081073557,3322850.7517763693,131708.50494603324,20306,,0.9498639510762682,35258,37119
cart,ok,,,/home/29d_kon@lab.graphicon.ru/ssd1_link/projects/REPROJECTING/outputs/SAL3D_reference_batch_20260601/baseline_screen_space/cart/sigmapx26p3_recenter_rotx90p0_horizontaltovertical_blender_rig/cart_report.json,/home/29d_kon@lab.graphicon.ru/ssd1_link/projects/REPROJECTING/outputs/SAL3D_reference_batch_20260601/_logs/screen_space/cart.log,cart.txt,subset,77990,20000,25.64,True,35,35,28837,720,horizontal_to_vertical,60.0,35.98339356333545,0.07774891359204673,0.5805320155486964,1.97606112536987,0.0597065150206836,0.18780253060277916,0.07094861409427983,0.6273608566967851,0.585645611111111,0.5582073157894737,0.6800590909090909,0.22051043259643288,0.11800795261635559,0.4041128056818706,0.058515316670389866,36796.706085575985,71340,29100793,,,,ok,,,/home/29d_kon@lab.graphicon.ru/ssd1_link/projects/REPROJECTING/outputs/SAL3D_reference_batch_20260601/baseline_cone/cart/recenter_rotx90p0_horizontaltovertical_blender_rig/cart_report.json,/home/29d_kon@lab.graphicon.ru/ssd1_link/projects/REPROJECTING/outputs/SAL3D_reference_batch_20260601/_logs/cone/cart.log,cart.txt,subset,77990,20000,25.64,True,35,35,28837,720,horizontal_to_vertical,60.0,35.98339356333545,0.14579505107779786,0.6191632591738006,0.4699165528861454,0.06042829496403503,0.18907533824781325,0.1786319278915798,0.6741423522424009,0.5953326944444445,0.6506293947368421,0.8034873737373738,0.24025634261808815,0.37920018760811364,0.8835077273253857,4407056.370033344,36796.706085575985,77990,,0.9232583139716337,26624,28837
carter,ok,,,/home/29d_kon@lab.graphicon.ru/ssd1_link/projects/REPROJECTING/outputs/SAL3D_reference_batch_20260601/baseline_screen_space/carter/sigmapx26p3_recenter_rotx90p0_horizontaltovertical_blender_rig/carter_report.json,/home/29d_kon@lab.graphicon.ru/ssd1_link/projects/REPROJECTING/outputs/SAL3D_reference_batch_20260601/_logs/screen_space/carter.log,carter.txt,direct,20000,20000,100.0,True,35,35,34465,720,horizontal_to_vertical,60.0,35.98339356333545,0.3668264228982997,0.6969629399019017,0.6202487606297921,0.02749232368714712,0.11948599051369446,0.46303028344244773,0.7724634996107567,0.6714334583333332,0.6721664736842106,0.6376943181818182,0.5100778469146304,0.5531393287100036,0.27360250427184346,0.029748403853315696,125732.480192049,19231,7423907,,,,ok,,,/home/29d_kon@lab.graphicon.ru/ssd1_link/projects/REPROJECTING/outputs/SAL3D_reference_batch_20260601/baseline_cone/carter/recenter_rotx90p0_horizontaltovertical_blender_rig/carter_report.json,/home/29d_kon@lab.graphicon.ru/ssd1_link/projects/REPROJECTING/outputs/SAL3D_reference_batch_20260601/_logs/cone/carter.log,carter.txt,direct,20000,20000,100.0,True,35,35,34465,720,horizontal_to_vertical,60.0,35.98339356333545,0.5219772811576974,0.7381049295376929,0.22300527736543488,0.026701216197618872,0.1206778666998801,0.6051797372949492,0.8308060619360105,0.7770786805555555,0.7891275263157895,0.7846688131313131,0.8650165708138863,0.9106555673636649,0.714232554885171,2267400.6465131007,125732.480192049,20000,,0.9202379225301031,31716,34465
casting,ok,,,/home/29d_kon@lab.graphicon.ru/ssd1_link/projects/REPROJECTING/outputs/SAL3D_reference_batch_20260601/baseline_screen_space/casting/sigmapx26p3_recenter_rotx90p0_horizontaltovertical_blender_rig/casting_report.json,/home/29d_kon@lab.graphicon.ru/ssd1_link/projects/REPROJECTING/outputs/SAL3D_reference_batch_20260601/_logs/screen_space/casting.log,casting.txt,direct,20000,20000,100.0,True,35,35,25098,720,horizontal_to_vertical,60.0,35.98339356333545,0.35122288597799944,0.6946617289387179,0.8048189334820993,0.03567248574025628,0.14484123273464947,0.3485787119088489,0.7635818190283216,0.6723301666666667,0.7481452631578948,0.806255303030303,0.6730479093578968,1.0412584721327862,1.6789625244799211,0.034048436443428864,132611.73586262972,19291,7344977,,,,ok,,,/home/29d_kon@lab.graphicon.ru/ssd1_link/projects/REPROJECTING/outputs/SAL3D_reference_batch_20260601/baseline_cone/casting/recenter_rotx90p0_horizontaltovertical_blender_rig/casting_report.json,/home/29d_kon@lab.graphicon.ru/ssd1_link/projects/REPROJECTING/outputs/SAL3D_reference_batch_20260601/_logs/cone/casting.log,casting.txt,direct,20000,20000,100.0,True,35,35,25098,720,horizontal_to_vertical,60.0,35.98339356333545,0.3574716980698759,0.7007634734749839,0.27824022962612616,0.04796653916435747,0.1811325040593637,0.429514822129287,0.7774466895111974,0.6916868055555556,0.8287008684210525,0.8322457070707071,0.577423494910229,1.0122865504357301,0.9547454137912414,2603081.4256892726,132611.73586262972,20000,,0.898836560682126,22559,25098
cat,ok,,,/home/29d_kon@lab.graphicon.ru/ssd1_link/projects/REPROJECTING/outputs/SAL3D_reference_batch_20260601/baseline_screen_space/cat/sigmapx26p3_recenter_rotx90p0_horizontaltovertical_blender_rig/cat_report.json,/home/29d_kon@lab.graphicon.ru/ssd1_link/projects/REPROJECTING/outputs/SAL3D_reference_batch_20260601/_logs/screen_space/cat.log,cat.txt,subset,60316,20000,33.16,True,35,35,28162,720,horizontal_to_vertical,60.0,35.98339356333545,0.11197794529873563,0.5288463113314699,0.7311645249793324,0.04337026154602067,0.14581278554343988,0.30682226474344065,0.5335809697778237,0.6921275555555555,0.7715993684210526,0.8294510101010102,0.2727316715362486,0.6579308736167765,1.17104702267924,0.09955133847449345,41865.40456458952,59035,22486017,,,,ok,,,/home/29d_kon@lab.graphicon.ru/ssd1_link/projects/REPROJECTING/outputs/SAL3D_reference_batch_20260601/baseline_cone/cat/recenter_rotx90p0_horizontaltovertical_blender_rig/cat_report.json,/home/29d_kon@lab.graphicon.ru/ssd1_link/projects/REPROJECTING/outputs/SAL3D_reference_batch_20260601/_logs/cone/cat.log,cat.txt,subset,60316,20000,33.16,True,35,35,28162,720,horizontal_to_vertical,60.0,35.98339356333545,0.16471380793747672,0.5281313922315365,0.6744521179309391,0.06323451771183376,0.16246701153797918,0.3787509072392087,0.5487851892980286,0.6919328611111111,0.7455476842105262,0.8768981060606061,0.3475663045680041,0.7840125072154223,1.5775436337842348,8493289.249736696,41865.40456458952,60316,,0.857041403309424,24136,28162
centauro,ok,,,/home/29d_kon@lab.graphicon.ru/ssd1_link/projects/REPROJECTING/outputs/SAL3D_reference_batch_20260601/baseline_screen_space/centauro/sigmapx26p3_recenter_rotx90p0_horizontaltovertical_blender_rig/centauro_report.json,/home/29d_kon@lab.graphicon.ru/ssd1_link/projects/REPROJECTING/outputs/SAL3D_reference_batch_20260601/_logs/screen_space/centauro.log,centauro.txt,subset,45001,20000,44.44,True,35,35,27008,720,horizontal_to_vertical,60.0,35.98339356333545,0.6553527863561555,0.7247204313435319,0.3103697179020294,0.01244518603367954,0.076853569237873,0.6153193922614424,0.8271586775539844,0.8928100972222224,0.9424052631578947,0.9337171717171717,1.5955951620973339,2.2090548316591683,2.550292726984803,0.06134001341843673,54802.03780547385,44146,16956361,,,,ok,,,/home/29d_kon@lab.graphicon.ru/ssd1_link/projects/REPROJECTING/outputs/SAL3D_reference_batch_20260601/baseline_cone/centauro/recenter_rotx90p0_horizontaltovertical_blender_rig/centauro_report.json,/home/29d_kon@lab.graphicon.ru/ssd1_link/projects/REPROJECTING/outputs/SAL3D_reference_batch_20260601/_logs/cone/centauro.log,centauro.txt,subset,45001,20000,44.44,True,35,35,27008,720,horizontal_to_vertical,60.0,35.98339356333545,0.7194944387352296,0.7537021653163349,0.2098184259067619,0.016400391915288203,0.07776933644601924,0.6850007747935017,0.8505654806902745,0.8999460277777778,0.9551197368421053,0.9817088383838384,1.7173350039999409,2.4813137965201775,3.5220167119958434,5024081.983030392,54802.03780547385,45001,,0.8175725710900474,22081,27008
chair,ok,,,/home/29d_kon@lab.graphicon.ru/ssd1_link/projects/REPROJECTING/outputs/SAL3D_reference_batch_20260601/baseline_screen_space/chair/sigmapx26p3_recenter_rotx90p0_horizontaltovertical_blender_rig/chair_report.json,/home/29d_kon@lab.graphicon.ru/ssd1_link/projects/REPROJECTING/outputs/SAL3D_reference_batch_20260601/_logs/screen_space/chair.log,chair.txt,direct,20000,20000,100.0,True,35,35,30424,720,horizontal_to_vertical,60.0,35.98339356333545,0.3548537227611446,0.6932304414198944,1.2268170651893522,0.05264909822969994,0.17127028396764218,0.48756639030415233,0.7709396314266417,0.7324053333333334,0.751005447368421,0.8071146464646464,0.4323716437214357,0.526790962169121,0.6790965989761844,0.04954411295096892,137608.71803364868,17547,7397557,,,,ok,,,/home/29d_kon@lab.graphicon.ru/ssd1_link/projects/REPROJECTING/outputs/SAL3D_reference_batch_20260601/baseline_cone/chair/recenter_rotx90p0_horizontaltovertical_blender_rig/chair_report.json,/home/29d_kon@lab.graphicon.ru/ssd1_link/projects/REPROJECTING/outputs/SAL3D_reference_batch_20260601/_logs/cone/chair.log,chair.txt,direct,20000,20000,100.0,True,35,35,30424,720,horizontal_to_vertical,60.0,35.98339356333545,0.5717566712684096,0.7802247119739584,0.15487205334053714,0.037044971453939764,0.14487852153475855,0.579616410486041,0.8786905041129988,0.8357654722222223,0.8946671315789474,0.9123323232323233,1.1036338645186505,1.4031607845307008,1.4720352864043684,4281225.421576759,137608.71803364868,20000,,0.8091638180383908,24618,30424
chicken,ok,,,/home/29d_kon@lab.graphicon.ru/ssd1_link/projects/REPROJECTING/outputs/SAL3D_reference_batch_20260601/baseline_screen_space/chicken/sigmapx26p3_recenter_rotx90p0_horizontaltovertical_blender_rig/chicken_report.json,/home/29d_kon@lab.graphicon.ru/ssd1_link/projects/REPROJECTING/outputs/SAL3D_reference_batch_20260601/_logs/screen_space/chicken.log,chicken.txt,subset,40623,20000,49.23,True,35,35,29270,720,horizontal_to_vertical,60.0,35.98339356333545,0.5461749266009992,0.6901567831632155,0.6109339394710795,0.026943391904749002,0.11809110672750812,0.403765114121067,0.7784214938772188,0.688765625,0.7623712631578947,0.9930583333333334,1.2755575019553513,2.1528632871255273,4.4484246334101165,0.04624607437966896,67307.4495217727,37389,15498824,,,,ok,,,/home/29d_kon@lab.graphicon.ru/ssd1_link/projects/REPROJECTING/outputs/SAL3D_reference_batch_20260601/baseline_cone/chicken/recenter_rotx90p0_horizontaltovertical_blender_rig/chicken_report.json,/home/29d_kon@lab.graphicon.ru/ssd1_link/projects/REPROJECTING/outputs/SAL3D_reference_batch_20260601/_logs/cone/chicken.log,chicken.txt,subset,40623,20000,49.23,True,35,35,29270,720,horizontal_to_vertical,60.0,35.98339356333545,0.6031124983005277,0.6826486983283245,0.382248546481631,0.026781886792070123,0.11899898168120214,0.4191261006566984,0.7901101436637936,0.7015472916666667,0.7860166842105264,0.9943845959595959,1.4324970682580043,2.4695304785133,4.938272335281924,4257912.264220662,67307.4495217727,40623,,0.9600273317389819,28100,29270
cow,ok,,,/home/29d_kon@lab.graphicon.ru/ssd1_link/projects/REPROJECTING/outputs/SAL3D_reference_batch_20260601/baseline_screen_space/cow/sigmapx26p3_recenter_rotx90p0_horizontaltovertical_blender_rig/cow_report.json,/home/29d_kon@lab.graphicon.ru/ssd1_link/projects/REPROJECTING/outputs/SAL3D_reference_batch_20260601/_logs/screen_space/cow.log,cow.txt,direct,20000,20000,100.0,True,35,35,30862,720,horizontal_to_vertical,60.0,35.98339356333545,0.7021823396313137,0.7165151555209925,0.5767794269825802,0.009133545882774477,0.06915717440859294,0.5009642098103908,0.8394704024302427,0.7891947222222222,0.8937837105263158,0.9939781565656566,1.415294295962082,2.310976209152925,4.760194142687538,0.04408307419641767,115876.7168824363,18808,7795191,,,,ok,,,/home/29d_kon@lab.graphicon.ru/ssd1_link/projects/REPROJECTING/outputs/SAL3D_reference_batch_20260601/baseline_cone/cow/recenter_rotx90p0_horizontaltovertical_blender_rig/cow_report.json,/home/29d_kon@lab.graphicon.ru/ssd1_link/projects/REPROJECTING/outputs/SAL3D_reference_batch_20260601/_logs/cone/cow.log,cow.txt,direct,20000,20000,100.0,True,35,35,30862,720,horizontal_to_vertical,60.0,35.98339356333545,0.7851978326876423,0.7462070688634164,0.23930992546734775,0.00504339703327325,0.04476702212157504,0.5956790110421974,0.8719593517795082,0.8386081805555555,0.9293043421052632,0.9960723484848485,1.579302519912337,2.6078574208989322,5.8495745620605115,3221393.9662982184,115876.7168824363,20000,,0.9114444948480331,28129,30862
dinosaur,ok,,,/home/29d_kon@lab.graphicon.ru/ssd1_link/projects/REPROJECTING/outputs/SAL3D_reference_batch_20260601/baseline_screen_space/dinosaur/sigmapx26p3_recenter_rotx90p0_horizontaltovertical_blender_rig/dinosaur_report.json,/home/29d_kon@lab.graphicon.ru/ssd1_link/projects/REPROJECTING/outputs/SAL3D_reference_batch_20260601/_logs/screen_space/dinosaur.log,dinosaur.txt,direct,20000,20000,100.0,True,35,35,39331,720,horizontal_to_vertical,60.0,35.98339356333545,0.5008063967432912,0.7397860770639861,0.42087122191999937,0.01734915065854684,0.0923216849653893,0.5062343016196533,0.8228973169115337,0.8025876666666667,0.8515694736842105,0.9148154040404041,1.1129394815985676,1.4993079013886108,1.6651597786696823,0.054515481469405866,127210.92112006924,19306,7480978,,,,ok,,,/home/29d_kon@lab.graphicon.ru/ssd1_link/projects/REPROJECTING/outputs/SAL3D_reference_batch_20260601/baseline_cone/dinosaur/recenter_rotx90p0_horizontaltovertical_blender_rig/dinosaur_report.json,/home/29d_kon@lab.graphicon.ru/ssd1_link/projects/REPROJECTING/outputs/SAL3D_reference_batch_20260601/_logs/cone/dinosaur.log,dinosaur.txt,direct,20000,20000,100.0,True,35,35,39331,720,horizontal_to_vertical,60.0,35.98339356333545,0.5405305101513408,0.7527885740282172,0.21916442483520776,0.015816566138558415,0.0872330393375529,0.503074438866686,0.8372846395302423,0.8022464444444446,0.8523851052631579,0.9508700757575758,1.265299799289526,1.781235417371587,2.2603024921157595,6453434.544731377,127210.92112006924,20000,,0.8621952149703797,33911,39331
dog,ok,,,/home/29d_kon@lab.graphicon.ru/ssd1_link/projects/REPROJECTING/outputs/SAL3D_reference_batch_20260601/baseline_screen_space/dog/sigmapx26p3_recenter_rotx90p0_horizontaltovertical_blender_rig/dog_report.json,/home/29d_kon@lab.graphicon.ru/ssd1_link/projects/REPROJECTING/outputs/SAL3D_reference_batch_20260601/_logs/screen_space/dog.log,dog.txt,subset,44523,20000,44.92,False,35,35,28792,720,horizontal_to_vertical,60.0,35.98339356333545,0.08321432652994531,0.17272590836576185,2.3546306226358187,0.030691840029250603,0.11496143676980783,0.027919844885758407,0.23459175434673052,0.5348348055555556,0.5615955263157895,0.6635765151515152,0.10594171479456371,0.26846532265461936,0.7452662576097535,0.05747306799567073,247.46447017825577,42554,16792628,,,,ok,,,/home/29d_kon@lab.graphicon.ru/ssd1_link/projects/REPROJECTING/outputs/SAL3D_reference_batch_20260601/baseline_cone/dog/recenter_rotx90p0_horizontaltovertical_blender_rig/dog_report.json,/home/29d_kon@lab.graphicon.ru/ssd1_link/projects/REPROJECTING/outputs/SAL3D_reference_batch_20260601/_logs/cone/dog.log,dog.txt,subset,44523,20000,44.92,False,35,35,28792,720,horizontal_to_vertical,60.0,35.98339356333545,0.13206343674813764,0.19316214094364634,2.1599726619633053,0.031760698665845764,0.10723706680846037,0.12563759363725718,0.2652224699257469,0.5978544027777778,0.6216532105263158,0.7164621212121213,0.2479377578105431,0.4501841344650453,1.0241389047692153,4384471.46988677,247.46447017825577,44523,,0.8508613503751042,24498,28792
dragon,ok,,,/home/29d_kon@lab.graphicon.ru/ssd1_link/projects/REPROJECTING/outputs/SAL3D_reference_batch_20260601/baseline_screen_space/dragon/sigmapx26p3_recenter_rotx90p0_horizontaltovertical_blender_rig/dragon_report.json,/home/29d_kon@lab.graphicon.ru/ssd1_link/projects/REPROJECTING/outputs/SAL3D_reference_batch_20260601/_logs/screen_space/dragon.log,dragon.txt,direct,20000,20000,100.0,True,36,36,31617,720,horizontal_to_vertical,60.0,35.98339356333545,0.2637358377503152,0.6010417182629991,1.0012024301389892,0.020337115137079545,0.0886411306970821,0.28802297559237205,0.5818228793071695,0.7474215833333333,0.8126973947368422,0.7851414141414141,0.868647345494835,1.0800128152834771,0.6631714170454999,0.042146256153228215,128201.06101652826,18916,7574170,,,,ok,,,/home/29d_kon@lab.graphicon.ru/ssd1_link/projects/REPROJECTING/outputs/SAL3D_reference_batch_20260601/baseline_cone/dragon/recenter_rotx90p0_horizontaltovertical_blender_rig/dragon_report.json,/home/29d_kon@lab.graphicon.ru/ssd1_link/projects/REPROJECTING/outputs/SAL3D_reference_batch_20260601/_logs/cone/dragon.log,dragon.txt,direct,20000,20000,100.0,True,36,36,31617,720,horizontal_to_vertical,60.0,35.98339356333545,0.4321795539144826,0.6548697068044692,0.42931966247718156,0.023098544127398073,0.09835447215800816,0.553273306994036,0.6704278340508497,0.8624747916666667,0.8952805789473685,0.8360037878787878,1.4905692984403751,1.6009300682942338,0.9092565005701198,2554348.257127193,128201.06101652826,19959,,0.9293101812316159,29382,31617
facestatue,ok,,,/home/29d_kon@lab.graphicon.ru/ssd1_link/projects/REPROJECTING/outputs/SAL3D_reference_batch_20260601/baseline_screen_space/facestatue/sigmapx26p3_recenter_rotx90p0_horizontaltovertical_blender_rig/facestatue_report.json,/home/29d_kon@lab.graphicon.ru/ssd1_link/projects/REPROJECTING/outputs/SAL3D_reference_batch_20260601/_logs/screen_space/facestatue.log,facestatue.txt,subset,54199,20000,36.9,True,35,35,43159,720,horizontal_to_vertical,60.0,35.98339356333545,0.4934953820760606,0.6299065516208961,0.5801892375953767,0.04218599137157027,0.16348954586589856,0.3961167125505991,0.7415595694636102,0.8024856250000001,0.835792947368421,0.9365724747474747,1.2513218468404925,1.6536926236108695,2.6072883472583293,0.03844744364859179,47333.05258312519,52204,18545841,,,,ok,,,/home/29d_kon@lab.graphicon.ru/ssd1_link/projects/REPROJECTING/outputs/SAL3D_reference_batch_20260601/baseline_cone/facestatue/recenter_rotx90p0_horizontaltovertical_blender_rig/facestatue_report.json,/home/29d_kon@lab.graphicon.ru/ssd1_link/projects/REPROJECTING/outputs/SAL3D_reference_batch_20260601/_logs/cone/facestatue.log,facestatue.txt,subset,54199,20000,36.9,True,35,35,43159,720,horizontal_to_vertical,60.0,35.98339356333545,0.6946469606681576,0.6796386367067984,0.31301621570399085,0.020357806509783156,0.11923584361027001,0.6145574463391172,0.8239593671564658,0.8670285555555556,0.8891306842105263,0.9897684343434344,1.5604400454793594,2.1614451438834257,3.9284680506111234,4185810.4333148757,47333.05258312519,54199,,0.8251349660557473,35612,43159
fandisk,ok,,,/home/29d_kon@lab.graphicon.ru/ssd1_link/projects/REPROJECTING/outputs/SAL3D_reference_batch_20260601/baseline_screen_space/fandisk/sigmapx26p3_recenter_rotx90p0_horizontaltovertical_blender_rig/fandisk_report.json,/home/29d_kon@lab.graphicon.ru/ssd1_link/projects/REPROJECTING/outputs/SAL3D_reference_batch_20260601/_logs/screen_space/fandisk.log,fandisk.txt,direct,20000,20000,100.0,True,38,38,33220,720,horizontal_to_vertical,60.0,35.98339356333545,0.3130514734936342,0.6271829715154081,1.0668668700631525,0.06412896290221112,0.18447325754040833,0.3628283628653939,0.6688879875253009,0.7496564166666666,0.7184912368421053,0.7652310606060606,0.8540835231924393,0.6938740320498034,0.8548838865472714,0.030797062566355834,131293.8920072099,17708,7582514,,,,ok,,,/home/29d_kon@lab.graphicon.ru/ssd1_link/projects/REPROJECTING/outputs/SAL3D_reference_batch_20260601/baseline_cone/fandisk/recenter_rotx90p0_horizontaltovertical_blender_rig/fandisk_report.json,/home/29d_kon@lab.graphicon.ru/ssd1_link/projects/REPROJECTING/outputs/SAL3D_reference_batch_20260601/_logs/cone/fandisk.log,fandisk.txt,direct,20000,20000,100.0,True,38,38,33220,720,horizontal_to_vertical,60.0,35.98339356333545,0.5035272296989872,0.6913420665939691,0.3172511131907146,0.05813807959147358,0.18259464867428019,0.5776169443142539,0.7610576505517974,0.8570336527777778,0.8343685000000002,0.9190693181818183,1.2178057648614735,1.1247312724527612,1.7273479136848058,2149609.7298051086,131293.8920072099,19781,,0.955478627332932,31741,33220
flowerpot,ok,,,/home/29d_kon@lab.graphicon.ru/ssd1_link/projects/REPROJECTING/outputs/SAL3D_reference_batch_20260601/baseline_screen_space/flowerpot/sigmapx26p3_recenter_rotx90p0_horizontaltovertical_blender_rig/flowerpot_report.json,/home/29d_kon@lab.graphicon.ru/ssd1_link/projects/REPROJECTING/outputs/SAL3D_reference_batch_20260601/_logs/screen_space/flowerpot.log,flowerpot.txt,direct,20000,20000,100.0,False,35,35,34570,720,horizontal_to_vertical,60.0,35.98339356333545,0.05681084078942704,0.22608283478925964,1.897731363732254,0.09846617883725188,0.25390944181431907,-0.06329633915572537,0.2866799975066752,0.53911575,0.5936504736842105,0.7297458333333333,0.06884054056942963,0.25289278303717655,0.7912244370235878,0.04534581000594069,620.7381954043801,19103,7477249,,,,ok,,,/home/29d_kon@lab.graphicon.ru/ssd1_link/projects/REPROJECTING/outputs/SAL3D_reference_batch_20260601/baseline_cone/flowerpot/recenter_rotx90p0_horizontaltovertical_blender_rig/flowerpot_report.json,/home/29d_kon@lab.graphicon.ru/ssd1_link/projects/REPROJECTING/outputs/SAL3D_reference_batch_20260601/_logs/cone/flowerpot.log,flowerpot.txt,direct,20000,20000,100.0,False,35,35,34570,720,horizontal_to_vertical,60.0,35.98339356333545,0.21847470062668264,0.28172487578224287,1.651455514539267,0.07068016212998848,0.20834082523432443,0.16092470939411577,0.3732093664213397,0.6577182500000001,0.7076012105263159,0.8286077020202021,0.533279784790968,0.783215140260103,1.4929277223820252,3651549.1501595587,620.7381954043801,19731,,0.9462250506219265,32711,34570
footballplayer,ok,,,/home/29d_kon@lab.graphicon.ru/ssd1_link/projects/REPROJECTING/outputs/SAL3D_reference_batch_20260601/baseline_screen_space/footballplayer/sigmapx26p3_recenter_rotx90p0_horizontaltovertical_blender_rig/footballplayer_report.json,/home/29d_kon@lab.graphicon.ru/ssd1_link/projects/REPROJECTING/outputs/SAL3D_reference_batch_20260601/_logs/screen_space/footballplayer.log,footballplayer.txt,subset,40414,20000,49.49,True,35,35,30517,720,horizontal_to_vertical,60.0,35.98339356333545,0.1298102054646761,0.6450768595137766,0.6970580775157847,0.05309992220830589,0.16610870694183025,0.19702369416489077,0.6946934056203997,0.6166611388888888,0.6436066315789474,0.8114550505050504,0.2845809949003091,0.3906863921727427,0.9955230564361607,0.07296294046300794,66750.07660481404,39302,14514669,,,,ok,,,/home/29d_kon@lab.graphicon.ru/ssd1_link/projects/REPROJECTING/outputs/SAL3D_reference_batch_20260601/baseline_cone/footballplayer/recenter_rotx90p0_horizontaltovertical_blender_rig/footballplayer_report.json,/home/29d_kon@lab.graphicon.ru/ssd1_link/projects/REPROJECTING/outputs/SAL3D_reference_batch_20260601/_logs/cone/footballplayer.log,footballplayer.txt,subset,40414,20000,49.49,True,35,35,30517,720,horizontal_to_vertical,60.0,35.98339356333545,0.3255801833300432,0.6825642320772715,0.33208519955333027,0.05789627518167736,0.1904228770744593,0.25584229372273826,0.7782143549976881,0.7076209861111111,0.7619886315789474,0.975926893939394,0.7866367109203486,1.1626086793879529,2.5164604337838687,6257740.746629503,66750.07660481404,40414,,0.8574237310351608,26166,30517
gorilla,ok,,,/home/29d_kon@lab.graphicon.ru/ssd1_link/projects/REPROJECTING/outputs/SAL3D_reference_batch_20260601/baseline_screen_space/gorilla/sigmapx26p3_recenter_rotx90p0_horizontaltovertical_blender_rig/gorilla_report.json,/home/29d_kon@lab.graphicon.ru/ssd1_link/projects/REPROJECTING/outputs/SAL3D_reference_batch_20260601/_logs/screen_space/gorilla.log,gorilla.txt,subset,59706,20000,33.5,True,36,36,28892,720,horizontal_to_vertical,60.0,35.98339356333545,0.5065444415697916,0.6748411751258112,0.5739180293006092,0.01606169538868572,0.0808393560446287,0.3332981541873831,0.7454535584264202,0.8764727777777778,0.8777216842105263,0.8851915404040405,1.396171574898942,1.7260132013758325,2.3127219206302927,0.04641862727134984,37807.750244242045,58073,22550046,,,,ok,,,/home/29d_kon@lab.graphicon.ru/ssd1_link/projects/REPROJECTING/outputs/SAL3D_reference_batch_20260601/baseline_cone/gorilla/recenter_rotx90p0_horizontaltovertical_blender_rig/gorilla_report.json,/home/29d_kon@lab.graphicon.ru/ssd1_link/projects/REPROJECTING/outputs/SAL3D_reference_batch_20260601/_logs/cone/gorilla.log,gorilla.txt,subset,59706,20000,33.5,True,36,36,28892,720,horizontal_to_vertical,60.0,35.98339356333545,0.7659049676010006,0.7488019073680077,0.23019868084143374,0.010623888906647594,0.06412115441031545,0.5738191417415477,0.8637315377056447,0.9126594444444445,0.944786447368421,0.9872886363636365,1.949950994881034,2.6975595874601237,4.104966131698047,3677935.6879439997,37807.750244242045,59706,,0.8810397341824726,25455,28892
hand,ok,,,/home/29d_kon@lab.graphicon.ru/ssd1_link/projects/REPROJECTING/outputs/SAL3D_reference_batch_20260601/baseline_screen_space/hand/sigmapx26p3_recenter_rotx90p0_horizontaltovertical_blender_rig/hand_report.json,/home/29d_kon@lab.graphicon.ru/ssd1_link/projects/REPROJECTING/outputs/SAL3D_reference_batch_20260601/_logs/screen_space/hand.log,hand.txt,direct,20000,20000,100.0,True,35,35,34368,720,horizontal_to_vertical,60.0,35.98339356333545,0.6400416456124522,0.7592061359407827,0.1722500670043836,0.028880001699469734,0.1253287862876217,0.7523230930618077,0.866813661995079,0.7724777916666666,0.8317337105263157,0.8694489898989899,0.9094428039646081,1.2358444399723403,1.4148752115362493,0.057616897242586604,143509.2073347634,20000,7309679,,,,ok,,,/home/29d_kon@lab.graphicon.ru/ssd1_link/projects/REPROJECTING/outputs/SAL3D_reference_batch_20260601/baseline_cone/hand/recenter_rotx90p0_horizontaltovertical_blender_rig/hand_report.json,/home/29d_kon@lab.graphicon.ru/ssd1_link/projects/REPROJECTING/outputs/SAL3D_reference_batch_20260601/_logs/cone/hand.log,hand.txt,direct,20000,20000,100.0,True,35,35,34368,720,horizontal_to_vertical,60.0,35.98339356333545,0.6873298225675193,0.7699434791598074,0.15606948069439303,0.04100531567213604,0.1595181904187951,0.7638600255751499,0.8841977068091531,0.7820743472222224,0.8614062368421053,0.9418936868686869,0.9375779054365574,1.3194466026424962,1.8844100842092661,5671872.7425792925,143509.2073347634,20000,,0.9347648975791434,32126,34368
harley,ok,,,/home/29d_kon@lab.graphicon.ru/ssd1_link/projects/REPROJECTING/outputs/SAL3D_reference_batch_20260601/baseline_screen_space/harley/sigmapx26p3_recenter_rotx90p0_horizontaltovertical_blender_rig/harley_report.json,/home/29d_kon@lab.graphicon.ru/ssd1_link/projects/REPROJECTING/outputs/SAL3D_reference_batch_20260601/_logs/screen_space/harley.log,harley.txt,subset,54853,19796,36.09,True,35,35,35015,720,horizontal_to_vertical,60.0,35.98339356333545,0.2101238391068965,0.6617031605814852,0.9149569787821251,0.04807603659115673,0.16860380000499162,0.27154881005143944,0.7176080427872851,0.5978665754990408,0.6269219365837466,0.7455043340848014,0.2604495914112746,0.34887831636724237,0.7229851444820227,0.0876262997921485,49075.989418378886,52194,20177291,,,,ok,,,/home/29d_kon@lab.graphicon.ru/ssd1_link/projects/REPROJECTING/outputs/SAL3D_reference_batch_20260601/baseline_cone/harley/recenter_rotx90p0_horizontaltovertical_blender_rig/harley_report.json,/home/29d_kon@lab.graphicon.ru/ssd1_link/projects/REPROJECTING/outputs/SAL3D_reference_batch_20260601/_logs/cone/harley.log,harley.txt,subset,54853,19796,36.09,True,35,35,35015,720,horizontal_to_vertical,60.0,35.98339356333545,0.226179305644312,0.6763695037357687,0.356111485567692,0.11238831468827472,0.268585092850083,0.30499195577561966,0.7323614793884247,0.5989422032403061,0.6135968050170965,0.7776381015997303,0.2892540082550081,0.3572101207540686,0.81911256714603,8792550.977406114,49075.989418378886,54853,,0.8220762530344138,28785,35015
hay,ok,,,/home/29d_kon@lab.graphicon.ru/ssd1_link/projects/REPROJECTING/outputs/SAL3D_reference_batch_20260601/baseline_screen_space/hay/sigmapx26p3_recenter_rotx90p0_horizontaltovertical_blender_rig/hay_report.json,/home/29d_kon@lab.graphicon.ru/ssd1_link/projects/REPROJECTING/outputs/SAL3D_reference_batch_20260601/_logs/screen_space/hay.log,hay.txt,subset,60049,20000,33.31,True,35,35,28172,720,horizontal_to_vertical,60.0,35.98339356333545,0.20478679735122066,0.6785226069607975,0.42850653161956964,0.037397766482459883,0.14822559134155203,0.2246952082880937,0.7599824122637444,0.6531324861111111,0.6196825789473683,0.5900227272727273,0.4039587412372707,0.3186855102721188,0.17509648989808937,0.08995532642720647,47886.17138711896,58851,21753122,,,,ok,,,/home/29d_kon@lab.graphicon.ru/ssd1_link/projects/REPROJECTING/outputs/SAL3D_reference_batch_20260601/baseline_cone/hay/recenter_rotx90p0_horizontaltovertical_blender_rig/hay_report.json,/home/29d_kon@lab.graphicon.ru/ssd1_link/projects/REPROJECTING/outputs/SAL3D_reference_batch_20260601/_logs/cone/hay.log,hay.txt,subset,60049,20000,33.31,True,35,35,28172,720,horizontal_to_vertical,60.0,35.98339356333545,0.308620819511518,0.7053818324060721,0.2873972586602527,0.044010875144291535,0.15206331151708027,0.4195472326914491,0.779318302141665,0.7046948611111111,0.6904047368421053,0.7038324494949495,0.44797579424797174,0.3979177716295201,0.36959621555460415,7518499.939575965,47886.17138711896,60049,,0.9215178191111743,25961,28172
horse,ok,,,/home/29d_kon@lab.graphicon.ru/ssd1_link/projects/REPROJECTING/outputs/SAL3D_reference_batch_20260601/baseline_screen_space/horse/sigmapx26p3_recenter_rotx90p0_horizontaltovertical_blender_rig/horse_report.json,/home/29d_kon@lab.graphicon.ru/ssd1_link/projects/REPROJECTING/outputs/SAL3D_reference_batch_20260601/_logs/screen_space/horse.log,horse.txt,direct,20000,20000,100.0,True,35,35,32321,720,horizontal_to_vertical,60.0,35.98339356333545,0.5925527622691018,0.6930528895003727,0.4716559935809871,0.016823535784922523,0.09230664201320728,0.5012833294580481,0.8035741209650622,0.8364877777777778,0.8759628421052631,0.9857766414141415,1.382614538995642,1.9774108330253344,3.5439393478195176,0.03411408117479506,133758.54228854628,19064,7707175,,,,ok,,,/home/29d_kon@lab.graphicon.ru/ssd1_link/projects/REPROJECTING/outputs/SAL3D_reference_batch_20260601/baseline_cone/horse/recenter_rotx90p0_horizontaltovertical_blender_rig/horse_report.json,/home/29d_kon@lab.graphicon.ru/ssd1_link/projects/REPROJECTING/outputs/SAL3D_reference_batch_20260601/_logs/cone/horse.log,horse.txt,direct,20000,20000,100.0,True,35,35,32321,720,horizontal_to_vertical,60.0,35.98339356333545,0.7331283174476355,0.7433856095929852,0.21553418430660765,0.008933196613313465,0.06317037038581268,0.6654191556284916,0.8615446053800954,0.9047563194444445,0.9232000526315789,0.9891606060606061,1.7679301798648255,2.533865092695296,4.5079835629398195,2873836.0738722575,133758.54228854628,20000,,0.8094737167785651,26163,32321
house,ok,,,/home/29d_kon@lab.graphicon.ru/ssd1_link/projects/REPROJECTING/outputs/SAL3D_reference_batch_20260601/baseline_screen_space/house/sigmapx26p3_recenter_rotx90p0_horizontaltovertical_blender_rig/house_report.json,/home/29d_kon@lab.graphicon.ru/ssd1_link/projects/REPROJECTING/outputs/SAL3D_reference_batch_20260601/_logs/screen_space/house.log,house.txt,subset,55560,19728,35.51,True,36,36,35560,720,horizontal_to_vertical,60.0,35.98339356333545,0.217874013400352,0.5306924649414705,1.899137506446138,0.03233871146228062,0.12744189503316583,0.19227502124010273,0.579232068289959,0.6207965375429464,0.7380837229428383,0.8033694600898901,0.3954693453362933,0.8752615197916367,1.4749746113768816,0.02265893326752338,43539.30181938337,47122,21979892,,,,ok,,,/home/29d_kon@lab.graphicon.ru/ssd1_link/projects/REPROJECTING/outputs/SAL3D_reference_batch_20260601/baseline_cone/house/recenter_rotx90p0_horizontaltovertical_blender_rig/house_report.json,/home/29d_kon@lab.graphicon.ru/ssd1_link/projects/REPROJECTING/outputs/SAL3D_reference_batch_20260601/_logs/cone/house.log,house.txt,subset,55560,19728,35.51,True,36,36,35560,720,horizontal_to_vertical,60.0,35.98339356333545,0.577018696080876,0.6426782178426369,0.5009521863193711,0.015418251471743753,0.08604764361199779,0.5977876359018581,0.7572523020544368,0.7986718902879667,0.877077099675862,0.9063162345420409,1.148629243325035,1.8224395601550525,2.4792075707891494,1462296.5418264205,43539.30181938337,51680,,0.9763779527559056,34720,35560
igea,ok,,,/home/29d_kon@lab.graphicon.ru/ssd1_link/projects/REPROJECTING/outputs/SAL3D_reference_batch_20260601/baseline_screen_space/igea/sigmapx26p3_recenter_rotx90p0_horizontaltovertical_blender_rig/igea_report.json,/home/29d_kon@lab.graphicon.ru/ssd1_link/projects/REPROJECTING/outputs/SAL3D_reference_batch_20260601/_logs/screen_space/igea.log,igea.txt,direct,20000,20000,100.0,True,35,35,33278,720,horizontal_to_vertical,60.0,35.98339356333545,0.6995197079297911,0.7112272072568449,0.4787620181940581,0.014888330208695063,0.06437575913025306,0.7368253402236903,0.8056652528447046,0.9213486666666666,0.9642800000000001,0.9530145202020203,1.8337203525799244,2.4563316547616227,2.2284889221900657,0.022571597171191442,140997.0719795723,18654,8485258,,,,ok,,,/home/29d_kon@lab.graphicon.ru/ssd1_link/projects/REPROJECTING/outputs/SAL3D_reference_batch_20260601/baseline_cone/igea/recenter_rotx90p0_horizontaltovertical_blender_rig/igea_report.json,/home/29d_kon@lab.graphicon.ru/ssd1_link/projects/REPROJECTING/outputs/SAL3D_reference_batch_20260601/_logs/cone/igea.log,igea.txt,direct,20000,20000,100.0,True,35,35,33278,720,horizontal_to_vertical,60.0,35.98339356333545,0.7586968950136166,0.7238278083236349,0.30541864251245354,0.012452943969720307,0.061682165925496864,0.7470542079262689,0.8386717902202435,0.9432920277777777,0.973065789473684,0.9642154040404041,1.9950466501702386,2.6680963108194655,2.6697489181144367,1948851.2292256663,140997.0719795723,19823,,0.9777029869583509,32536,33278
james,ok,,,/home/29d_kon@lab.graphicon.ru/ssd1_link/projects/REPROJECTING/outputs/SAL3D_reference_batch_20260601/baseline_screen_space/james/sigmapx26p3_recenter_rotx90p0_horizontaltovertical_blender_rig/james_report.json,/home/29d_kon@lab.graphicon.ru/ssd1_link/projects/REPROJECTING/outputs/SAL3D_reference_batch_20260601/_logs/screen_space/james.log,james.txt,subset,20000,19945,99.72,True,35,35,24215,720,horizontal_to_vertical,60.0,35.98339356333545,-0.04197906010777215,0.4965088579158107,0.9528186163452727,0.07381694804137898,0.20821933879913418,0.07674499952846468,0.532039463134512,0.4609041824617254,0.435927563153964,0.3797474044061788,-0.2638519451675444,-0.3457761769321772,-0.40860656351233415,0.12452026218420426,118358.17281287248,19275,7397429,,,,ok,,,/home/29d_kon@lab.graphicon.ru/ssd1_link/projects/REPROJECTING/outputs/SAL3D_reference_batch_20260601/baseline_cone/james/recenter_rotx90p0_horizontaltovertical_blender_rig/james_report.json,/home/29d_kon@lab.graphicon.ru/ssd1_link/projects/REPROJECTING/outputs/SAL3D_reference_batch_20260601/_logs/cone/james.log,james.txt,subset,20000,19945,99.72,True,35,35,24215,720,horizontal_to_vertical,60.0,35.98339356333545,-0.11862015883600388,0.4502388914850047,0.9360943347710659,0.19996734332500207,0.32521889771530915,-0.0825690775423059,0.47161562954974523,0.42631387661353937,0.4059427241034028,0.3008055203849076,-0.3506990733701105,-0.41384052012989836,-0.4776106077659239,12888680.126592115,118358.17281287248,20000,,0.8390666941978113,20318,24215
jessi,ok,,,/home/29d_kon@lab.graphicon.ru/ssd1_link/projects/REPROJECTING/outputs/SAL3D_reference_batch_20260601/baseline_screen_space/jessi/sigmapx26p3_recenter_rotx90p0_horizontaltovertical_blender_rig/jessi_report.json,/home/29d_kon@lab.graphicon.ru/ssd1_link/projects/REPROJECTING/outputs/SAL3D_reference_batch_20260601/_logs/screen_space/jessi.log,jessi.txt,subset,25645,19250,75.06,True,35,35,33812,720,horizontal_to_vertical,60.0,35.98339356333545,0.5129134358244241,0.5733184685347663,0.7545225492696266,0.010877334175884506,0.06979578432478035,0.26993391510870857,0.6964968022344429,0.6875579243267556,0.782511888868276,0.970658382093969,1.0081908738619092,1.8790573141955633,4.2899384101685545,0.02354386708344635,106827.24492997804,25451,9466611,,,,ok,,,/home/29d_kon@lab.graphicon.ru/ssd1_link/projects/REPROJECTING/outputs/SAL3D_reference_batch_20260601/baseline_cone/jessi/recenter_rotx90p0_horizontaltovertical_blender_rig/jessi_report.json,/home/29d_kon@lab.graphicon.ru/ssd1_link/projects/REPROJECTING/outputs/SAL3D_reference_batch_20260601/_logs/cone/jessi.log,jessi.txt,subset,25645,19250,75.06,True,35,35,33812,720,horizontal_to_vertical,60.0,35.98339356333545,0.7173754727301112,0.6648426409803223,0.43842678170255656,0.006993584468534492,0.05080600700955882,0.5679089682607115,0.8156908445984256,0.7488494593429659,0.8017549705483374,0.9929850481280457,1.2696230013575003,2.260590153175816,6.432772089252494,1559162.2291812089,106827.24492997804,25311,,0.9733526558618242,32911,33812
lion,ok,,,/home/29d_kon@lab.graphicon.ru/ssd1_link/projects/REPROJECTING/outputs/SAL3D_reference_batch_20260601/baseline_screen_space/lion/sigmapx26p3_recenter_rotx90p0_horizontaltovertical_blender_rig/lion_report.json,/home/29d_kon@lab.graphicon.ru/ssd1_link/projects/REPROJECTING/outputs/SAL3D_reference_batch_20260601/_logs/screen_space/lion.log,lion.txt,subset,53709,20000,37.24,True,36,36,31113,720,horizontal_to_vertical,60.0,35.98339356333545,0.291066700235186,0.5943304691200756,1.0326736847670048,0.039893462167096924,0.1413174618282859,0.3245442134648852,0.6364856639169939,0.6805182777777777,0.6888104736842104,0.7661338383838384,0.6348962802755661,0.7489846798933102,1.0079964447492689,0.04496551340620586,49873.655233068275,49781,21126648,,,,ok,,,/home/29d_kon@lab.graphicon.ru/ssd1_link/projects/REPROJECTING/outputs/SAL3D_reference_batch_20260601/baseline_cone/lion/recenter_rotx90p0_horizontaltovertical_blender_rig/lion_report.json,/home/29d_kon@lab.graphicon.ru/ssd1_link/projects/REPROJECTING/outputs/SAL3D_reference_batch_20260601/_logs/cone/lion.log,lion.txt,subset,53709,20000,37.24,True,36,36,31113,720,horizontal_to_vertical,60.0,35.98339356333545,0.4693177834017981,0.5942125042459604,0.5720299941680597,0.0382306213305493,0.13705878311124817,0.46131122334450575,0.668351326554548,0.7306544305555556,0.7534345789473683,0.8818959595959596,0.9862716144824096,1.2709720431585219,1.906373997941623,3297466.764772294,49873.655233068275,53699,,0.8805001124931701,27395,31113
meca,runtime_error,runtime_error,"Traceback (most recent call last):
  File ""/mnt/ssd1/29d_kon/projects/REPROJECTING/Mesh-Saliency-Projection/reprojection_methods/screen_space_gaussian/eval_sal3d_screen_space.py"", line 985, in <module>
    main()
  File ""/mnt/ssd1/29d_kon/projects/REPROJECTING/Mesh-Saliency-Projection/reprojection_methods/screen_space_gaussian/eval_sal3d_screen_space.py"", line 892, in main
    gt, gt_mask, gt_was_smoothed = load_gt_aligned_to_obj(
                                   ^^^^^^^^^^^^^^^^^^^^^^^
  File ""/mnt/ssd1/29d_kon/projects/REPROJECTING/Mesh-Saliency-Projection/reprojection_methods/screen_space_gaussian/eval_sal3d_screen_space.py"", line 337, in load_gt_aligned_to_obj
    raise ValueError(
ValueError: GT row count (20000) > OBJ vertex count (15000). Cannot align GT to mesh.",/home/29d_kon@lab.graphicon.ru/ssd1_link/projects/REPROJECTING/outputs/SAL3D_reference_batch_20260601/baseline_screen_space/meca/sigmapx26p3_recenter_rotx90p0_horizontaltovertical_blender_rig/meca_report.json,/home/29d_kon@lab.graphicon.ru/ssd1_link/projects/REPROJECTING/outputs/SAL3D_reference_batch_20260601/_logs/screen_space/meca.log,,,,,,,,,,,,,,,,,,,,,,,,,,,,,,,,,,runtime_error,runtime_error,"Traceback (most recent call last):
  File ""/mnt/ssd1/29d_kon/projects/REPROJECTING/Mesh-Saliency-Projection/reprojection_methods/cone_projection_on_mesh/eval_sal3d_cone.py"", line 940, in <module>
    main()
  File ""/mnt/ssd1/29d_kon/projects/REPROJECTING/Mesh-Saliency-Projection/reprojection_methods/cone_projection_on_mesh/eval_sal3d_cone.py"", line 836, in main
    gt, gt_mask, gt_was_smoothed = load_gt_aligned_to_obj(
                                   ^^^^^^^^^^^^^^^^^^^^^^^
  File ""/mnt/ssd1/29d_kon/projects/REPROJECTING/Mesh-Saliency-Projection/reprojection_methods/cone_projection_on_mesh/eval_sal3d_cone.py"", line 364, in load_gt_aligned_to_obj
    raise ValueError(
ValueError: GT row count (20000) > OBJ vertex count (15000). Cannot align GT to mesh.",/home/29d_kon@lab.graphicon.ru/ssd1_link/projects/REPROJECTING/outputs/SAL3D_reference_batch_20260601/baseline_cone/meca/recenter_rotx90p0_horizontaltovertical_blender_rig/meca_report.json,/home/29d_kon@lab.graphicon.ru/ssd1_link/projects/REPROJECTING/outputs/SAL3D_reference_batch_20260601/_logs/cone/meca.log,,,,,,,,,,,,,,,,,,,,,,,,,,,,,,,,,
michael3,ok,,,/home/29d_kon@lab.graphicon.ru/ssd1_link/projects/REPROJECTING/outputs/SAL3D_reference_batch_20260601/baseline_screen_space/michael3/sigmapx26p3_recenter_rotx90p0_horizontaltovertical_blender_rig/michael3_report.json,/home/29d_kon@lab.graphicon.ru/ssd1_link/projects/REPROJECTING/outputs/SAL3D_reference_batch_20260601/_logs/screen_space/michael3.log,michael3.txt,direct,20000,20000,100.0,True,36,36,34946,720,horizontal_to_vertical,60.0,35.98339356333545,0.41243464962473386,0.689222255553445,0.3844171055696223,0.022262633901782115,0.1027304939737692,0.5749841855743538,0.768106388364862,0.7659051388888889,0.7826347631578947,0.8572895202020202,0.6653558630614846,0.6722015172941863,1.0450790690616256,0.08466274410113711,123280.41190656021,19569,7435710,,,,ok,,,/home/29d_kon@lab.graphicon.ru/ssd1_link/projects/REPROJECTING/outputs/SAL3D_reference_batch_20260601/baseline_cone/michael3/recenter_rotx90p0_horizontaltovertical_blender_rig/michael3_report.json,/home/29d_kon@lab.graphicon.ru/ssd1_link/projects/REPROJECTING/outputs/SAL3D_reference_batch_20260601/_logs/cone/michael3.log,michael3.txt,direct,20000,20000,100.0,True,36,36,34946,720,horizontal_to_vertical,60.0,35.98339356333545,0.37739606674023457,0.6585176421336074,0.32502733124711247,0.04557359893199239,0.14063650712831655,0.6536555018462399,0.725860464767497,0.8079367222222222,0.8097095263157895,0.823690404040404,0.6186765412694226,0.4952616528579649,0.6790040310626282,11056104.699104175,123280.41190656021,20000,,0.8301951582441481,29012,34946
michael8,ok,,,/home/29d_kon@lab.graphicon.ru/ssd1_link/projects/REPROJECTING/outputs/SAL3D_reference_batch_20260601/baseline_screen_space/michael8/sigmapx26p3_recenter_rotx90p0_horizontaltovertical_blender_rig/michael8_report.json,/home/29d_kon@lab.graphicon.ru/ssd1_link/projects/REPROJECTING/outputs/SAL3D_reference_batch_20260601/_logs/screen_space/michael8.log,michael8.txt,direct,20000,20000,100.0,True,35,35,44786,720,horizontal_to_vertical,60.0,35.98339356333545,0.16817148534624154,0.6726253807112754,0.8019671200821397,0.056870006319672345,0.17070531990578175,0.30193043210002224,0.7112618386696543,0.517752375,0.461333447368421,0.31864886363636363,0.04863869119779408,-0.09259689063872872,-0.46508444352414036,0.05937204682495898,130834.92760580711,19015,7398502,,,,ok,,,/home/29d_kon@lab.graphicon.ru/ssd1_link/projects/REPROJECTING/outputs/SAL3D_reference_batch_20260601/baseline_cone/michael8/recenter_rotx90p0_horizontaltovertical_blender_rig/michael8_report.json,/home/29d_kon@lab.graphicon.ru/ssd1_link/projects/REPROJECTING/outputs/SAL3D_reference_batch_20260601/_logs/cone/michael8.log,michael8.txt,direct,20000,20000,100.0,True,35,35,44786,720,horizontal_to_vertical,60.0,35.98339356333545,0.18654733300296653,0.6407679589262173,0.4160987037513306,0.07228427060682696,0.19366550532571822,0.4932175020390437,0.6457762423447486,0.6156872083333332,0.5854246052631579,0.4916239898989899,0.12081480619696532,0.01790346872690573,-0.28199267094239994,7750581.62419045,130834.92760580711,20000,,0.8349260929754834,37393,44786
octopus,ok,,,/home/29d_kon@lab.graphicon.ru/ssd1_link/projects/REPROJECTING/outputs/SAL3D_reference_batch_20260601/baseline_screen_space/octopus/sigmapx26p3_recenter_rotx90p0_horizontaltovertical_blender_rig/octopus_report.json,/home/29d_kon@lab.graphicon.ru/ssd1_link/projects/REPROJECTING/outputs/SAL3D_reference_batch_20260601/_logs/screen_space/octopus.log,octopus.txt,direct,20000,20000,100.0,True,35,35,35966,720,horizontal_to_vertical,60.0,35.98339356333545,0.24920855640936695,0.643066392801955,0.8311047437004647,0.0358059942855251,0.12639480823798252,0.3648258455967321,0.6713308658863535,0.7122095972222222,0.653649105263158,0.620744191919192,0.5197506811636977,0.29535896277457563,0.17292424193379538,0.05349452000485686,132375.40181806334,19189,7389389,,,,ok,,,/home/29d_kon@lab.graphicon.ru/ssd1_link/projects/REPROJECTING/outputs/SAL3D_reference_batch_20260601/baseline_cone/octopus/recenter_rotx90p0_horizontaltovertical_blender_rig/octopus_report.json,/home/29d_kon@lab.graphicon.ru/ssd1_link/projects/REPROJECTING/outputs/SAL3D_reference_batch_20260601/_logs/cone/octopus.log,octopus.txt,direct,20000,20000,100.0,True,35,35,35966,720,horizontal_to_vertical,60.0,35.98339356333545,0.36849945142103774,0.6273806842393818,0.4866910042721131,0.04534240352926192,0.1411340621535917,0.49388687247233615,0.6842959832987594,0.7697287083333334,0.6898972631578947,0.6384125,0.7937838540304349,0.402415101201519,0.10361055955889452,4184932.5153182223,132375.40181806334,20000,,0.6756102986153589,24299,35966
prot,ok,,,/home/29d_kon@lab.graphicon.ru/ssd1_link/projects/REPROJECTING/outputs/SAL3D_reference_batch_20260601/baseline_screen_space/prot/sigmapx26p3_recenter_rotx90p0_horizontaltovertical_blender_rig/prot_report.json,/home/29d_kon@lab.graphicon.ru/ssd1_link/projects/REPROJECTING/outputs/SAL3D_reference_batch_20260601/_logs/screen_space/prot.log,prot.txt,direct,20000,20000,100.0,False,35,35,34426,720,horizontal_to_vertical,60.0,35.98339356333545,-0.029393775524341206,0.19432308774320167,2.1687223414186954,0.08390706653097718,0.23944172209041772,-0.05466537969417566,0.23746811619490554,0.4750431111111111,0.47815097368421045,0.5455231060606061,-0.11787105765221104,-0.12321192042567052,0.04780686810150623,0.022659549250866218,660.9695697725142,19179,7816885,,,,ok,,,/home/29d_kon@lab.graphicon.ru/ssd1_link/projects/REPROJECTING/outputs/SAL3D_reference_batch_20260601/baseline_cone/prot/recenter_rotx90p0_horizontaltovertical_blender_rig/prot_report.json,/home/29d_kon@lab.graphicon.ru/ssd1_link/projects/REPROJECTING/outputs/SAL3D_reference_batch_20260601/_logs/cone/prot.log,prot.txt,direct,20000,20000,100.0,False,35,35,34426,720,horizontal_to_vertical,60.0,35.98339356333545,0.2047738225738885,0.28267322538726775,1.667612842276119,0.04862929236729038,0.1643042266598997,0.31552753586508797,0.3546103333848686,0.7113160416666666,0.7131650263157895,0.7738608585858585,0.6025258293211438,0.646652046768986,0.949918158876754,1083012.8287348938,660.9695697725142,19443,,0.9654331028873526,33236,34426
ring,ok,,,/home/29d_kon@lab.graphicon.ru/ssd1_link/projects/REPROJECTING/outputs/SAL3D_reference_batch_20260601/baseline_screen_space/ring/sigmapx26p3_recenter_rotx90p0_horizontaltovertical_blender_rig/ring_report.json,/home/29d_kon@lab.graphicon.ru/ssd1_link/projects/REPROJECTING/outputs/SAL3D_reference_batch_20260601/_logs/screen_space/ring.log,ring.txt,subset,43980,20000,45.48,True,35,35,37263,720,horizontal_to_vertical,60.0,35.98339356333545,0.3333491326836814,0.7428965506626518,0.35419368522562694,0.03998579763695134,0.1468398184587169,0.4110934299079439,0.8275771067006011,0.6248496527777778,0.6275085,0.5569795454545454,0.3178007861600147,0.3122051362496854,0.06919341278650896,0.05559398649504647,54895.908682303256,42526,16044900,,,,ok,,,/home/29d_kon@lab.graphicon.ru/ssd1_link/projects/REPROJECTING/outputs/SAL3D_reference_batch_20260601/baseline_cone/ring/recenter_rotx90p0_horizontaltovertical_blender_rig/ring_report.json,/home/29d_kon@lab.graphicon.ru/ssd1_link/projects/REPROJECTING/outputs/SAL3D_reference_batch_20260601/_logs/cone/ring.log,ring.txt,subset,43980,20000,45.48,True,35,35,37263,720,horizontal_to_vertical,60.0,35.98339356333545,0.48085020275729756,0.762650056616186,0.17795309103619483,0.041832683482847494,0.16332522910789002,0.51747981150114,0.8659941081452402,0.7228305138888889,0.7284512368421053,0.7255263888888889,0.6706079123238726,0.690551679256933,0.5943981777533223,5913291.186741293,54895.908682303256,43980,,0.8707296782330999,32446,37263
ringdragon,ok,,,/home/29d_kon@lab.graphicon.ru/ssd1_link/projects/REPROJECTING/outputs/SAL3D_reference_batch_20260601/baseline_screen_space/ringdragon/sigmapx26p3_recenter_rotx90p0_horizontaltovertical_blender_rig/ringdragon_report.json,/home/29d_kon@lab.graphicon.ru/ssd1_link/projects/REPROJECTING/outputs/SAL3D_reference_batch_20260601/_logs/screen_space/ringdragon.log,ringdragon.txt,subset,52437,20000,38.14,True,35,35,34866,720,horizontal_to_vertical,60.0,35.98339356333545,0.17076941883682606,0.5191474132223604,0.9871750792560843,0.04740974111386979,0.14935998094561326,0.024704839763419677,0.5547530429667893,0.77381175,0.7602215263157893,0.6794146464646464,0.763125997564972,0.7444093923237322,0.3933886659537896,0.0697934334360287,46443.68767902057,51234,19955794,,,,ok,,,/home/29d_kon@lab.graphicon.ru/ssd1_link/projects/REPROJECTING/outputs/SAL3D_reference_batch_20260601/baseline_cone/ringdragon/recenter_rotx90p0_horizontaltovertical_blender_rig/ringdragon_report.json,/home/29d_kon@lab.graphicon.ru/ssd1_link/projects/REPROJECTING/outputs/SAL3D_reference_batch_20260601/_logs/cone/ringdragon.log,ringdragon.txt,subset,52437,20000,38.14,True,35,35,34866,720,horizontal_to_vertical,60.0,35.98339356333545,0.6398258433395451,0.6807810261645746,0.3487131427806002,0.02561237302434481,0.10996650418423697,0.5387096371395439,0.7940225786819897,0.9441435833333335,0.9427481315789474,0.8954171717171717,1.8489562146175023,2.0849829198868663,1.4559715024162858,4436797.573029354,46443.68767902057,52437,,0.9136694774278666,31856,34866
rockerarm,ok,,,/home/29d_kon@lab.graphicon.ru/ssd1_link/projects/REPROJECTING/outputs/SAL3D_reference_batch_20260601/baseline_screen_space/rockerarm/sigmapx26p3_recenter_rotx90p0_horizontaltovertical_blender_rig/rockerarm_report.json,/home/29d_kon@lab.graphicon.ru/ssd1_link/projects/REPROJECTING/outputs/SAL3D_reference_batch_20260601/_logs/screen_space/rockerarm.log,rockerarm.txt,direct,20000,20000,100.0,True,39,39,33744,720,horizontal_to_vertical,60.0,35.98339356333545,0.21400036958055113,0.6473698084281713,0.8332316350616965,0.05964625276997638,0.18416459976930818,0.35574948463332634,0.7190841008534553,0.5609707777777777,0.577454947368421,0.6458732323232323,0.060376482444959835,0.08963194108250402,0.23661572548817325,0.04505060145940754,133419.8970155213,18878,7388760,,,,ok,,,/home/29d_kon@lab.graphicon.ru/ssd1_link/projects/REPROJECTING/outputs/SAL3D_reference_batch_20260601/baseline_cone/rockerarm/recenter_rotx90p0_horizontaltovertical_blender_rig/rockerarm_report.json,/home/29d_kon@lab.graphicon.ru/ssd1_link/projects/REPROJECTING/outputs/SAL3D_reference_batch_20260601/_logs/cone/rockerarm.log,rockerarm.txt,direct,20000,20000,100.0,True,39,39,33744,720,horizontal_to_vertical,60.0,35.98339356333545,0.5145472476082332,0.7225949381519876,0.2411048631107675,0.03552291865672198,0.13720791776360242,0.5766553948081384,0.8280600689519025,0.7738906944444444,0.8072830263157895,0.9019448232323233,0.7692882537098206,0.9184472330222465,1.3292627100043324,3050117.055605661,133419.8970155213,20000,,0.9479611190137506,31988,33744
skull,ok,,,/home/29d_kon@lab.graphicon.ru/ssd1_link/projects/REPROJECTING/outputs/SAL3D_reference_batch_20260601/baseline_screen_space/skull/sigmapx26p3_recenter_rotx90p0_horizontaltovertical_blender_rig/skull_report.json,/home/29d_kon@lab.graphicon.ru/ssd1_link/projects/REPROJECTING/outputs/SAL3D_reference_batch_20260601/_logs/screen_space/skull.log,skull.txt,subset,51264,20000,39.01,True,36,36,31632,720,horizontal_to_vertical,60.0,35.98339356333545,-0.009853398601830772,0.5231266774877841,1.7479784036998383,0.06290580258450698,0.19214684960237238,0.032413407828688255,0.5585866923938454,0.5051170138888889,0.5146111052631579,0.6753368686868687,-0.026971879535395992,0.006812361013031314,0.4988910052672066,0.04828908273481246,51642.28803417639,47272,20753090,,,,ok,,,/home/29d_kon@lab.graphicon.ru/ssd1_link/projects/REPROJECTING/outputs/SAL3D_reference_batch_20260601/baseline_cone/skull/recenter_rotx90p0_horizontaltovertical_blender_rig/skull_report.json,/home/29d_kon@lab.graphicon.ru/ssd1_link/projects/REPROJECTING/outputs/SAL3D_reference_batch_20260601/_logs/cone/skull.log,skull.txt,subset,51264,20000,39.01,True,36,36,31632,720,horizontal_to_vertical,60.0,35.98339356333545,0.27989330208548124,0.5971061607499224,0.8153422917234854,0.051088128313366545,0.15879170631006914,0.39194048765405526,0.6652730546826694,0.6522323611111112,0.6440053684210526,0.8685811868686868,0.4363618643805537,0.4959360929076013,1.2330304274358839,2922887.1763963997,51642.28803417639,50320,,0.9625063227111785,30446,31632
sofa,runtime_error,runtime_error,"Traceback (most recent call last):
  File ""/mnt/ssd1/29d_kon/projects/REPROJECTING/Mesh-Saliency-Projection/reprojection_methods/screen_space_gaussian/eval_sal3d_screen_space.py"", line 985, in <module>
    main()
  File ""/mnt/ssd1/29d_kon/projects/REPROJECTING/Mesh-Saliency-Projection/reprojection_methods/screen_space_gaussian/eval_sal3d_screen_space.py"", line 892, in main
    gt, gt_mask, gt_was_smoothed = load_gt_aligned_to_obj(
                                   ^^^^^^^^^^^^^^^^^^^^^^^
  File ""/mnt/ssd1/29d_kon/projects/REPROJECTING/Mesh-Saliency-Projection/reprojection_methods/screen_space_gaussian/eval_sal3d_screen_space.py"", line 337, in load_gt_aligned_to_obj
    raise ValueError(
ValueError: GT row count (20000) > OBJ vertex count (15162). Cannot align GT to mesh.",/home/29d_kon@lab.graphicon.ru/ssd1_link/projects/REPROJECTING/outputs/SAL3D_reference_batch_20260601/baseline_screen_space/sofa/sigmapx26p3_recenter_rotx90p0_horizontaltovertical_blender_rig/sofa_report.json,/home/29d_kon@lab.graphicon.ru/ssd1_link/projects/REPROJECTING/outputs/SAL3D_reference_batch_20260601/_logs/screen_space/sofa.log,,,,,,,,,,,,,,,,,,,,,,,,,,,,,,,,,,runtime_error,runtime_error,"Traceback (most recent call last):
  File ""/mnt/ssd1/29d_kon/projects/REPROJECTING/Mesh-Saliency-Projection/reprojection_methods/cone_projection_on_mesh/eval_sal3d_cone.py"", line 956, in <module>
    main()
  File ""/mnt/ssd1/29d_kon/projects/REPROJECTING/Mesh-Saliency-Projection/reprojection_methods/cone_projection_on_mesh/eval_sal3d_cone.py"", line 852, in main
    gt, gt_mask, gt_was_smoothed = load_gt_aligned_to_obj(
                                   ^^^^^^^^^^^^^^^^^^^^^^^
  File ""/mnt/ssd1/29d_kon/projects/REPROJECTING/Mesh-Saliency-Projection/reprojection_methods/cone_projection_on_mesh/eval_sal3d_cone.py"", line 364, in load_gt_aligned_to_obj
    raise ValueError(
ValueError: GT row count (20000) > OBJ vertex count (15162). Cannot align GT to mesh.",/home/29d_kon@lab.graphicon.ru/ssd1_link/projects/REPROJECTING/outputs/SAL3D_reference_batch_20260601/baseline_cone/sofa/recenter_rotx90p0_horizontaltovertical_blender_rig/sofa_report.json,/home/29d_kon@lab.graphicon.ru/ssd1_link/projects/REPROJECTING/outputs/SAL3D_reference_batch_20260601/_logs/cone/sofa.log,,,,,,,,,,,,,,,,,,,,,,,,,,,,,,,,,
spaceshuttle,ok,,,/home/29d_kon@lab.graphicon.ru/ssd1_link/projects/REPROJECTING/outputs/SAL3D_reference_batch_20260601/baseline_screen_space/spaceshuttle/sigmapx26p3_recenter_rotx90p0_horizontaltovertical_blender_rig/spaceshuttle_report.json,/home/29d_kon@lab.graphicon.ru/ssd1_link/projects/REPROJECTING/outputs/SAL3D_reference_batch_20260601/_logs/screen_space/spaceshuttle.log,spaceshuttle.txt,subset,48015,20000,41.65,True,36,36,35886,720,horizontal_to_vertical,60.0,35.98339356333545,0.31753718710433343,0.6515740189559398,0.5570834181431435,0.03105341942596282,0.11788010895520581,0.5200070291726228,0.6972244474081442,0.7031958611111111,0.6954904736842106,0.6774729797979798,0.4238640770238501,0.4365082451172157,0.4376401426724159,0.0685158170595292,59122.72582884774,47038,16261666,,,,ok,,,/home/29d_kon@lab.graphicon.ru/ssd1_link/projects/REPROJECTING/outputs/SAL3D_reference_batch_20260601/baseline_cone/spaceshuttle/recenter_rotx90p0_horizontaltovertical_blender_rig/spaceshuttle_report.json,/home/29d_kon@lab.graphicon.ru/ssd1_link/projects/REPROJECTING/outputs/SAL3D_reference_batch_20260601/_logs/cone/spaceshuttle.log,spaceshuttle.txt,subset,48015,20000,41.65,True,36,36,35886,720,horizontal_to_vertical,60.0,35.98339356333545,0.4644533427639609,0.7021932712011316,0.2958826460792257,0.0876544331197238,0.20400894386045024,0.6189402408286531,0.7669240318988093,0.7431453611111112,0.742104947368421,0.6888386363636363,0.734598798076522,0.7742088362962147,0.5974525342694101,6888799.162783811,59122.72582884774,47731,,0.9476397480911776,34007,35886
starfish,ok,,,/home/29d_kon@lab.graphicon.ru/ssd1_link/projects/REPROJECTING/outputs/SAL3D_reference_batch_20260601/baseline_screen_space/starfish/sigmapx26p3_recenter_rotx90p0_horizontaltovertical_blender_rig/starfish_report.json,/home/29d_kon@lab.graphicon.ru/ssd1_link/projects/REPROJECTING/outputs/SAL3D_reference_batch_20260601/_logs/screen_space/starfish.log,starfish.txt,subset,60471,19999,33.07,True,36,36,33144,720,horizontal_to_vertical,60.0,35.98339356333545,0.6638144112223106,0.7101401539478133,0.4210662407193973,0.028492470382144676,0.13032073702989444,0.4534679818106324,0.8303451699638806,0.9185787960442247,0.9636006895099741,0.9926428102429417,1.7126162515922188,2.3230796540694674,3.6053617827039774,0.05487705977651387,38970.71554427197,59484,22147227,,,,ok,,,/home/29d_kon@lab.graphicon.ru/ssd1_link/projects/REPROJECTING/outputs/SAL3D_reference_batch_20260601/baseline_cone/starfish/recenter_rotx90p0_horizontaltovertical_blender_rig/starfish_report.json,/home/29d_kon@lab.graphicon.ru/ssd1_link/projects/REPROJECTING/outputs/SAL3D_reference_batch_20260601/_logs/cone/starfish.log,starfish.txt,subset,60471,19999,33.07,True,36,36,33144,720,horizontal_to_vertical,60.0,35.98339356333545,0.7043918502548862,0.7161296248469236,0.25303818021854685,0.018419538170740463,0.10033284585065422,0.4483395517392444,0.8489781068378308,0.920463067392633,0.973436812463814,0.9976849840901055,1.8014756639013154,2.5256652204767134,4.077776549080823,5057153.361958951,38970.71554427197,60471,,0.9263215061549602,30702,33144
teapot,ok,,,/home/29d_kon@lab.graphicon.ru/ssd1_link/projects/REPROJECTING/outputs/SAL3D_reference_batch_20260601/baseline_screen_space/teapot/sigmapx26p3_recenter_rotx90p0_horizontaltovertical_blender_rig/teapot_report.json,/home/29d_kon@lab.graphicon.ru/ssd1_link/projects/REPROJECTING/outputs/SAL3D_reference_batch_20260601/_logs/screen_space/teapot.log,teapot.txt,subset,43616,20000,45.85,True,35,35,27431,720,horizontal_to_vertical,60.0,35.98339356333545,0.21700940619616552,0.5993554955311537,1.1529926755197586,0.034937012690561174,0.1305322977159941,0.1465247100492719,0.6487994651023512,0.590143375,0.6253386315789474,0.6241623737373738,0.4977190569073807,0.825264090986185,0.573084328906697,0.040726790972877,57147.99527117233,39418,15192412,,,,ok,,,/home/29d_kon@lab.graphicon.ru/ssd1_link/projects/REPROJECTING/outputs/SAL3D_reference_batch_20260601/baseline_cone/teapot/recenter_rotx90p0_horizontaltovertical_blender_rig/teapot_report.json,/home/29d_kon@lab.graphicon.ru/ssd1_link/projects/REPROJECTING/outputs/SAL3D_reference_batch_20260601/_logs/cone/teapot.log,teapot.txt,subset,43616,20000,45.85,True,35,35,27431,720,horizontal_to_vertical,60.0,35.98339356333545,0.5790719074436983,0.7048164397538674,0.30030251679874365,0.02272678299354,0.08829473818150396,0.6479465329116021,0.7786563543770445,0.8023710000000002,0.8272489736842105,0.8840481060606061,1.3299557891085534,1.9357772779491238,1.812284449989533,2050228.6444920525,57147.99527117233,42427,,0.8461959097371586,23212,27431
torso,ok,,,/home/29d_kon@lab.graphicon.ru/ssd1_link/projects/REPROJECTING/outputs/SAL3D_reference_batch_20260601/baseline_screen_space/torso/sigmapx26p3_recenter_rotx90p0_horizontaltovertical_blender_rig/torso_report.json,/home/29d_kon@lab.graphicon.ru/ssd1_link/projects/REPROJECTING/outputs/SAL3D_reference_batch_20260601/_logs/screen_space/torso.log,torso.txt,direct,20000,20000,100.0,True,35,35,30518,720,horizontal_to_vertical,60.0,35.98339356333545,0.7359564815011352,0.7557803957693925,0.6597647018153409,0.012852656322613273,0.0816227900523821,0.5731553729814098,0.8762828318120572,0.9062199166666666,0.9736967368421053,0.9384621212121212,1.8380715580778182,2.8990038516868726,2.659492141182044,0.052778485076515474,129042.33686740418,17688,8014931,,,,ok,,,/home/29d_kon@lab.graphicon.ru/ssd1_link/projects/REPROJECTING/outputs/SAL3D_reference_batch_20260601/baseline_cone/torso/recenter_rotx90p0_horizontaltovertical_blender_rig/torso_report.json,/home/29d_kon@lab.graphicon.ru/ssd1_link/projects/REPROJECTING/outputs/SAL3D_reference_batch_20260601/_logs/cone/torso.log,torso.txt,direct,20000,20000,100.0,True,35,35,30518,720,horizontal_to_vertical,60.0,35.98339356333545,0.8396123665586185,0.7780140632161895,0.18629562093034066,0.009407910096622236,0.06991349906212738,0.6792178239297749,0.9135994930360903,0.9334831944444445,0.9947030526315789,0.9889513888888888,2.0524991908339243,3.3947580399375727,4.058302295794351,4972845.807069695,129042.33686740418,19821,,0.9291565633396683,28356,30518
triceratop,ok,,,/home/29d_kon@lab.graphicon.ru/ssd1_link/projects/REPROJECTING/outputs/SAL3D_reference_batch_20260601/baseline_screen_space/triceratop/sigmapx26p3_recenter_rotx90p0_horizontaltovertical_blender_rig/triceratop_report.json,/home/29d_kon@lab.graphicon.ru/ssd1_link/projects/REPROJECTING/outputs/SAL3D_reference_batch_20260601/_logs/screen_space/triceratop.log,triceratop.txt,subset,88004,20000,22.73,True,35,35,38382,720,horizontal_to_vertical,60.0,35.98339356333545,0.27368226878087454,0.6432035477538348,0.7313702580108425,0.026407201743132713,0.10779844487779815,0.3576986717530334,0.6497360483979541,0.8022703055555557,0.7850305263157895,0.6725381313131312,0.8655970781315666,0.8177643418217793,0.26273844148440384,0.03678632362598872,33681.695006718306,85860,32043703,,,,ok,,,/home/29d_kon@lab.graphicon.ru/ssd1_link/projects/REPROJECTING/outputs/SAL3D_reference_batch_20260601/baseline_cone/triceratop/recenter_rotx90p0_horizontaltovertical_blender_rig/triceratop_report.json,/home/29d_kon@lab.graphicon.ru/ssd1_link/projects/REPROJECTING/outputs/SAL3D_reference_batch_20260601/_logs/cone/triceratop.log,triceratop.txt,subset,88004,20000,22.73,True,35,35,38382,720,horizontal_to_vertical,60.0,35.98339356333545,0.4391722498883937,0.679661881315244,0.3614266646588594,0.0394462528715655,0.1392616871399968,0.39955664544323977,0.7192761065593632,0.8908037777777779,0.8859033157894737,0.8446265151515152,1.4244664971256453,1.482799991175068,1.1224980599306869,2779536.584225329,33681.695006718306,88004,,0.9415611484550049,36139,38382
turbine,ok,,,/home/29d_kon@lab.graphicon.ru/ssd1_link/projects/REPROJECTING/outputs/SAL3D_reference_batch_20260601/baseline_screen_space/turbine/sigmapx26p3_recenter_rotx90p0_horizontaltovertical_blender_rig/turbine_report.json,/home/29d_kon@lab.graphicon.ru/ssd1_link/projects/REPROJECTING/outputs/SAL3D_reference_batch_20260601/_logs/screen_space/turbine.log,turbine.txt,direct,20000,20000,100.0,True,35,35,34244,720,horizontal_to_vertical,60.0,35.98339356333545,0.2933220494800529,0.6487477991728413,1.9100737802324779,0.04965886235455796,0.17307552959985922,0.29583250703199127,0.7371596260733717,0.6444543055555556,0.658659052631579,0.6290883838383838,0.5278978639596279,0.6044704831713756,0.45101093957989974,0.0409381015680287,144002.83536934457,18130,7494373,,,,ok,,,/home/29d_kon@lab.graphicon.ru/ssd1_link/projects/REPROJECTING/outputs/SAL3D_reference_batch_20260601/baseline_cone/turbine/recenter_rotx90p0_horizontaltovertical_blender_rig/turbine_report.json,/home/29d_kon@lab.graphicon.ru/ssd1_link/projects/REPROJECTING/outputs/SAL3D_reference_batch_20260601/_logs/cone/turbine.log,turbine.txt,direct,20000,20000,100.0,True,35,35,34244,720,horizontal_to_vertical,60.0,35.98339356333545,0.4349757857475745,0.703618621793402,0.30134911747411697,0.042807892160790076,0.15482721076081757,0.557513576498883,0.7942387489836406,0.6839261111111112,0.5976559210526315,0.40498371212121215,0.6878235607511826,0.33789638398502087,-0.38182018188242095,3854366.963533429,144002.83536934457,20000,,0.9239574816026165,31640,34244
vase,ok,,,/home/29d_kon@lab.graphicon.ru/ssd1_link/projects/REPROJECTING/outputs/SAL3D_reference_batch_20260601/baseline_screen_space/vase/sigmapx26p3_recenter_rotx90p0_horizontaltovertical_blender_rig/vase_report.json,/home/29d_kon@lab.graphicon.ru/ssd1_link/projects/REPROJECTING/outputs/SAL3D_reference_batch_20260601/_logs/screen_space/vase.log,vase.txt,direct,20000,20000,100.0,True,35,35,29045,720,horizontal_to_vertical,60.0,35.98339356333545,0.5061149245345686,0.7006729561964193,0.38419839766566666,0.033648921325159745,0.12110154982080878,0.7281334666665651,0.764058840572627,0.78397325,0.7369753157894736,0.7274272727272727,0.9389205089487535,0.705027974121305,0.6531982157985659,0.0466519059428562,144380.8046631406,19269,7502787,,,,ok,,,/home/29d_kon@lab.graphicon.ru/ssd1_link/projects/REPROJECTING/outputs/SAL3D_reference_batch_20260601/baseline_cone/vase/recenter_rotx90p0_horizontaltovertical_blender_rig/vase_report.json,/home/29d_kon@lab.graphicon.ru/ssd1_link/projects/REPROJECTING/outputs/SAL3D_reference_batch_20260601/_logs/cone/vase.log,vase.txt,direct,20000,20000,100.0,True,35,35,29045,720,horizontal_to_vertical,60.0,35.98339356333545,0.7201703884853868,0.7546002913827454,0.19736969700475981,0.021195369364840996,0.10916362197236151,0.7950879621952709,0.8621913658196381,0.9066540694444444,0.8987654999999999,0.8662335858585858,1.6522906634859824,1.7069859454800258,1.6941857564505873,3264423.444562586,144380.8046631406,19987,,0.86162850748838,25026,29045
victoria,ok,,,/home/29d_kon@lab.graphicon.ru/ssd1_link/projects/REPROJECTING/outputs/SAL3D_reference_batch_20260601/baseline_screen_space/victoria/sigmapx26p3_recenter_rotx90p0_horizontaltovertical_blender_rig/victoria_report.json,/home/29d_kon@lab.graphicon.ru/ssd1_link/projects/REPROJECTING/outputs/SAL3D_reference_batch_20260601/_logs/screen_space/victoria.log,victoria.txt,subset,44459,20000,44.99,True,35,35,23599,720,horizontal_to_vertical,60.0,35.98339356333545,0.4971981784601786,0.7226269410575257,0.28215616468737714,0.02071186517270277,0.0965442426614917,0.6490225555102138,0.7857897824319158,0.8619580277777777,0.8337664736842105,0.7986662878787879,1.082340296080471,1.0250372121327271,0.7922992200637141,0.09644347384985825,54598.233687766,44042,16385642,,,,ok,,,/home/29d_kon@lab.graphicon.ru/ssd1_link/projects/REPROJECTING/outputs/SAL3D_reference_batch_20260601/baseline_cone/victoria/recenter_rotx90p0_horizontaltovertical_blender_rig/victoria_report.json,/home/29d_kon@lab.graphicon.ru/ssd1_link/projects/REPROJECTING/outputs/SAL3D_reference_batch_20260601/_logs/cone/victoria.log,victoria.txt,subset,44459,20000,44.99,True,35,35,23599,720,horizontal_to_vertical,60.0,35.98339356333545,0.5567228425020703,0.7448555965268067,0.2190926493424807,0.03397189671414027,0.11952890856067282,0.75152541767895,0.803685014477444,0.9022844722222223,0.877240052631579,0.8314310606060605,1.2678952784005042,1.2152361870317414,0.7914669808491648,8104635.656168019,54598.233687766,44459,,0.8575363362854358,20237,23599
watchtower,ok,,,/home/29d_kon@lab.graphicon.ru/ssd1_link/projects/REPROJECTING/outputs/SAL3D_reference_batch_20260601/baseline_screen_space/watchtower/sigmapx26p3_recenter_rotx90p0_horizontaltovertical_blender_rig/watchtower_report.json,/home/29d_kon@lab.graphicon.ru/ssd1_link/projects/REPROJECTING/outputs/SAL3D_reference_batch_20260601/_logs/screen_space/watchtower.log,watchtower.txt,subset,87740,20000,22.79,True,37,37,38537,720,horizontal_to_vertical,60.0,35.98339356333545,0.3336317378797975,0.6909462309123995,0.4371380244424322,0.037310088816605476,0.13527931919520542,0.40997302050153667,0.7677128257022948,0.7575405416666667,0.7790197894736843,0.8555294191919192,0.6634508377795557,0.7498565389713023,1.0476731660468122,0.03783498717729787,33020.936313766666,85948,30733121,,,,ok,,,/home/29d_kon@lab.graphicon.ru/ssd1_link/projects/REPROJECTING/outputs/SAL3D_reference_batch_20260601/baseline_cone/watchtower/recenter_rotx90p0_horizontaltovertical_blender_rig/watchtower_report.json,/home/29d_kon@lab.graphicon.ru/ssd1_link/projects/REPROJECTING/outputs/SAL3D_reference_batch_20260601/_logs/cone/watchtower.log,watchtower.txt,subset,87740,20000,22.79,True,37,37,38537,720,horizontal_to_vertical,60.0,35.98339356333545,0.5721428085207558,0.7449004957675373,0.19472826105267146,0.031168988687676813,0.13764824202919876,0.6006968218482215,0.8481656062608923,0.847486111111111,0.863949,0.9465881313131312,1.1253678879051807,1.2782821981590244,1.9466950313562028,3995283.3058443647,33020.936313766666,87712,,0.9237356306925811,35598,38537
wolf,ok,,,/home/29d_kon@lab.graphicon.ru/ssd1_link/projects/REPROJECTING/outputs/SAL3D_reference_batch_20260601/baseline_screen_space/wolf/sigmapx26p3_recenter_rotx90p0_horizontaltovertical_blender_rig/wolf_report.json,/home/29d_kon@lab.graphicon.ru/ssd1_link/projects/REPROJECTING/outputs/SAL3D_reference_batch_20260601/_logs/screen_space/wolf.log,wolf.txt,subset,45001,20000,44.44,True,35,35,39487,720,horizontal_to_vertical,60.0,35.98339356333545,0.40531561223636364,0.6160133971063506,0.8984637442795183,0.015075127306875338,0.06760813174831444,0.5556879192879617,0.6334550441890491,0.8019645277777778,0.8686752631578946,0.8699193181818182,1.1609303809495586,1.5679432520130143,1.0276390104447848,0.04177780536589823,52557.377356278026,42850,17273638,,,,ok,,,/home/29d_kon@lab.graphicon.ru/ssd1_link/projects/REPROJECTING/outputs/SAL3D_reference_batch_20260601/baseline_cone/wolf/recenter_rotx90p0_horizontaltovertical_blender_rig/wolf_report.json,/home/29d_kon@lab.graphicon.ru/ssd1_link/projects/REPROJECTING/outputs/SAL3D_reference_batch_20260601/_logs/cone/wolf.log,wolf.txt,subset,45001,20000,44.44,True,35,35,39487,720,horizontal_to_vertical,60.0,35.98339356333545,0.4663231572783434,0.6183022656942552,0.461608215343202,0.016852092628337256,0.07135454001068182,0.562234320288024,0.6564563340740229,0.8206851666666667,0.9088212368421053,0.9286214646464647,1.4037931354008863,1.8918736720423237,1.2308420833268274,4331956.070950128,52557.377356278026,45001,,0.8914579481854787,35201,39487
