relative_path,sha256,bytes,frames
3DVA_A380/fixations.json,085e795513f17e24dec302463db37caf9aa46340166daf15be55831a267677fa,732885,510
3DVA_Harley/fixations.json,b3c43d3e702a7cdcfa053d82e91338cd01521915601500df6de142787084e234,753257,510
3DVA_Max-Planck/fixations.json,ecc9cdd7fb5cac2ae201b1b168f18fc155f6d9262208dbeec34482444340db1c,727045,510
3DVA_bimba/fixations.json,c4b7cbcc1c881e6a73f0698b3818914682ec8fa3aa8c57c344ffc585d7f75cd6,734276,510
3DVA_blade-200K/fixations.json,8ac18935b63ee7ff307232a0fb77c63290e52f90b950c5c06bcd9773e1759e33,722218,510
3DVA_bunny/fixations.json,eb68493a2fc7f0c6a908afc83207aeb40ead2c5a67cb3a4d2145046663b0b49d,752054,510
3DVA_camel/fixations.json,9ba7421a89f9d5442575c7b8b5008ecde87991879d091570ee632bbc0836e67f,735630,510
3DVA_car-vasa/fixations.json,4564ee47636feff42ea207ddb8e807b246750acdc197cec97309e7dae5d30b8d,734337,510
3DVA_carter/fixations.json,ed7d7ebf06615a0305549069772d2ad3169dde4842dd06d19f78ea342cb98192,749011,510
3DVA_casting/fixations.json,0c0e8019d5b08c5b27e58afc9bbfa2989c4dc849e877cb9d23415773ef49b237,729328,510
3DVA_chair107/fixations.json,74927265d9a94f08516e85e27d114d8fa758ad772ba80810e876ae5a138126d5,732019,510
3DVA_cow/fixations.json,64279d82c29f619134f3222e2384b26f589c3b8a49ffcbe68cef6868fea9b73e,735038,510
3DVA_dinosaur-40K/fixations.json,b49a07bd441a85dbf2421a88e3a1f9ae47fe57659c77fedf0b25fe0bd0844b14,756433,510
3DVA_dragon/fixations.json,ead9dac6ec4ddb97e5ccabc4ea34f2bb512c560cb4cfc3601996763bfc6d48ef,758154,510
3DVA_fandisk/fixations.json,4f85c3c7c07fc46f47cb10b43c55dcfc13d12090445d1f387bf96b186349d3a5,749878,510
3DVA_flowerpot/fixations.json,6e5fe36ae5a98a772de7cf5713bb69aa189925f93805af9660353bf0c7f8e735,745487,510
3DVA_gorgoile/fixations.json,adc82df8a7a3257770b79b07616a47375ebd291025df77da3969e8356b8e4000,753586,510
3DVA_hand-35K/fixations.json,002e7cdd8615275f2c203cb868d398e0150b85e4db8d45de5888e0872ffd4c56,725972,510
3DVA_horse-110k/fixations.json,393bc4511f5e0d14d063d225a121a65567455306ede13697b674d0779c2e4b7d,732663,510
3DVA_house/fixations.json,c3fa06d945b17c237ac6bf6f90bdb1f111e5fbd2ef2dd127629101a6cd587863,750882,510
3DVA_igea-100K/fixations.json,32665366da43d2b9f649a0fa63c7cb25370abff578986427739fbfaa7009746d,753450,510
3DVA_james/fixations.json,d819bd7952dfa895c2012a44d9cc26c651ab9ed4d20a3c5996653945d685782d,719438,510
3DVA_jessi/fixations.json,bf55083ba105bdfe1ed0f02a3e3424c59eea3caa6045b4a942b3208e33e1e5e1,60194,41
3DVA_meca-15k/fixations.json,08f8b0698e6206b696c788ab297e0e48fc00b845a52594af294375b88b5efaf4,726444,510
3DVA_michael3/fixations.json,60cf092477579c607bc5ffa1e3b9904314c12415fd66d55c1c1a272295184773,727086,510
3DVA_michael8/fixations.json,c315d4c4be624faed82f9423efc8e3a5abf5559b887f765544c7096942cb271b,732767,510
3DVA_octopus/fixations.json,69ccc485c4a15e91033620fc8917595bc95f9b41ab7542ba044ffdd437828a00,749382,510
3DVA_prot/fixations.json,1fe829deaa63d1f4b74d5d03ced90964de1efdcceb7c314529e817ab03dcad16,747873,510
3DVA_rockerarm/fixations.json,ed8ca6ed9d7ed5bfcb0ec9755dcf5f4184098dcb1255659a21a7141482b6282b,743281,510
3DVA_torso/fixations.json,0ad7611bd059672c26679b00c1b662b7c49e0a63d7229e9585e788755b69f586,770386,510
3DVA_turbine/fixations.json,6859f26d5a062d034a688595d2c5ec1f5cb831b60dfd3846b2be090b26cfb1be,748853,510
3DVA_vase-15k/fixations.json,ec868e251b60a6f9e37df966d8f5e111280314e9dd02c9f8156093ea68b705e2,722998,510
MeshMamba_non_texture_Apple_Red_v1_L3/fixations.json,aa1dfd5129ca61e5a54ea2a235ee609f2ce0d1e3b59f2519f3c059dd88677282,728834,510
MeshMamba_non_texture_Aquarium_Deep_Sea_Diver_v1_L1/fixations.json,9f16c974d18bfb9ef677d3f6a49e1967830fb6455ce03b7e6e9971700f8bcd0f,727629,510
MeshMamba_non_texture_Aquarium_Skull_v1_L1/fixations.json,941663540331a68e0f59afca30cf041561ddb18a8bd00b76ebcde16880dd3894,771489,510
MeshMamba_non_texture_BastetCat_v2_L2/fixations.json,78d42dc06efb02fc92bb7a95b44041673df47e40d7538299bcaccbdc503eed55,737137,510
MeshMamba_non_texture_Beauceron_v1_L3/fixations.json,763e8ddbf36edd30131d88d0a88d9566301a03069d79d86c7ff1428d87753975,780630,510
MeshMamba_non_texture_BellPepper_v1_L3/fixations.json,2d041182a258d315bbdc17f44200863b806fa93762553fb8f040c434744fae58,726912,510
MeshMamba_non_texture_Bird_Toucan_V3_L2/fixations.json,0d9ef3ced31af27781b76379e13495f8b18c1b464ac6a106a0410e08790b8b2e,728646,510
MeshMamba_non_texture_Bird_v1_L3/fixations.json,ae387e52ac42cace521cdf7cab428f766057f0af5d4955d93c14f6aaa3e21089,735339,510
MeshMamba_non_texture_Blackberry_v02_L3/fixations.json,7ba9cfbc5d70399eedaff59a92823fb44f1a1d50824269afab37ade451896443,725899,510
MeshMamba_non_texture_Boombox_v2_L3/fixations.json,179a91364bf3e8a4ad61de1d9f2da6a3c2ef2fb8f111c5e9dbaa1d9824d98675,730217,510
MeshMamba_non_texture_Camel_toy_v03_L3/fixations.json,eaf4bb84f8c12d5f6bf0fad854cf705e2243c39b0841c7be3f6502b40e6f04bd,756285,510
MeshMamba_non_texture_Cardigan_Welsh_Corgi_v1_L3/fixations.json,d3b6a54f633bd50826b443cbb7ab2393df7f66cc4a964a0cc6d28f6bd46fa80c,734542,510
MeshMamba_non_texture_Cat_v1_L3/fixations.json,632d44481f14f7b672b9fc79c6d51b1845ff7e47fc99c9da122424916a10a69e,739518,510
MeshMamba_non_texture_Charging_Bull_Statue_of_Wall_Street_v1/fixations.json,87b5baded4c36afb2d95b1078f47cfc04a58d3138449fbb5b4f09021842d5343,735924,510
MeshMamba_non_texture_Chinese_coin/fixations.json,937a17c6977995e96a1b9fc32380eb1167ee4a77e81bddb0a9a04d348cde0186,727451,510
MeshMamba_non_texture_Chips_v1_L3/fixations.json,367c32a56946c9f6e00ceeb0afe18b5d26d04fd6abc3dc8b99f4e4eb8ac1569e,726523,510
MeshMamba_non_texture_Christmas_Bear/fixations.json,6db20b08093014db02b4991cf646627e64a0959c0b70613615e751554f2fc710,727055,510
MeshMamba_non_texture_CrawlingBaby_v1_L1/fixations.json,0f34d4a4c75c9cb3dfb79bee55167208b1162ff7a8457ab4619893f9e54bef02,735197,510
MeshMamba_non_texture_Deathstroke-obj/fixations.json,64a0c697897536a7bfb5bc7f9aa48ff71b562bc3ead08243e6060b49517d0822,745792,510
MeshMamba_non_texture_Diavolo_Mask_v1_L3/fixations.json,758c20b8f4abce08ec0e17e9c7d128a025c600c0fcc0be6c19bfd3ebb954ca33,733206,510
MeshMamba_non_texture_Domestic_cat_V2_L3/fixations.json,6f85abd5e31039c46fe8ff7d0fca2b03b87bbe4e3363970872440eb613eadd24,757094,510
MeshMamba_non_texture_Eagle_wood_v1_L3/fixations.json,19ce3cceb7f7fd178665626828afbbc813da4728fd3a2f8862f4264be40716d4,731792,510
MeshMamba_non_texture_Elephant_v01_l3/fixations.json,82b53a886bb75b2b3dd6f8763f4267e8a2c423def1c64886d42dc213375c7d09,727660,510
MeshMamba_non_texture_Fighter_Jet_SG_v1_L3/fixations.json,81d27596444567e920445bbefeae285ca93b93bf61e41f52546c9f30ee4ab9dd,737798,510
MeshMamba_non_texture_Flying_saucer_v1_L3/fixations.json,bc4eda4685d15c8519c33ff6d5e6b047453a16bb121a3c0010079d4cfb53dada,751031,510
MeshMamba_non_texture_Frog_v1_L3/fixations.json,06a4b3ebaf26e1ef1fd1309772cd3b5031568eac23d12ee099736d1c8ada926a,775980,510
MeshMamba_non_texture_Gold_Doubloon_v1_L1/fixations.json,702a9f4181dfc1c3e96309810b59b39d6a781d63d2c561ba47eec0a9bc1a7577,728586,510
MeshMamba_non_texture_GrayAlien_v01_L3/fixations.json,0aa33c97119aec789dc2309312b5bf03ed9a3f53b82046b799b4f33372ca0e2c,720235,510
MeshMamba_non_texture_Great_Dane_v1_L3/fixations.json,ec1268f789f4ab6cbfb121822249df543cdc34e61b252de4360561ad503708f7,737209,510
MeshMamba_non_texture_Gun_Powder_Keg_v1_L3/fixations.json,d5049f4d50ff9a0e92b5c0c2560541a21d2ec90ccf34374d7497b0d002d06b9e,733220,510
MeshMamba_non_texture_Handheld_Game_unit_v1_L3/fixations.json,fe90d463f3a1c3af265c25245d479ffe9bcda609726137e347952cc4212eace8,748734,510
MeshMamba_non_texture_Holsteind_v2_L3/fixations.json,52c68bc305b0a13de52124c39d628c5378089643be70e23af9ff13b7ee52b271,753662,510
MeshMamba_non_texture_Horse_v01_L3/fixations.json,57f8078ace143596ce708255f78a1ef1b043d604c099b727a303662a7e1c41c3,753714,510
MeshMamba_non_texture_Hover_Truck_v1_L2/fixations.json,ccf14c4bff562c99e99565b012011da08e2164c7c51bb63abbf0bce63d48ff0b,727705,510
MeshMamba_non_texture_Ice_Cream_V1_L3/fixations.json,c83bf9dd704f194058647e236ca7bb1d25417d39fab47505a75c2a05390fc280,726130,510
MeshMamba_non_texture_Ichthyosaurus_V1_L2/fixations.json,55c1811146590d4f65934a946f92bec8c69462ab2f5c4325ef59b2b18a57fcd8,732510,510
MeshMamba_non_texture_Impact_Driver_v2_L3/fixations.json,7e7b90a68c11465ea03e28838622186e710d3ed7979c2e34691b0b6a5f3809ed,748586,510
MeshMamba_non_texture_Jambu_Fruit_Dove_v1_L3/fixations.json,b41e8a057a1bfbfa5de79e6b1957bda54423b9de8530835ad6220191c5029539,738201,510
MeshMamba_non_texture_Jukebox_bubbler_style_V2_L1/fixations.json,133f9c8d781b84fdfcdab4b08f1cf067632b117a51264fcfe3d91e5482ce091a,749784,510
MeshMamba_non_texture_Kangaroo_v1_L3/fixations.json,5a9c06ae142cc23c176115a7c29bf94e3112bf505ab47af6da500463af9a4c67,739483,510
MeshMamba_non_texture_King_Cake_v2_L2/fixations.json,80582c6a42c98d5b0a39aaf235d26aff5adb9c09b834b8cc0257fb6cf1b8f8dc,731748,510
MeshMamba_non_texture_Lamb_v1_L2/fixations.json,1ef702ec029f70c9f0aee403e9742ee4e4239f80bfa630c6e13ca72ce4c409c6,733036,510
MeshMamba_non_texture_Laser_Pistol_v2_L3/fixations.json,e699cafb10dd4202fd6afef4f649068e4fe56277015e3e4469f6e7a9b3ede756,730567,510
MeshMamba_non_texture_Mango_L3/fixations.json,cbd19db0df7e925f4a642fc22ae7a7b1889f79dacc1cdd0b1cc2012434d58859,731143,510
MeshMamba_non_texture_MansWorkCasual_v02_L3/fixations.json,c98dd9c832765fcf9f8f2af5e638c0e3f1e302ac75ed0861be8aa281003ce4b1,722756,510
MeshMamba_non_texture_Marco_Polo_Sheep_v1_L3/fixations.json,b6c2356457d66fc5e4771ca829d68844c7fbf9a2341cfee41820c2a891cc1d1e,756392,510
MeshMamba_non_texture_Military_Action_Figure_SG_v2_L3/fixations.json,25f8081e99cd0ef08eb4d1b22b74bf2d24c1fca31b44e1063d548c2c91da493c,720207,510
MeshMamba_non_texture_Moai_v3_L3/fixations.json,428cb9a997be046fcdd072734101c8e83e0b1ede8cc6dc0388bf357800123b48,727092,510
MeshMamba_non_texture_MushroomShitake_L3/fixations.json,8735c25b67877dff1e4b7e9b2a78d4d393b15891b201917e97b40a82e9f02a8d,728023,510
MeshMamba_non_texture_Mushroom_v2_L1/fixations.json,b8a29b846b88663c3b8997f95e59fffadef6ab3ccff77b114ad62598231156c2,730132,510
MeshMamba_non_texture_NYC_Fire_Hydrant_v2_L3/fixations.json,90e1b1de33379de26ddb5a4aebafdd7a17486996c40dc233053cdcdc811602ac,721956,510
MeshMamba_non_texture_Peach_L3/fixations.json,d2541ecfd85dece0ee6db8c09abb073197bdc21b49c0eb5f44a0ab24029561cf,733874,510
MeshMamba_non_texture_Peanut_L3/fixations.json,67ca38b1f93ff51d90f1bee7140af51dfbdbf84c560a11a3fd677589e0eb726e,750389,510
MeshMamba_non_texture_Pear_L3/fixations.json,e031cf05a147998e202d532e7b14a0ed9c592dcd4272cc7f99bef89105a993c5,714561,510
MeshMamba_non_texture_Penguin_V2_L3/fixations.json,3b87e6486e0d291f1c100785c4f0d905e23dfdbe31293244936b54db468c4153,725920,510
MeshMamba_non_texture_Pierrot_Mask_v1_L3/fixations.json,d4f6d2051d80fbe357e11ea08b729c9390c0779c36a2756716397ee3e2008915,749312,510
MeshMamba_non_texture_Pirate_Shipmate_Old_v1_L1/fixations.json,e2cbd538b17e3612b717c48e42ed8a1c3621b34afc05c2db233cbcc5462b3015,748582,510
MeshMamba_non_texture_Plate/fixations.json,bc6bcd4bf096a53972110277300d0637a6e6d6945adf322b330e9b73245ae884,749913,510
MeshMamba_non_texture_PoloTeamShirt_v2_L3/fixations.json,6ed26fa4c8d68acfd66d03d3dbec4a30aa31fe9513f2c6ba3f6551216d07781e,767150,510
MeshMamba_non_texture_Possum_wooden_v1_L3/fixations.json,0c74c8401e2d8390e3ec62c4d2492edc83e970f8867bde1996b02c0d98f06e2f,732816,510
MeshMamba_non_texture_Raptor_Claw_Fossil_v2_L3/fixations.json,26d7a3546a884c833b20da32030e5e0a861809c772c3e0ac53b9153a18ab7aa6,769982,510
MeshMamba_non_texture_Rhinoceros_v1_L3/fixations.json,4960b178c7039c2ce8ef6e1987e66801616b0ce6382ee5bfadf625fd88650f91,778447,510
MeshMamba_non_texture_Rocket_Ship_v1_L3/fixations.json,e26d590648b844a7d4619eebd836bd4d43546d85bd393ee87efa70a356020b7c,764495,510
MeshMamba_non_texture_Rubber_Duck_v1_L3/fixations.json,146df14d39ac7e1e7073e4cef5c6ce57bb687c46626b72a2ae63f02f8f13fc71,734893,510
MeshMamba_non_texture_SLR_Camera_V1_L3/fixations.json,f6892e5802adf6e264a3f2eec7f13f8b07bfa5bafb3d17d587a0e4ab0b8fe4af,729066,510
MeshMamba_non_texture_SeaHorse_v2_L3/fixations.json,e9f3d0c4ee9840a775811b4c38839ca80062cfcdb87f8e0dd2dee7e295d80260,721855,510
MeshMamba_non_texture_Seagull_v1_L3/fixations.json,77af9b3fa48670a45aabc33f528ff91153c4b60a7662ac7918edb5b814ba7be9,741581,510
MeshMamba_non_texture_Seal_wooden_v1_L3/fixations.json,fdeb5e8ef533e6f2bd26062e4f087ce6369e56118152f3e8cdb047b6c89e559d,749933,510
MeshMamba_non_texture_Sheep_doll_v1_L3/fixations.json,9e49e57cd6d7cfeb9bfeeb7a16fc1689714b9bc7c7cad94a59eb84947892c3f8,736326,510
MeshMamba_non_texture_SittingBaby_v1_L1/fixations.json,54077cb9902b8194d63607bb87b647f35b6f6dc978aad540d57c252b699c973c,724700,510
MeshMamba_non_texture_Sitting_inside_an_egg_v1_L1/fixations.json,8a96d147c37b399882cbd6f3164f20822a3008bef16f1e96afdf462d28972e3f,745808,510
MeshMamba_non_texture_Soda_Can_v3_L3/fixations.json,1fdc23ccee50d9cf51ce6c8a3474f7f910cc3d83eb70ceac047cae6ea6a3706b,747581,510
MeshMamba_non_texture_Spark_Plug_v1_L3/fixations.json,5e2bc71ba5604891dec24138cffcbb8f4a37fb66fa885867d10b3156a94c2dc4,732352,510
MeshMamba_non_texture_Spinning_Top_v1_L3/fixations.json,025d49cedc4c302602a3190197aaef9866a6487a37873cac70b0bdb2f042dd41,730229,510
MeshMamba_non_texture_Squirrel_wooden_v2_L3/fixations.json,54850c29b4b3ed6a04006c741573fefc1d9f2f56eab5ecddde994244fbb6590a,759581,510
MeshMamba_non_texture_StandingBaby_v2_L1/fixations.json,51ea323ba7ca93164a169e4121da3d6bf3d90248e7474b6074e83a2dc4a2887e,723722,510
MeshMamba_non_texture_Starfruit_L3/fixations.json,c834f2f7c40e907ecdbf8b07cccb3d0dea35e2f5d1a70bebf8af723c92d81bc0,744665,510
MeshMamba_non_texture_Statue_v1_L2_David/fixations.json,6f0edbea474aba06f6edbc062c8b8a6d2abd8202e77b89ff692eb9d374cc7edf,742446,510
MeshMamba_non_texture_Statue_v1_L2_Venus/fixations.json,f4c846906ffd063352771f2d43919b2d3cdc533b19998cd6007c715bfd234244,720706,510
MeshMamba_non_texture_Statue_v1_L3_eagle/fixations.json,46a5a9bee8137878bf6f0ef8fa7c73e7f69c39d7d4c511f02e928ead42655fd1,733842,510
MeshMamba_non_texture_Statue_willendorf_V1_L3/fixations.json,23c47451ec2e90864955241b5a18ca91c0771c7baea76e933f3e527e4f5f03fc,764396,510
MeshMamba_non_texture_Stone_Chess_Bishop_Side_A_v2_L1/fixations.json,6922963e939f614d3626e6ad83039658621d2dce44e475ef032103cdcb134ef3,724476,510
MeshMamba_non_texture_Stone_Chess_Knight_Side_A_v2_L1/fixations.json,8eb5a91cabde02e3323a927791a1830b4682503654a3ed6c9e9584ea505ebe71,750916,510
MeshMamba_non_texture_TomatoBeefSteak_V1_L3/fixations.json,a5aae4cf2c6b94faf8f8cc5650bd13fca7efe8d902d77b6423d07e4c7e445517,731009,510
MeshMamba_non_texture_Tricorn_Hat_v1_L2/fixations.json,c0c3e8303bd035d2cc852c15a615ad1f26f5340f09218d93ab222b48342a4489,732580,510
MeshMamba_non_texture_UFO_v1_L2/fixations.json,e11a21034d9f9fb23201b2157cb61398596755cc58042d16652d434300ddde89,731902,510
MeshMamba_non_texture_Volto_Mask_v1_L2/fixations.json,21d3e62a213afaecccae315398876f8b55491bb2313064c576834b64917f3b62,747687,510
MeshMamba_non_texture_WWII_Plane-Germany_Focke-Wulf_Fw_190_v1/fixations.json,17d821b87023eb2a54b38804b42ba84ed5e47b16107c1198719a8635c6f8059a,734010,510
MeshMamba_non_texture_Watermelon_V1_L3/fixations.json,e684cf8f7f25b8c883c64c5a966915268540b877dcd1a39665a5de63a4f24724,738329,510
MeshMamba_non_texture_Whale_v4_L3/fixations.json,515fb83c7274aed1765f7736c469bf9fc9c3ffe5432ae2daf4ca3813f3eac9dc,750568,510
MeshMamba_non_texture_White-TailedDeer_V1_L2/fixations.json,32a7e33bb139c96f32c1ef64a4a9a1237c758f3467f8797fb9800dd77fd13c68,735783,510
MeshMamba_non_texture_Wicker_Basket_v1_L3/fixations.json,d0951a37db7dc1ac2a92f3daefd2587c766b8c898e4b41db8230122fac58bd76,729890,510
MeshMamba_non_texture_ball_car_v1_L3/fixations.json,1abc57d9ffbbfcc1dcae1720c4084efcbee7f45ec6409949a3d1539078c644c1,756590,510
MeshMamba_non_texture_barbiegirl_V1_L3/fixations.json,88cf349571e71e21ab3fdd282e091a8b393175f7687f20842e1b5640d9278c30,740254,510
MeshMamba_non_texture_cathedral_wood_radio_v2_L1/fixations.json,435a24d5890f44710c84ce70a51085ce657553bbf790a9eb7a5ed894ec4dd6d8,730579,510
MeshMamba_non_texture_doll_v3_L3/fixations.json,fa4606ec027dfd2572409e44d3bc0d961e68b2a86e3cd5cb2a6b9bba13ff08fa,725696,510
MeshMamba_non_texture_dolphin_v1_L3/fixations.json,d1504a9f2af62263786ac9dfa5f8d58532621c30a09eed6bca257203a38aaa82,737562,510
MeshMamba_non_texture_egypt_sphinx_V2_L3/fixations.json,59f41cdc81ed02230a735b237fd93761ec7ed0b30f631086a14c0fc3a9e1a8b3,736979,510
MeshMamba_non_texture_football_v2_L3/fixations.json,062fe4f6eb0c66a7981fc3a3fbb83268d60736ca2325cfa20b2a75684abd20ea,731942,510
MeshMamba_non_texture_modern_tabletop_radio_v1_L1/fixations.json,38c6c772f552dd5318eba3887b65df8f0620bc619a22875a9a652c31b67a5c2a,733038,510
MeshMamba_non_texture_robot_v1_L3/fixations.json,f0c643db58c3544b48d99b91a4c63e54531ea9ebb281d5e53081d990fdaabb7c,762997,510
MeshMamba_non_texture_statue_Terracotta_squat_v2_L1/fixations.json,00bbe02fc1fb0a6ae4be0e6f82fe20efd4a81a070fcb2286950ed886f5000f94,722791,510
MeshMamba_non_texture_statue_Terracotta_v2_l1/fixations.json,1161dc940dc9d59c307cf8c2fe8381af1a07c16de124054e21fa18a75a56b159,719488,510
MeshMamba_non_texture_stuffed_animal_v1_L2/fixations.json,f500595636d8cb143dc19e30caa6430394f9b0e69b5aba26e00e755e6f3f64a7,733793,510
MeshMamba_non_texture_watch_digital_v1_L3/fixations.json,ead3410e99ae554b66e188060d9c9cb65fa30dd1ba5aea4415fab892a1542e7d,736464,510
MeshMamba_rgb_texture_Apple_Red_v1_L3/fixations.json,2623ba8710e2b4e4f87d4bfcdc5ba860f6b277ba718a182430138f3b0af11bd1,745643,510
MeshMamba_rgb_texture_Aquarium_Deep_Sea_Diver_v1_L1/fixations.json,a3ac2d0072f406503b20d762f77e6ece530cd9cfdfb1bf2321e37fb844504bca,726001,510
MeshMamba_rgb_texture_Aquarium_Skull_v1_L1/fixations.json,5b065ddd0a08ef7a0c14b03f08f8860cde162f4c44a4274d0feb94e604aa23b1,727675,510
MeshMamba_rgb_texture_BastetCat_v2_L2/fixations.json,ee85dd3e882cf52ea6e3e659f5f252638fc41484b02b9869ba509852d41e84a0,733439,510
MeshMamba_rgb_texture_Beauceron_v1_L3/fixations.json,68aad01d5a1064b7a369686553c336ea000d15ba3870714254349ee3699c8fe4,774794,510
MeshMamba_rgb_texture_BellPepper_v1_L3/fixations.json,2dadf0977e49400e76f325a8f40560c9defe425ac541a5f39c04c3fc437815df,727368,510
MeshMamba_rgb_texture_Bird_Toucan_V3_L2/fixations.json,6d54e1f563ae73ef72521af74fe9a590fced9e1b10619160d5443c6c216c85a7,730636,510
MeshMamba_rgb_texture_Bird_v1_L3/fixations.json,5f531d214bde29ff2541805c1b7c6525252ff8b1d622da9dc16bd54e496eb7dc,731700,510
MeshMamba_rgb_texture_Blackberry_v02_L3/fixations.json,a73872f3f630d79c07889a64c41bf10a48f7a6bfa556c60e6f25cf50f54ab437,727184,510
MeshMamba_rgb_texture_Boombox_v2_L3/fixations.json,8a0decac34eb7e59ab64a0de1508d01d8141b008f309179653470846c7d0fb8d,752345,510
MeshMamba_rgb_texture_Camel_toy_v03_L3/fixations.json,504661ee7737e3e24974c92c6975ac1eaf0df321ea4b2cf0d5086f8a5e7df90a,759242,510
MeshMamba_rgb_texture_Cardigan_Welsh_Corgi_v1_L3/fixations.json,eb31121ad6f5bbd5591363dea02b2dbc0e36051aee602e7a5947b28068222dd7,737625,510
MeshMamba_rgb_texture_Cat_v1_L3/fixations.json,15849c45fd10f6c10343d962d64ed6ce1e1c0cb3baf9c72f4b7abada7e46989e,739430,510
MeshMamba_rgb_texture_Charging_Bull_Statue_of_Wall_Street_v1/fixations.json,d72e28c7c7ce221578baeeb40d4893d1c38857c52af9f4f468c076d69eb392b7,739679,510
MeshMamba_rgb_texture_Chinese_coin/fixations.json,b1c64df18180f7fb223654d484bda9541ae1a6d6cc0a932591c94b58c21376e8,748068,510
MeshMamba_rgb_texture_Chips_v1_L3/fixations.json,7a452d90f0c4d6cf544aae86797ec07ac5956ed74140bbf67e47692402a8f716,727019,510
MeshMamba_rgb_texture_Christmas_Bear/fixations.json,0164c9a1e4227539ad6110a435a93b365f8d7827c84a3be318142fd46d9eba74,747132,510
MeshMamba_rgb_texture_CrawlingBaby_v1_L1/fixations.json,aee3042e9059e9844e42955a0901d79348f56dc5f3f82bf54f21fa59636098af,733778,510
MeshMamba_rgb_texture_Deathstroke-obj/fixations.json,8247e116b11ac605f8de8f11a883a1a7489437a32af249332555b1de945351b8,728001,510
MeshMamba_rgb_texture_Diavolo_Mask_v1_L3/fixations.json,ce8653eca5cce70a845fe8ad1ae34ac44530a1a5a3898f5a650b80cf4fb71800,734304,510
MeshMamba_rgb_texture_Domestic_cat_V2_L3/fixations.json,efea7e9b9d113a8b070fad121f38fa72ad08ae067d77b6cf96ef42f263afb5bc,731657,510
MeshMamba_rgb_texture_Eagle_wood_v1_L3/fixations.json,c9b36bb96d624c5f3daee22de7b48e2b913fd7e5c1f91ee25f90cee51d008ee0,732293,510
MeshMamba_rgb_texture_Elephant_v01_l3/fixations.json,83e166dbe24c4bee4ba4d064b8882479670601c5ea4a1ab59279550708ea6272,726946,510
MeshMamba_rgb_texture_Fighter_Jet_SG_v1_L3/fixations.json,75433b75b0deb44be37a2d1c4865994ce6b029888d3e322b3b24ed5a07cb872f,693656,510
MeshMamba_rgb_texture_Flying_saucer_v1_L3/fixations.json,d1f0e7e942e4729d4ba92f6cb14b78e315b91d6b66f360f7b8037cc56a93d3ce,726857,510
MeshMamba_rgb_texture_Frog_v1_L3/fixations.json,7a7a304c45c9c82f96cb4aeb276dc690a4482c83d73952b263ed2b8a21945302,730043,510
MeshMamba_rgb_texture_Gold_Doubloon_v1_L1/fixations.json,b5d44f669112d9ed8054409de42a1660d71ade46a5a4cfe3c92c075d7a6a7308,734327,510
MeshMamba_rgb_texture_GrayAlien_v01_L3/fixations.json,bf3138459960c96f3d94c442f93907500099ae950a848b83cd811f1429faf3df,721046,510
MeshMamba_rgb_texture_Great_Dane_v1_L3/fixations.json,1a04a82ffbfcb068edbc09362a16869bd0bcd322c25d6b661617b2dbbaa460f5,736520,510
MeshMamba_rgb_texture_Gun_Powder_Keg_v1_L3/fixations.json,69a099795bc55e35edfcd2bcd5bbd920a32130d1d30faee288f518b4fc6771c5,750445,510
MeshMamba_rgb_texture_Handheld_Game_unit_v1_L3/fixations.json,f16a33d12026b8a5bfbc201ea4ef34d4a22745eccf9854f0e5b48f2f02179191,728432,510
MeshMamba_rgb_texture_Holsteind_v2_L3/fixations.json,31042550b0238d5ebe92b211f54aefc9fb635c686e937ea7add6638bb9fa9052,734713,510
MeshMamba_rgb_texture_Horse_v01_L3/fixations.json,56a78f0be04d81fb4723a971e4609f52380db29a4f98263d557c4c047af111ae,737328,510
MeshMamba_rgb_texture_Hover_Truck_v1_L2/fixations.json,8b639a60f7244419e99d3d18a5b6aaa0498cce951041e1d00f24b456a90f1be0,730131,510
MeshMamba_rgb_texture_Ice_Cream_V1_L3/fixations.json,d4bcad07fce2b36a3c4294ad0d64dd92e49a301afe40bf77ff0d9ddee87e06d2,722550,510
MeshMamba_rgb_texture_Ichthyosaurus_V1_L2/fixations.json,fad18b8709c3c4fb658a79e8b8e1da8a1eb4c106fc5a3279c8fd2525494d62a9,729986,510
MeshMamba_rgb_texture_Impact_Driver_v2_L3/fixations.json,2af9c240be6f97039bdd741e67e6bce6300a111337fe2a59498c05f3175ee44e,747636,510
MeshMamba_rgb_texture_Jambu_Fruit_Dove_v1_L3/fixations.json,b96be2c564d689393a92bb0d18a6fe035ac9cd66a18e6ea019eaffe1f526365e,738521,510
MeshMamba_rgb_texture_Jukebox_bubbler_style_V2_L1/fixations.json,e42ba4e3cc6c8abac8d6957001ca236d74a7d91803d20ef9d1df4a8a940122b0,726772,510
MeshMamba_rgb_texture_Kangaroo_v1_L3/fixations.json,b62e33916b34c9a37d1ac40c1eee49f4f15f93a4c733e701c006523c05e416cf,740286,510
MeshMamba_rgb_texture_King_Cake_v2_L2/fixations.json,49a80d584770a0c992a6f304f48f17e83e71122fc66e9dbfcc8e0cde9c19d79a,734914,510
MeshMamba_rgb_texture_Lamb_v1_L2/fixations.json,8b3d5bfbcbfe54476632c317cc3f704053b6d83a9fc396942afb56ccf1af5b7c,756092,510
MeshMamba_rgb_texture_Laser_Pistol_v2_L3/fixations.json,b858798d871f12991df0f47e50ab7fb38a10995167f3af70d052f24d81be5683,749891,510
MeshMamba_rgb_texture_Mango_L3/fixations.json,0f1ec4b010a0a4ef1c37df1c8e1914a3c381e7f30d95e7ac149ab17bb73e436e,725962,510
MeshMamba_rgb_texture_MansWorkCasual_v02_L3/fixations.json,aace582b6fdb0193e7a6f3febceb8754350dbea327c6eab90cd1938d49cd0ccd,745301,510
MeshMamba_rgb_texture_Marco_Polo_Sheep_v1_L3/fixations.json,69f6d5c88874661d32b62ed8c4f0c75f50eb607e564062e94d40e35a1e2ee03c,736490,510
MeshMamba_rgb_texture_Military_Action_Figure_SG_v2_L3/fixations.json,8a188fb585bf7a842ee88162b68e0f8fa1b71f7cc702a2e29a42743ffe5155db,719913,510
MeshMamba_rgb_texture_Moai_v3_L3/fixations.json,fc94749ac24f19abf3205e6a18bc50c7d8e679308b93128ed1fc6e287ee3de09,745286,510
MeshMamba_rgb_texture_MushroomShitake_L3/fixations.json,54ff4b15287ca5bff58a19d84b7ead006e865755db8a78df694f3f6963e7173f,792165,510
MeshMamba_rgb_texture_Mushroom_v2_L1/fixations.json,06a3986bd86164ea25395712e90f7e9135c4f75aa047fdbaae3bf70ebddc632b,769476,510
MeshMamba_rgb_texture_NYC_Fire_Hydrant_v2_L3/fixations.json,e111991bb3642d4b2874b14730f90dc20f67c65eb1a7d2e6ca681d35c6893054,727223,510
MeshMamba_rgb_texture_Peach_L3/fixations.json,adb215fdc781cdd629d8adf6d246a97c7696fbf45f53e638f43888915d56cde6,726446,510
MeshMamba_rgb_texture_Peanut_L3/fixations.json,24a5f9cc1a2bc4fe4b823b623183094371d432b39826a479eb891a7797033bed,724667,510
MeshMamba_rgb_texture_Pear_L3/fixations.json,b157545ed16d9c5e9f0ca59ea330e6a501098c379d243ef542cbe11859575d14,753193,510
MeshMamba_rgb_texture_Penguin_V2_L3/fixations.json,e9875dd0b4c2deda84299c51fd2add3038a6247b0601006736cb323a3bce71ce,743182,510
MeshMamba_rgb_texture_Pierrot_Mask_v1_L3/fixations.json,084df4ef058a2015593a2fab26a09b603f8215c044280f3bf8bace2d11186ab6,749877,510
MeshMamba_rgb_texture_Pirate_Shipmate_Old_v1_L1/fixations.json,9831f12dbedef04912a0a0e681c29de4934d44de9481d6d8ccfca2827afe934b,726997,510
MeshMamba_rgb_texture_Plate/fixations.json,ebb8f8dfc0973f371b5e71f9502dd20ba75724f47150a4f33461387facf02aad,733683,510
MeshMamba_rgb_texture_PoloTeamShirt_v2_L3/fixations.json,1b97c3d942d1d2ce6c9ba05b1d3e5487089331fa9c70f4bbb767fec2c9d21c1e,725063,510
MeshMamba_rgb_texture_Possum_wooden_v1_L3/fixations.json,116c4faab01a21febe96115ae1f89052ed6bee7ba5247c188ca4b615e4ce6238,751421,510
MeshMamba_rgb_texture_Raptor_Claw_Fossil_v2_L3/fixations.json,f1e019f904e92cf38118933ba1bea8b868367d57d50c2d57012a505c4b39f6ff,727471,510
MeshMamba_rgb_texture_Rhinoceros_v1_L3/fixations.json,cbabb5d9d7ab348016c0277b6cbe5b4d38d194c214174c29db8ac27f091f9117,736026,510
MeshMamba_rgb_texture_Rocket_Ship_v1_L3/fixations.json,8532fe9d525a37bc0afaf6b2e1b3da907e3a3b63eb3a76647704dab4dac807f0,724379,510
MeshMamba_rgb_texture_Rubber_Duck_v1_L3/fixations.json,345614aa1b5ea2d8777d50f0d6f5c0eba346170cfad1689f724eb8636277246c,776422,510
MeshMamba_rgb_texture_SLR_Camera_V1_L3/fixations.json,4a305455425afd2695d42e33a5b74d8ede3fcf062f421ab092f0533926e5b413,737440,510
MeshMamba_rgb_texture_SeaHorse_v2_L3/fixations.json,b04bbac587ef7ecef8b11d073985fcb987dcb3448dc005fc28db27b17d173ef9,744716,510
MeshMamba_rgb_texture_Seagull_v1_L3/fixations.json,958425d090c5b6b6cbcdaa3c529ac2875d8866c09766b88a2ad528c313e2e290,739654,510
MeshMamba_rgb_texture_Seal_wooden_v1_L3/fixations.json,1cc349ba47fdb6541e359f4ef073e1a979238eb2d63c8fb14c7126ff9dad2440,729231,510
MeshMamba_rgb_texture_Sheep_doll_v1_L3/fixations.json,b4439a66aa5b8827d20d5ef9fe649852fcfa547fea4f3165911ef1ce4b121334,753142,510
MeshMamba_rgb_texture_SittingBaby_v1_L1/fixations.json,5a84a19c1cd33e9ee843aa56f077687a0fb977ffce24c5bd7e58e4b4e5271a12,724196,510
MeshMamba_rgb_texture_Sitting_inside_an_egg_v1_L1/fixations.json,6df2393a7737de769956996645f59dae7bcc93d8f74616ea99df6aa38087cfeb,744111,510
MeshMamba_rgb_texture_Soda_Can_v3_L3/fixations.json,a85569b67fbcc3c884fb234cfb660778516bb0d3be52855598970e9600b2a883,747018,510
MeshMamba_rgb_texture_Spark_Plug_v1_L3/fixations.json,4915daa4d01614d5763c5e8d1589c0b9ab182f23bb1a6b2d6b07f93cd7b5fa89,753723,510
MeshMamba_rgb_texture_Spinning_Top_v1_L3/fixations.json,7b29eedd1827e852c655af5ff0a0f6a919792f33e05a9dd9c353a0cfdce16fb1,764132,510
MeshMamba_rgb_texture_Squirrel_wooden_v2_L3/fixations.json,712f8168c9a58add1ebd76d4000ac391fb5958a8a245d68469e948af8943a9c0,760958,510
MeshMamba_rgb_texture_StandingBaby_v2_L1/fixations.json,e156f6b8289bcaf8373dfc9c5e8647e883caf9a6f94ff092e3484f255922d60f,722273,510
MeshMamba_rgb_texture_Starfruit_L3/fixations.json,fc427daa7651771ce168c6204629e37c37b890d13bb6027354825f7c6fefc8e5,719790,510
MeshMamba_rgb_texture_Statue_v1_L2_David/fixations.json,814b90410affe74fbc26509da0c1f5fa45f632c9a3eff9106e47a3c0087fab32,740861,510
MeshMamba_rgb_texture_Statue_v1_L2_Venus/fixations.json,99bb9c99ea229bef908fb415a4c872b2741e6538c259c75ce046892c996d6876,718688,510
MeshMamba_rgb_texture_Statue_v1_L3_eagle/fixations.json,d0c496007d0ac39f2fec59b03e20a3da6510b119d3aeca7f716f7b89b8922cce,736304,510
MeshMamba_rgb_texture_Statue_willendorf_V1_L3/fixations.json,6ac0c79807df551881aa183fdecd028a7221c45539e3470eb466deef7f50b6ff,787512,510
MeshMamba_rgb_texture_Stone_Chess_Bishop_Side_A_v2_L1/fixations.json,fe9748312ece1309a219255aa9d7c688399652ad00f795090fa5f9f504dcfdad,745118,510
MeshMamba_rgb_texture_Stone_Chess_Knight_Side_A_v2_L1/fixations.json,baa79eef101fc988f3387d03756388e5f8a0abe0a9dc91f6d9c7b055609c1268,726961,510
MeshMamba_rgb_texture_TomatoBeefSteak_V1_L3/fixations.json,a9cc27fb42f2c02cc78d9e0f7c39d86bf19414378c1720fe2de01672e15a6cd1,748321,510
MeshMamba_rgb_texture_Tricorn_Hat_v1_L2/fixations.json,535ad94f93338d9c923961bf8d9de504a68c4d13101e63724acbd4378e740f11,727584,510
MeshMamba_rgb_texture_UFO_v1_L2/fixations.json,c6db5cb2208c158da9c0a387f591833265d03290445e0e3ccbe585f0329ff1fc,767881,510
MeshMamba_rgb_texture_Volto_Mask_v1_L2/fixations.json,cb1485774472e18616ac84d2d5a247773f32de16c0b7ee213b6a6553cf8aa0e0,727714,510
MeshMamba_rgb_texture_WWII_Plane-Germany_Focke-Wulf_Fw_190_v1/fixations.json,4139c09f8c1bba62d909ea40776688ed03bebebf190d246c027ea534cd69a661,733138,510
MeshMamba_rgb_texture_Watermelon_V1_L3/fixations.json,3a427cdb7085959dbe2b5f20e4f9e00e12b01d1da81c93bbe5b0fd3514372f1b,729907,510
MeshMamba_rgb_texture_Whale_v4_L3/fixations.json,9ec9e9ec09b8edc4e7c3a995b6ed19fcf3c77a4a68f7f5887fbbb25b768b8ea2,732090,510
MeshMamba_rgb_texture_White-TailedDeer_V1_L2/fixations.json,a4de5fba86bd00ece7bc4f13c0862b975d6d2e8b250874345c400a69870f6368,760452,510
MeshMamba_rgb_texture_Wicker_Basket_v1_L3/fixations.json,4507f9e9743f3c0682309dbf53489a40e787aeb5df7b13572d58a94c75b6c003,797447,510
MeshMamba_rgb_texture_ball_car_v1_L3/fixations.json,3cab741d3cc3f2e55fa1a6233e5f610eeab4f487bd5c7fd7124fbef5b6d1f79b,746415,510
MeshMamba_rgb_texture_barbiegirl_V1_L3/fixations.json,24fd5d6cc4fda4852e7a392d4af396e6d36fff61773015e3b3eb231fa800d13c,719152,510
MeshMamba_rgb_texture_cathedral_wood_radio_v2_L1/fixations.json,370a46fb396097ce68fa77a75db4bce25f7c5d0841491187ae8b581a313f0e99,731943,510
MeshMamba_rgb_texture_doll_v3_L3/fixations.json,bb3aa2d43fecbf083c8c371b4679a018bdc83913e8248585ecb17b4fbaf8136e,746959,510
MeshMamba_rgb_texture_dolphin_v1_L3/fixations.json,532729e28b0286a594e3447d5ad3bf00e45bffd929d01bff995f407c6ac341dd,736541,510
MeshMamba_rgb_texture_egypt_sphinx_V2_L3/fixations.json,8534b234126de2253f4e4b471387ed7caf0d7d22f3f354f467ad5fa5b3a223da,755167,510
MeshMamba_rgb_texture_football_v2_L3/fixations.json,f900c03303b9db0c4bc322420bf67ea40a6914d2b80811b79f616c200cef6333,769166,510
MeshMamba_rgb_texture_modern_tabletop_radio_v1_L1/fixations.json,6624c22cabf3fe9060a8594f3bf382ba22035719d898416ee17181b3a53db50a,734796,510
MeshMamba_rgb_texture_robot_v1_L3/fixations.json,b6202db3d70d244da177b83ae4353e05c1c966c6eea703ffb8eb932ee0a1ea64,722832,510
MeshMamba_rgb_texture_statue_Terracotta_squat_v2_L1/fixations.json,0d9b4dde6c981ed177adbd77e3e057818bb8d189254c49e82afc705e72e6c457,764656,510
MeshMamba_rgb_texture_statue_Terracotta_v2_l1/fixations.json,76677e819076c199f66d3defff6493c936501fd48906fc98b2b65a86de694f87,718702,510
MeshMamba_rgb_texture_stuffed_animal_v1_L2/fixations.json,c0bf9e3c01410e06d81d0547be835f57390489920cbcaa4a97fcd68e81c81016,734189,510
MeshMamba_rgb_texture_watch_digital_v1_L3/fixations.json,49776c50273109ac16706a36e53879dbafc17481e1cc2c0e9b7ad7cfa80485d0,760373,510
SAL3D_A380/fixations.json,3c63ebe8512667fef1a060bd8200edc369eae500b2fe26323098723e1df26d84,1061940,720
SAL3D_MaxPlanck/fixations.json,8a7a02d08e3445ff65beabe4a59a4bdfe2ef65fbecae2d6854b5b475e8b8567b,1059372,720
SAL3D_alien/fixations.json,666882223eb103fd871515321a67842ed732b6e4ec86a360314d8721967364fc,1037966,720
SAL3D_alien2/fixations.json,52bd3de909ef3feec2331b4dba39035c1100a235023fedcfde2fed8583322956,1006249,720
SAL3D_armadillo/fixations.json,17ec3c47774b69a7d28e383d739546f9ed900a3ebb537661244edd3a22aea785,1062131,720
SAL3D_building/fixations.json,537905d0b4af0452a27d9c81477af17115f883306f10b7a5427760062e176a44,1056637,720
SAL3D_bunny/fixations.json,0e949bb38e7c9d9d893d7f17775e0886cb39752b9660f77c3a45bad8612eb12e,1062954,720
SAL3D_camel/fixations.json,14474c77eee39253f2638de345e34f988d605b8fddbf516fdd77f5d8abf348a0,1036627,720
SAL3D_car/fixations.json,6d66d11ad80ce2252343f2d3c1b88e59dbb715bdce5a0943242824b94e82b6c0,1034788,720
SAL3D_cart/fixations.json,9380cac8ab75a8124be67c2f589cede035dd872a15b540a3e65166f652d5e81e,1020535,720
SAL3D_carter/fixations.json,4d69d5913cacee1647dd34f229e44456f5fa524003865f8319a4b8c43090ecd0,1035860,720
SAL3D_casting/fixations.json,69bc973729fa2a97767f2d936d11d5467fe349daf2d9eecaee0a97e4ecdb2e87,1030990,720
SAL3D_cat/fixations.json,a9c2854dbf669c77fdc1a41e462daabf3212ed8303f75d13a67e1c280a4fa761,1033207,720
SAL3D_centauro/fixations.json,dc4d342a2bc81a4b0f15cdda02e502d4de18a933c3510e3a712e15468215a6dc,1039534,720
SAL3D_chair/fixations.json,a96f09600826b018eb9ed27be5907007dfb7a431bfcb4e7be563666cc07d2ac0,1030153,720
SAL3D_chicken/fixations.json,6e905ad96828df6427f69191055dc5490327c5f1078d6c82f365326b6175a094,1037303,720
SAL3D_cow/fixations.json,3857bf65b19f18ebea2c03de07092c1c00319616fcf2d26e9de6ad17e942a80f,1030191,720
SAL3D_dinosaur/fixations.json,140ee6c72e4589ae74af4087822530db75637ab09308e956f4a456932fb6b975,1041889,720
SAL3D_dog/fixations.json,d2cef7f577c7d404daf773ff26094e39124bc2ab1df051ef053fdc84e86e9c20,1036057,720
SAL3D_dragon/fixations.json,f8c2ca46dba8532898b1bd779dbfb4f1ca4579d267508b702061fcedb4c52a85,1065910,720
SAL3D_facestatue/fixations.json,643ec7041853f4199ce02da3720d6eed679e32d74ae32ca2ded5464cded1556c,1031847,720
SAL3D_fandisk/fixations.json,53da8bf4e5b45ad8c5f3c9d47f84ca3c698f09ec97d13c274e7057cd5b256978,1110585,720
SAL3D_flowerpot/fixations.json,6e2b5d3853b80febbf0c38c466677d79dc413ac3b455a8cc6706cf9fa7d6b4d3,1015791,720
SAL3D_footballplayer/fixations.json,a9893afba58e538b0f78952e23c95007fb5c252534254ccf3d5d59473390d72a,1024866,720
SAL3D_gamecontroller/fixations.json,3afdef0db3c5859da11472c769f535fbd6cafddf69b3cbfbaf4b8f73cda6cfe0,1068549,720
SAL3D_gorilla/fixations.json,7cbfd8dfb95b8799615370c9b928ca97fe5ae77c09024a1b89281698b2343936,1060644,720
SAL3D_hand/fixations.json,85bdfa476d484854dd1474cf16e0eafe16d9f4257a2a2947334722d7dfe9e38b,1023588,720
SAL3D_harley/fixations.json,802c7f9c894767a17823f50fef5a1a6b7ac2b8f185459cefa9af5f453d0bea70,1032546,720
SAL3D_hay/fixations.json,c427a6cfd5b02527fe1a8ed3ffd51b6cf103ddd83f2923f614794482f9b13d13,1022441,720
SAL3D_horse/fixations.json,d1c985140c70174bed80bbe63c46f3738da3d4761a6b8ad014746c30729a8d8c,1035709,720
SAL3D_house/fixations.json,b48862d061d52b28ead9ce409622be07904986680ca8f9bd8005f9c254f220be,1058791,720
SAL3D_igea/fixations.json,0b692cee8179e804291be20e0fc1494130dcbab6d27cfcee99c8278f106167e3,1033407,720
SAL3D_james/fixations.json,bb8bbc460f60d06d43872ee8b2bb867ad84c63ce135cf3ecd3ea6536563ebdbd,1016533,720
SAL3D_jessi/fixations.json,d18163e2ef93254cf393f2201d0685ccb51bd4efcbbaeba529f814bf4b82a649,1035805,720
SAL3D_lion/fixations.json,25fd4953426ef8425c8ec8194fef85303eb3c9fb66090dc1c8d3a4c8c114d57a,1061300,720
SAL3D_meca/fixations.json,889883a08ef2ecbd646ba17d1889dcce583249d42e7e5649964499264764c98c,1029757,720
SAL3D_michael3/fixations.json,19cbc784f634dc6cdd726e04ec50ee314bbaa3d3aa53d8eb2bade866dc9d8184,1053965,720
SAL3D_michael8/fixations.json,0a4c807532438bf06b9b1cd490f9aef440a05dfb6edf8139a05019aef96a5869,1039431,720
SAL3D_octopus/fixations.json,a57b1dd8fee908ea4eb65c8b2ca5fa2346d794157290dc21e83e20b9d1b98f58,1029996,720
SAL3D_prot/fixations.json,7ec62e41b51de75c02709f04db8903f4982859d88eea096ea0aef2c4bb1861d7,1025155,720
SAL3D_ring/fixations.json,c30ff89b9a6d4af5caa2ab9df3f40173af4d5aeddd404d70cd5ffe0514dc2d89,1026031,720
SAL3D_ringdragon/fixations.json,ae069683caee1356ab26f7c0d2be4585d1c086b7d4aaa0e0a2c2d07d831eec34,1028295,720
SAL3D_rockerarm/fixations.json,609cb55218538ee18630f605271a1991a09b24107398b190421b2276e3bbbc3a,1143618,720
SAL3D_skull/fixations.json,dcd2a0aa4b4597ae73f247e3ebe6de5814c739e4f7ca7e4955c207fbf408a4de,1065769,720
SAL3D_sofa/fixations.json,3407cb08a7e7a2dbe4f09e9495428703eeedab5a296a5be26b7d3ec9ca0cb85e,1029993,720
SAL3D_spaceshuttle/fixations.json,50c54fb01186bfc4275c231210c89d9097b4f5d6b8c1d778641888b58cc7e4b5,1062215,720
SAL3D_spanner/fixations.json,ce28c5241625c7b6965a11adc71032c60029b6315fd79a2d3bb1751fe2110d68,1019978,720
SAL3D_starfish/fixations.json,4bf98b2594472ff3eb19ec6165e1836923c4b979c788a9c054933e98e9fc16da,1053013,720
SAL3D_teapot/fixations.json,32104194ef8df5262982605f3a32b7a1ec0236a7c041bf930e2a5546b6f66090,1026526,720
SAL3D_torso/fixations.json,51b2aae20b82b39f778ea7492af3a5ca0f8a1dc3c932f85fabe6a1cebd14b544,1023422,720
SAL3D_triceratop/fixations.json,34d95df526fd328f08909f8f09ec534ce65c20a2301fbe2b9ed26f869eb94469,1030870,720
SAL3D_turbine/fixations.json,2ddce8414a99f5d3fb7321180db667e376d6cc8c4f6576551435994d65e007e1,1029758,720
SAL3D_vase/fixations.json,1e8babd8b33adaaea9f39438d6c8d5303293b456bfd879f3af0e71a2f60d8d27,1019858,720
SAL3D_victoria/fixations.json,bd62de24cf45ca4f28fe9fa6f853cd3ba5beef2c83fe8c77fe12aa99b6a5cbd0,1017005,720
SAL3D_watchtower/fixations.json,c6c65089948968bb4974d157854370b48a1f9944e5d59a2cc057e80363743e61,1086791,720
SAL3D_wolf/fixations.json,44408db71fa5558177b2a681f2087c5f6509808ad941df18ab498a611f80555d,1037777,720
